Command line invocation:
    /Applications/Xcode.app/Contents/Developer/usr/bin/xcodebuild -workspace PaymentsdkExample.xcworkspace -scheme PaymentsdkExample -configuration Debug -sdk iphonesimulator -destination "platform=iOS Simulator,name=iPhone 17,OS=26.2" build

Build settings from command line:
    SDKROOT = iphonesimulator26.2

--- xcodebuild: WARNING: Using the first of multiple matching destinations:
{ platform:iOS Simulator, arch:arm64, id:776A1EEA-438E-442A-8C33-D0873C2CD832, OS:26.2, name:iPhone 17 }
{ platform:iOS Simulator, arch:x86_64, id:776A1EEA-438E-442A-8C33-D0873C2CD832, OS:26.2, name:iPhone 17 }
ComputePackagePrebuildTargetDependencyGraph

Prepare packages

CreateBuildRequest

SendProjectDescription

CreateBuildOperation

ComputeTargetDependencyGraph
note: Building targets in dependency order
note: Target dependency graph (77 targets)
    Target 'PaymentsdkExample' in project 'PaymentsdkExample'
        ➜ Implicit dependency on target 'Pods-PaymentsdkExample' in project 'Pods' via file 'libPods-PaymentsdkExample.a' in build phase 'Link Binary'
        ➜ Implicit dependency on target 'DoubleConversion' in project 'Pods' via options '-lDoubleConversion' in build setting 'OTHER_LDFLAGS'
        ➜ Implicit dependency on target 'RCT-Folly' in project 'Pods' via options '-lRCT-Folly' in build setting 'OTHER_LDFLAGS'
        ➜ Implicit dependency on target 'RCTDeprecation' in project 'Pods' via options '-lRCTDeprecation' in build setting 'OTHER_LDFLAGS'
        ➜ Implicit dependency on target 'RCTTypeSafety' in project 'Pods' via options '-lRCTTypeSafety' in build setting 'OTHER_LDFLAGS'
        ➜ Implicit dependency on target 'React-Core' in project 'Pods' via options '-lReact-Core' in build setting 'OTHER_LDFLAGS'
        ➜ Implicit dependency on target 'React-CoreModules' in project 'Pods' via options '-lReact-CoreModules' in build setting 'OTHER_LDFLAGS'
        ➜ Implicit dependency on target 'React-Fabric' in project 'Pods' via options '-lReact-Fabric' in build setting 'OTHER_LDFLAGS'
        ➜ Implicit dependency on target 'React-FabricComponents' in project 'Pods' via options '-lReact-FabricComponents' in build setting 'OTHER_LDFLAGS'
        ➜ Implicit dependency on target 'React-FabricImage' in project 'Pods' via options '-lReact-FabricImage' in build setting 'OTHER_LDFLAGS'
        ➜ Implicit dependency on target 'React-ImageManager' in project 'Pods' via options '-lReact-ImageManager' in build setting 'OTHER_LDFLAGS'
        ➜ Implicit dependency on target 'React-Mapbuffer' in project 'Pods' via options '-lReact-Mapbuffer' in build setting 'OTHER_LDFLAGS'
        ➜ Implicit dependency on target 'React-NativeModulesApple' in project 'Pods' via options '-lReact-NativeModulesApple' in build setting 'OTHER_LDFLAGS'
        ➜ Implicit dependency on target 'React-RCTAnimation' in project 'Pods' via options '-lReact-RCTAnimation' in build setting 'OTHER_LDFLAGS'
        ➜ Implicit dependency on target 'React-RCTAppDelegate' in project 'Pods' via options '-lReact-RCTAppDelegate' in build setting 'OTHER_LDFLAGS'
        ➜ Implicit dependency on target 'React-RCTBlob' in project 'Pods' via options '-lReact-RCTBlob' in build setting 'OTHER_LDFLAGS'
        ➜ Implicit dependency on target 'React-RCTFBReactNativeSpec' in project 'Pods' via options '-lReact-RCTFBReactNativeSpec' in build setting 'OTHER_LDFLAGS'
        ➜ Implicit dependency on target 'React-RCTFabric' in project 'Pods' via options '-lReact-RCTFabric' in build setting 'OTHER_LDFLAGS'
        ➜ Implicit dependency on target 'React-RCTImage' in project 'Pods' via options '-lReact-RCTImage' in build setting 'OTHER_LDFLAGS'
        ➜ Implicit dependency on target 'React-RCTLinking' in project 'Pods' via options '-lReact-RCTLinking' in build setting 'OTHER_LDFLAGS'
        ➜ Implicit dependency on target 'React-RCTNetwork' in project 'Pods' via options '-lReact-RCTNetwork' in build setting 'OTHER_LDFLAGS'
        ➜ Implicit dependency on target 'React-RCTRuntime' in project 'Pods' via options '-lReact-RCTRuntime' in build setting 'OTHER_LDFLAGS'
        ➜ Implicit dependency on target 'React-RCTSettings' in project 'Pods' via options '-lReact-RCTSettings' in build setting 'OTHER_LDFLAGS'
        ➜ Implicit dependency on target 'React-RCTText' in project 'Pods' via options '-lReact-RCTText' in build setting 'OTHER_LDFLAGS'
        ➜ Implicit dependency on target 'React-RCTVibration' in project 'Pods' via options '-lReact-RCTVibration' in build setting 'OTHER_LDFLAGS'
        ➜ Implicit dependency on target 'React-RuntimeApple' in project 'Pods' via options '-lReact-RuntimeApple' in build setting 'OTHER_LDFLAGS'
        ➜ Implicit dependency on target 'React-RuntimeCore' in project 'Pods' via options '-lReact-RuntimeCore' in build setting 'OTHER_LDFLAGS'
        ➜ Implicit dependency on target 'React-RuntimeHermes' in project 'Pods' via options '-lReact-RuntimeHermes' in build setting 'OTHER_LDFLAGS'
        ➜ Implicit dependency on target 'React-cxxreact' in project 'Pods' via options '-lReact-cxxreact' in build setting 'OTHER_LDFLAGS'
        ➜ Implicit dependency on target 'React-debug' in project 'Pods' via options '-lReact-debug' in build setting 'OTHER_LDFLAGS'
        ➜ Implicit dependency on target 'React-defaultsnativemodule' in project 'Pods' via options '-lReact-defaultsnativemodule' in build setting 'OTHER_LDFLAGS'
        ➜ Implicit dependency on target 'React-domnativemodule' in project 'Pods' via options '-lReact-domnativemodule' in build setting 'OTHER_LDFLAGS'
        ➜ Implicit dependency on target 'React-featureflags' in project 'Pods' via options '-lReact-featureflags' in build setting 'OTHER_LDFLAGS'
        ➜ Implicit dependency on target 'React-featureflagsnativemodule' in project 'Pods' via options '-lReact-featureflagsnativemodule' in build setting 'OTHER_LDFLAGS'
        ➜ Implicit dependency on target 'React-graphics' in project 'Pods' via options '-lReact-graphics' in build setting 'OTHER_LDFLAGS'
        ➜ Implicit dependency on target 'React-hermes' in project 'Pods' via options '-lReact-hermes' in build setting 'OTHER_LDFLAGS'
        ➜ Implicit dependency on target 'React-idlecallbacksnativemodule' in project 'Pods' via options '-lReact-idlecallbacksnativemodule' in build setting 'OTHER_LDFLAGS'
        ➜ Implicit dependency on target 'React-jserrorhandler' in project 'Pods' via options '-lReact-jserrorhandler' in build setting 'OTHER_LDFLAGS'
        ➜ Implicit dependency on target 'React-jsi' in project 'Pods' via options '-lReact-jsi' in build setting 'OTHER_LDFLAGS'
        ➜ Implicit dependency on target 'React-jsiexecutor' in project 'Pods' via options '-lReact-jsiexecutor' in build setting 'OTHER_LDFLAGS'
        ➜ Implicit dependency on target 'React-jsinspector' in project 'Pods' via options '-lReact-jsinspector' in build setting 'OTHER_LDFLAGS'
        ➜ Implicit dependency on target 'React-jsinspectortracing' in project 'Pods' via options '-lReact-jsinspectortracing' in build setting 'OTHER_LDFLAGS'
        ➜ Implicit dependency on target 'React-jsitooling' in project 'Pods' via options '-lReact-jsitooling' in build setting 'OTHER_LDFLAGS'
        ➜ Implicit dependency on target 'React-jsitracing' in project 'Pods' via options '-lReact-jsitracing' in build setting 'OTHER_LDFLAGS'
        ➜ Implicit dependency on target 'React-logger' in project 'Pods' via options '-lReact-logger' in build setting 'OTHER_LDFLAGS'
        ➜ Implicit dependency on target 'React-microtasksnativemodule' in project 'Pods' via options '-lReact-microtasksnativemodule' in build setting 'OTHER_LDFLAGS'
        ➜ Implicit dependency on target 'React-oscompat' in project 'Pods' via options '-lReact-oscompat' in build setting 'OTHER_LDFLAGS'
        ➜ Implicit dependency on target 'React-perflogger' in project 'Pods' via options '-lReact-perflogger' in build setting 'OTHER_LDFLAGS'
        ➜ Implicit dependency on target 'React-performancetimeline' in project 'Pods' via options '-lReact-performancetimeline' in build setting 'OTHER_LDFLAGS'
        ➜ Implicit dependency on target 'React-rendererconsistency' in project 'Pods' via options '-lReact-rendererconsistency' in build setting 'OTHER_LDFLAGS'
        ➜ Implicit dependency on target 'React-renderercss' in project 'Pods' via options '-lReact-renderercss' in build setting 'OTHER_LDFLAGS'
        ➜ Implicit dependency on target 'React-rendererdebug' in project 'Pods' via options '-lReact-rendererdebug' in build setting 'OTHER_LDFLAGS'
        ➜ Implicit dependency on target 'React-runtimescheduler' in project 'Pods' via options '-lReact-runtimescheduler' in build setting 'OTHER_LDFLAGS'
        ➜ Implicit dependency on target 'React-utils' in project 'Pods' via options '-lReact-utils' in build setting 'OTHER_LDFLAGS'
        ➜ Implicit dependency on target 'ReactAppDependencyProvider' in project 'Pods' via options '-lReactAppDependencyProvider' in build setting 'OTHER_LDFLAGS'
        ➜ Implicit dependency on target 'ReactCodegen' in project 'Pods' via options '-lReactCodegen' in build setting 'OTHER_LDFLAGS'
        ➜ Implicit dependency on target 'ReactCommon' in project 'Pods' via options '-lReactCommon' in build setting 'OTHER_LDFLAGS'
        ➜ Implicit dependency on target 'SocketRocket' in project 'Pods' via options '-lSocketRocket' in build setting 'OTHER_LDFLAGS'
        ➜ Implicit dependency on target 'Yoga' in project 'Pods' via options '-lYoga' in build setting 'OTHER_LDFLAGS'
        ➜ Implicit dependency on target 'fmt' in project 'Pods' via options '-lfmt' in build setting 'OTHER_LDFLAGS'
        ➜ Implicit dependency on target 'glog' in project 'Pods' via options '-lglog' in build setting 'OTHER_LDFLAGS'
    Target 'Pods-PaymentsdkExample' in project 'Pods'
        ➜ Explicit dependency on target 'DoubleConversion' in project 'Pods'
        ➜ Explicit dependency on target 'FBLazyVector' in project 'Pods'
        ➜ Explicit dependency on target 'RCT-Folly' in project 'Pods'
        ➜ Explicit dependency on target 'RCTDeprecation' in project 'Pods'
        ➜ Explicit dependency on target 'RCTRequired' in project 'Pods'
        ➜ Explicit dependency on target 'RCTTypeSafety' in project 'Pods'
        ➜ Explicit dependency on target 'React' in project 'Pods'
        ➜ Explicit dependency on target 'React-Core' in project 'Pods'
        ➜ Explicit dependency on target 'React-CoreModules' in project 'Pods'
        ➜ Explicit dependency on target 'React-Fabric' in project 'Pods'
        ➜ Explicit dependency on target 'React-FabricComponents' in project 'Pods'
        ➜ Explicit dependency on target 'React-FabricImage' in project 'Pods'
        ➜ Explicit dependency on target 'React-ImageManager' in project 'Pods'
        ➜ Explicit dependency on target 'React-Mapbuffer' in project 'Pods'
        ➜ Explicit dependency on target 'React-NativeModulesApple' in project 'Pods'
        ➜ Explicit dependency on target 'React-RCTActionSheet' in project 'Pods'
        ➜ Explicit dependency on target 'React-RCTAnimation' in project 'Pods'
        ➜ Explicit dependency on target 'React-RCTAppDelegate' in project 'Pods'
        ➜ Explicit dependency on target 'React-RCTBlob' in project 'Pods'
        ➜ Explicit dependency on target 'React-RCTFBReactNativeSpec' in project 'Pods'
        ➜ Explicit dependency on target 'React-RCTFabric' in project 'Pods'
        ➜ Explicit dependency on target 'React-RCTImage' in project 'Pods'
        ➜ Explicit dependency on target 'React-RCTLinking' in project 'Pods'
        ➜ Explicit dependency on target 'React-RCTNetwork' in project 'Pods'
        ➜ Explicit dependency on target 'React-RCTRuntime' in project 'Pods'
        ➜ Explicit dependency on target 'React-RCTSettings' in project 'Pods'
        ➜ Explicit dependency on target 'React-RCTText' in project 'Pods'
        ➜ Explicit dependency on target 'React-RCTVibration' in project 'Pods'
        ➜ Explicit dependency on target 'React-RuntimeApple' in project 'Pods'
        ➜ Explicit dependency on target 'React-RuntimeCore' in project 'Pods'
        ➜ Explicit dependency on target 'React-RuntimeHermes' in project 'Pods'
        ➜ Explicit dependency on target 'React-callinvoker' in project 'Pods'
        ➜ Explicit dependency on target 'React-cxxreact' in project 'Pods'
        ➜ Explicit dependency on target 'React-debug' in project 'Pods'
        ➜ Explicit dependency on target 'React-defaultsnativemodule' in project 'Pods'
        ➜ Explicit dependency on target 'React-domnativemodule' in project 'Pods'
        ➜ Explicit dependency on target 'React-featureflags' in project 'Pods'
        ➜ Explicit dependency on target 'React-featureflagsnativemodule' in project 'Pods'
        ➜ Explicit dependency on target 'React-graphics' in project 'Pods'
        ➜ Explicit dependency on target 'React-hermes' in project 'Pods'
        ➜ Explicit dependency on target 'React-idlecallbacksnativemodule' in project 'Pods'
        ➜ Explicit dependency on target 'React-jserrorhandler' in project 'Pods'
        ➜ Explicit dependency on target 'React-jsi' in project 'Pods'
        ➜ Explicit dependency on target 'React-jsiexecutor' in project 'Pods'
        ➜ Explicit dependency on target 'React-jsinspector' in project 'Pods'
        ➜ Explicit dependency on target 'React-jsinspectortracing' in project 'Pods'
        ➜ Explicit dependency on target 'React-jsitooling' in project 'Pods'
        ➜ Explicit dependency on target 'React-jsitracing' in project 'Pods'
        ➜ Explicit dependency on target 'React-logger' in project 'Pods'
        ➜ Explicit dependency on target 'React-microtasksnativemodule' in project 'Pods'
        ➜ Explicit dependency on target 'React-oscompat' in project 'Pods'
        ➜ Explicit dependency on target 'React-perflogger' in project 'Pods'
        ➜ Explicit dependency on target 'React-performancetimeline' in project 'Pods'
        ➜ Explicit dependency on target 'React-rendererconsistency' in project 'Pods'
        ➜ Explicit dependency on target 'React-renderercss' in project 'Pods'
        ➜ Explicit dependency on target 'React-rendererdebug' in project 'Pods'
        ➜ Explicit dependency on target 'React-rncore' in project 'Pods'
        ➜ Explicit dependency on target 'React-runtimeexecutor' in project 'Pods'
        ➜ Explicit dependency on target 'React-runtimescheduler' in project 'Pods'
        ➜ Explicit dependency on target 'React-timing' in project 'Pods'
        ➜ Explicit dependency on target 'React-utils' in project 'Pods'
        ➜ Explicit dependency on target 'ReactAppDependencyProvider' in project 'Pods'
        ➜ Explicit dependency on target 'ReactCodegen' in project 'Pods'
        ➜ Explicit dependency on target 'ReactCommon' in project 'Pods'
        ➜ Explicit dependency on target 'SocketRocket' in project 'Pods'
        ➜ Explicit dependency on target 'Yoga' in project 'Pods'
        ➜ Explicit dependency on target 'boost' in project 'Pods'
        ➜ Explicit dependency on target 'fast_float' in project 'Pods'
        ➜ Explicit dependency on target 'fmt' in project 'Pods'
        ➜ Explicit dependency on target 'glog' in project 'Pods'
        ➜ Explicit dependency on target 'hermes-engine' in project 'Pods'
    Target 'ReactAppDependencyProvider' in project 'Pods'
        ➜ Explicit dependency on target 'ReactCodegen' in project 'Pods'
    Target 'ReactCodegen' in project 'Pods'
        ➜ Explicit dependency on target 'DoubleConversion' in project 'Pods'
        ➜ Explicit dependency on target 'RCT-Folly' in project 'Pods'
        ➜ Explicit dependency on target 'RCTRequired' in project 'Pods'
        ➜ Explicit dependency on target 'RCTTypeSafety' in project 'Pods'
        ➜ Explicit dependency on target 'React-Core' in project 'Pods'
        ➜ Explicit dependency on target 'React-Fabric' in project 'Pods'
        ➜ Explicit dependency on target 'React-FabricImage' in project 'Pods'
        ➜ Explicit dependency on target 'React-NativeModulesApple' in project 'Pods'
        ➜ Explicit dependency on target 'React-RCTAppDelegate' in project 'Pods'
        ➜ Explicit dependency on target 'React-debug' in project 'Pods'
        ➜ Explicit dependency on target 'React-featureflags' in project 'Pods'
        ➜ Explicit dependency on target 'React-graphics' in project 'Pods'
        ➜ Explicit dependency on target 'React-hermes' in project 'Pods'
        ➜ Explicit dependency on target 'React-jsi' in project 'Pods'
        ➜ Explicit dependency on target 'React-jsiexecutor' in project 'Pods'
        ➜ Explicit dependency on target 'React-rendererdebug' in project 'Pods'
        ➜ Explicit dependency on target 'React-utils' in project 'Pods'
        ➜ Explicit dependency on target 'ReactCommon' in project 'Pods'
        ➜ Explicit dependency on target 'glog' in project 'Pods'
        ➜ Explicit dependency on target 'hermes-engine' in project 'Pods'
    Target 'React-rncore' in project 'Pods' (no dependencies)
    Target 'React-RCTAppDelegate' in project 'Pods'
        ➜ Explicit dependency on target 'RCT-Folly' in project 'Pods'
        ➜ Explicit dependency on target 'RCTRequired' in project 'Pods'
        ➜ Explicit dependency on target 'RCTTypeSafety' in project 'Pods'
        ➜ Explicit dependency on target 'React-Core' in project 'Pods'
        ➜ Explicit dependency on target 'React-CoreModules' in project 'Pods'
        ➜ Explicit dependency on target 'React-Fabric' in project 'Pods'
        ➜ Explicit dependency on target 'React-NativeModulesApple' in project 'Pods'
        ➜ Explicit dependency on target 'React-RCTFBReactNativeSpec' in project 'Pods'
        ➜ Explicit dependency on target 'React-RCTFabric' in project 'Pods'
        ➜ Explicit dependency on target 'React-RCTImage' in project 'Pods'
        ➜ Explicit dependency on target 'React-RCTNetwork' in project 'Pods'
        ➜ Explicit dependency on target 'React-RCTRuntime' in project 'Pods'
        ➜ Explicit dependency on target 'React-RuntimeApple' in project 'Pods'
        ➜ Explicit dependency on target 'React-RuntimeCore' in project 'Pods'
        ➜ Explicit dependency on target 'React-debug' in project 'Pods'
        ➜ Explicit dependency on target 'React-defaultsnativemodule' in project 'Pods'
        ➜ Explicit dependency on target 'React-featureflags' in project 'Pods'
        ➜ Explicit dependency on target 'React-graphics' in project 'Pods'
        ➜ Explicit dependency on target 'React-hermes' in project 'Pods'
        ➜ Explicit dependency on target 'React-jsitooling' in project 'Pods'
        ➜ Explicit dependency on target 'React-rendererdebug' in project 'Pods'
        ➜ Explicit dependency on target 'React-runtimescheduler' in project 'Pods'
        ➜ Explicit dependency on target 'React-utils' in project 'Pods'
        ➜ Explicit dependency on target 'ReactCommon' in project 'Pods'
        ➜ Explicit dependency on target 'hermes-engine' in project 'Pods'
    Target 'React-defaultsnativemodule' in project 'Pods'
        ➜ Explicit dependency on target 'RCT-Folly' in project 'Pods'
        ➜ Explicit dependency on target 'React-RCTFBReactNativeSpec' in project 'Pods'
        ➜ Explicit dependency on target 'React-domnativemodule' in project 'Pods'
        ➜ Explicit dependency on target 'React-featureflagsnativemodule' in project 'Pods'
        ➜ Explicit dependency on target 'React-hermes' in project 'Pods'
        ➜ Explicit dependency on target 'React-idlecallbacksnativemodule' in project 'Pods'
        ➜ Explicit dependency on target 'React-jsi' in project 'Pods'
        ➜ Explicit dependency on target 'React-jsiexecutor' in project 'Pods'
        ➜ Explicit dependency on target 'React-microtasksnativemodule' in project 'Pods'
        ➜ Explicit dependency on target 'hermes-engine' in project 'Pods'
    Target 'React-microtasksnativemodule' in project 'Pods'
        ➜ Explicit dependency on target 'RCT-Folly' in project 'Pods'
        ➜ Explicit dependency on target 'React-RCTFBReactNativeSpec' in project 'Pods'
        ➜ Explicit dependency on target 'React-hermes' in project 'Pods'
        ➜ Explicit dependency on target 'React-jsi' in project 'Pods'
        ➜ Explicit dependency on target 'React-jsiexecutor' in project 'Pods'
        ➜ Explicit dependency on target 'ReactCommon' in project 'Pods'
        ➜ Explicit dependency on target 'hermes-engine' in project 'Pods'
    Target 'React-idlecallbacksnativemodule' in project 'Pods'
        ➜ Explicit dependency on target 'RCT-Folly' in project 'Pods'
        ➜ Explicit dependency on target 'React-RCTFBReactNativeSpec' in project 'Pods'
        ➜ Explicit dependency on target 'React-hermes' in project 'Pods'
        ➜ Explicit dependency on target 'React-jsi' in project 'Pods'
        ➜ Explicit dependency on target 'React-jsiexecutor' in project 'Pods'
        ➜ Explicit dependency on target 'React-runtimescheduler' in project 'Pods'
        ➜ Explicit dependency on target 'ReactCommon' in project 'Pods'
        ➜ Explicit dependency on target 'glog' in project 'Pods'
        ➜ Explicit dependency on target 'hermes-engine' in project 'Pods'
    Target 'React-featureflagsnativemodule' in project 'Pods'
        ➜ Explicit dependency on target 'RCT-Folly' in project 'Pods'
        ➜ Explicit dependency on target 'React-RCTFBReactNativeSpec' in project 'Pods'
        ➜ Explicit dependency on target 'React-featureflags' in project 'Pods'
        ➜ Explicit dependency on target 'React-hermes' in project 'Pods'
        ➜ Explicit dependency on target 'React-jsi' in project 'Pods'
        ➜ Explicit dependency on target 'React-jsiexecutor' in project 'Pods'
        ➜ Explicit dependency on target 'ReactCommon' in project 'Pods'
        ➜ Explicit dependency on target 'hermes-engine' in project 'Pods'
    Target 'React-domnativemodule' in project 'Pods'
        ➜ Explicit dependency on target 'RCT-Folly' in project 'Pods'
        ➜ Explicit dependency on target 'React-Fabric' in project 'Pods'
        ➜ Explicit dependency on target 'React-FabricComponents' in project 'Pods'
        ➜ Explicit dependency on target 'React-RCTFBReactNativeSpec' in project 'Pods'
        ➜ Explicit dependency on target 'React-graphics' in project 'Pods'
        ➜ Explicit dependency on target 'React-hermes' in project 'Pods'
        ➜ Explicit dependency on target 'React-jsi' in project 'Pods'
        ➜ Explicit dependency on target 'React-jsiexecutor' in project 'Pods'
        ➜ Explicit dependency on target 'ReactCommon' in project 'Pods'
        ➜ Explicit dependency on target 'Yoga' in project 'Pods'
        ➜ Explicit dependency on target 'hermes-engine' in project 'Pods'
    Target 'React-RCTRuntime' in project 'Pods'
        ➜ Explicit dependency on target 'RCT-Folly' in project 'Pods'
        ➜ Explicit dependency on target 'React-Core' in project 'Pods'
        ➜ Explicit dependency on target 'React-RuntimeApple' in project 'Pods'
        ➜ Explicit dependency on target 'React-RuntimeCore' in project 'Pods'
        ➜ Explicit dependency on target 'React-RuntimeHermes' in project 'Pods'
        ➜ Explicit dependency on target 'React-hermes' in project 'Pods'
        ➜ Explicit dependency on target 'React-jsi' in project 'Pods'
        ➜ Explicit dependency on target 'React-jsinspector' in project 'Pods'
        ➜ Explicit dependency on target 'React-jsinspectortracing' in project 'Pods'
        ➜ Explicit dependency on target 'React-jsitooling' in project 'Pods'
        ➜ Explicit dependency on target 'glog' in project 'Pods'
        ➜ Explicit dependency on target 'hermes-engine' in project 'Pods'
    Target 'React-RuntimeApple' in project 'Pods'
        ➜ Explicit dependency on target 'RCT-Folly' in project 'Pods'
        ➜ Explicit dependency on target 'React-Core' in project 'Pods'
        ➜ Explicit dependency on target 'React-CoreModules' in project 'Pods'
        ➜ Explicit dependency on target 'React-Mapbuffer' in project 'Pods'
        ➜ Explicit dependency on target 'React-NativeModulesApple' in project 'Pods'
        ➜ Explicit dependency on target 'React-RCTFBReactNativeSpec' in project 'Pods'
        ➜ Explicit dependency on target 'React-RCTFabric' in project 'Pods'
        ➜ Explicit dependency on target 'React-RuntimeCore' in project 'Pods'
        ➜ Explicit dependency on target 'React-RuntimeHermes' in project 'Pods'
        ➜ Explicit dependency on target 'React-callinvoker' in project 'Pods'
        ➜ Explicit dependency on target 'React-cxxreact' in project 'Pods'
        ➜ Explicit dependency on target 'React-featureflags' in project 'Pods'
        ➜ Explicit dependency on target 'React-jserrorhandler' in project 'Pods'
        ➜ Explicit dependency on target 'React-jsi' in project 'Pods'
        ➜ Explicit dependency on target 'React-jsiexecutor' in project 'Pods'
        ➜ Explicit dependency on target 'React-jsinspector' in project 'Pods'
        ➜ Explicit dependency on target 'React-jsitooling' in project 'Pods'
        ➜ Explicit dependency on target 'React-runtimeexecutor' in project 'Pods'
        ➜ Explicit dependency on target 'React-runtimescheduler' in project 'Pods'
        ➜ Explicit dependency on target 'React-utils' in project 'Pods'
        ➜ Explicit dependency on target 'hermes-engine' in project 'Pods'
    Target 'React-RuntimeHermes' in project 'Pods'
        ➜ Explicit dependency on target 'RCT-Folly' in project 'Pods'
        ➜ Explicit dependency on target 'React-RuntimeCore' in project 'Pods'
        ➜ Explicit dependency on target 'React-featureflags' in project 'Pods'
        ➜ Explicit dependency on target 'React-hermes' in project 'Pods'
        ➜ Explicit dependency on target 'React-jsi' in project 'Pods'
        ➜ Explicit dependency on target 'React-jsinspector' in project 'Pods'
        ➜ Explicit dependency on target 'React-jsinspectortracing' in project 'Pods'
        ➜ Explicit dependency on target 'React-jsitooling' in project 'Pods'
        ➜ Explicit dependency on target 'React-jsitracing' in project 'Pods'
        ➜ Explicit dependency on target 'React-utils' in project 'Pods'
        ➜ Explicit dependency on target 'hermes-engine' in project 'Pods'
    Target 'React-jsitracing' in project 'Pods'
        ➜ Explicit dependency on target 'React-jsi' in project 'Pods'
    Target 'React-RuntimeCore' in project 'Pods'
        ➜ Explicit dependency on target 'RCT-Folly' in project 'Pods'
        ➜ Explicit dependency on target 'React-Fabric' in project 'Pods'
        ➜ Explicit dependency on target 'React-cxxreact' in project 'Pods'
        ➜ Explicit dependency on target 'React-featureflags' in project 'Pods'
        ➜ Explicit dependency on target 'React-hermes' in project 'Pods'
        ➜ Explicit dependency on target 'React-jserrorhandler' in project 'Pods'
        ➜ Explicit dependency on target 'React-jsi' in project 'Pods'
        ➜ Explicit dependency on target 'React-jsiexecutor' in project 'Pods'
        ➜ Explicit dependency on target 'React-jsinspector' in project 'Pods'
        ➜ Explicit dependency on target 'React-jsitooling' in project 'Pods'
        ➜ Explicit dependency on target 'React-performancetimeline' in project 'Pods'
        ➜ Explicit dependency on target 'React-runtimeexecutor' in project 'Pods'
        ➜ Explicit dependency on target 'React-runtimescheduler' in project 'Pods'
        ➜ Explicit dependency on target 'React-utils' in project 'Pods'
        ➜ Explicit dependency on target 'glog' in project 'Pods'
        ➜ Explicit dependency on target 'hermes-engine' in project 'Pods'
    Target 'React-jserrorhandler' in project 'Pods'
        ➜ Explicit dependency on target 'RCT-Folly' in project 'Pods'
        ➜ Explicit dependency on target 'React-cxxreact' in project 'Pods'
        ➜ Explicit dependency on target 'React-debug' in project 'Pods'
        ➜ Explicit dependency on target 'React-featureflags' in project 'Pods'
        ➜ Explicit dependency on target 'React-jsi' in project 'Pods'
        ➜ Explicit dependency on target 'ReactCommon' in project 'Pods'
        ➜ Explicit dependency on target 'glog' in project 'Pods'
        ➜ Explicit dependency on target 'hermes-engine' in project 'Pods'
    Target 'React-RCTFabric' in project 'Pods'
        ➜ Explicit dependency on target 'RCT-Folly' in project 'Pods'
        ➜ Explicit dependency on target 'React-Core' in project 'Pods'
        ➜ Explicit dependency on target 'React-Fabric' in project 'Pods'
        ➜ Explicit dependency on target 'React-FabricComponents' in project 'Pods'
        ➜ Explicit dependency on target 'React-FabricImage' in project 'Pods'
        ➜ Explicit dependency on target 'React-ImageManager' in project 'Pods'
        ➜ Explicit dependency on target 'React-RCTAnimation' in project 'Pods'
        ➜ Explicit dependency on target 'React-RCTImage' in project 'Pods'
        ➜ Explicit dependency on target 'React-RCTText' in project 'Pods'
        ➜ Explicit dependency on target 'React-debug' in project 'Pods'
        ➜ Explicit dependency on target 'React-featureflags' in project 'Pods'
        ➜ Explicit dependency on target 'React-graphics' in project 'Pods'
        ➜ Explicit dependency on target 'React-hermes' in project 'Pods'
        ➜ Explicit dependency on target 'React-jsi' in project 'Pods'
        ➜ Explicit dependency on target 'React-jsinspector' in project 'Pods'
        ➜ Explicit dependency on target 'React-jsinspectortracing' in project 'Pods'
        ➜ Explicit dependency on target 'React-performancetimeline' in project 'Pods'
        ➜ Explicit dependency on target 'React-rendererconsistency' in project 'Pods'
        ➜ Explicit dependency on target 'React-renderercss' in project 'Pods'
        ➜ Explicit dependency on target 'React-rendererdebug' in project 'Pods'
        ➜ Explicit dependency on target 'React-runtimescheduler' in project 'Pods'
        ➜ Explicit dependency on target 'React-utils' in project 'Pods'
        ➜ Explicit dependency on target 'Yoga' in project 'Pods'
        ➜ Explicit dependency on target 'glog' in project 'Pods'
        ➜ Explicit dependency on target 'hermes-engine' in project 'Pods'
    Target 'React-Mapbuffer' in project 'Pods'
        ➜ Explicit dependency on target 'React-debug' in project 'Pods'
        ➜ Explicit dependency on target 'glog' in project 'Pods'
    Target 'React-FabricImage' in project 'Pods'
        ➜ Explicit dependency on target 'DoubleConversion' in project 'Pods'
        ➜ Explicit dependency on target 'RCT-Folly' in project 'Pods'
        ➜ Explicit dependency on target 'RCTRequired' in project 'Pods'
        ➜ Explicit dependency on target 'RCTTypeSafety' in project 'Pods'
        ➜ Explicit dependency on target 'React-Fabric' in project 'Pods'
        ➜ Explicit dependency on target 'React-ImageManager' in project 'Pods'
        ➜ Explicit dependency on target 'React-featureflags' in project 'Pods'
        ➜ Explicit dependency on target 'React-graphics' in project 'Pods'
        ➜ Explicit dependency on target 'React-hermes' in project 'Pods'
        ➜ Explicit dependency on target 'React-jsi' in project 'Pods'
        ➜ Explicit dependency on target 'React-jsiexecutor' in project 'Pods'
        ➜ Explicit dependency on target 'React-logger' in project 'Pods'
        ➜ Explicit dependency on target 'React-rendererdebug' in project 'Pods'
        ➜ Explicit dependency on target 'React-utils' in project 'Pods'
        ➜ Explicit dependency on target 'ReactCommon' in project 'Pods'
        ➜ Explicit dependency on target 'Yoga' in project 'Pods'
        ➜ Explicit dependency on target 'fast_float' in project 'Pods'
        ➜ Explicit dependency on target 'fmt' in project 'Pods'
        ➜ Explicit dependency on target 'glog' in project 'Pods'
        ➜ Explicit dependency on target 'hermes-engine' in project 'Pods'
    Target 'React-ImageManager' in project 'Pods'
        ➜ Explicit dependency on target 'RCT-Folly' in project 'Pods'
        ➜ Explicit dependency on target 'React-Core' in project 'Pods'
        ➜ Explicit dependency on target 'React-Fabric' in project 'Pods'
        ➜ Explicit dependency on target 'React-debug' in project 'Pods'
        ➜ Explicit dependency on target 'React-graphics' in project 'Pods'
        ➜ Explicit dependency on target 'React-rendererdebug' in project 'Pods'
        ➜ Explicit dependency on target 'React-utils' in project 'Pods'
        ➜ Explicit dependency on target 'glog' in project 'Pods'
    Target 'React-FabricComponents' in project 'Pods'
        ➜ Explicit dependency on target 'DoubleConversion' in project 'Pods'
        ➜ Explicit dependency on target 'RCT-Folly' in project 'Pods'
        ➜ Explicit dependency on target 'RCTRequired' in project 'Pods'
        ➜ Explicit dependency on target 'RCTTypeSafety' in project 'Pods'
        ➜ Explicit dependency on target 'React-Core' in project 'Pods'
        ➜ Explicit dependency on target 'React-Fabric' in project 'Pods'
        ➜ Explicit dependency on target 'React-cxxreact' in project 'Pods'
        ➜ Explicit dependency on target 'React-debug' in project 'Pods'
        ➜ Explicit dependency on target 'React-featureflags' in project 'Pods'
        ➜ Explicit dependency on target 'React-graphics' in project 'Pods'
        ➜ Explicit dependency on target 'React-hermes' in project 'Pods'
        ➜ Explicit dependency on target 'React-jsi' in project 'Pods'
        ➜ Explicit dependency on target 'React-jsiexecutor' in project 'Pods'
        ➜ Explicit dependency on target 'React-logger' in project 'Pods'
        ➜ Explicit dependency on target 'React-rendererdebug' in project 'Pods'
        ➜ Explicit dependency on target 'React-runtimescheduler' in project 'Pods'
        ➜ Explicit dependency on target 'React-utils' in project 'Pods'
        ➜ Explicit dependency on target 'ReactCommon' in project 'Pods'
        ➜ Explicit dependency on target 'Yoga' in project 'Pods'
        ➜ Explicit dependency on target 'fast_float' in project 'Pods'
        ➜ Explicit dependency on target 'fmt' in project 'Pods'
        ➜ Explicit dependency on target 'glog' in project 'Pods'
        ➜ Explicit dependency on target 'hermes-engine' in project 'Pods'
    Target 'React-Fabric' in project 'Pods'
        ➜ Explicit dependency on target 'DoubleConversion' in project 'Pods'
        ➜ Explicit dependency on target 'RCT-Folly' in project 'Pods'
        ➜ Explicit dependency on target 'RCTRequired' in project 'Pods'
        ➜ Explicit dependency on target 'RCTTypeSafety' in project 'Pods'
        ➜ Explicit dependency on target 'React-Core' in project 'Pods'
        ➜ Explicit dependency on target 'React-cxxreact' in project 'Pods'
        ➜ Explicit dependency on target 'React-debug' in project 'Pods'
        ➜ Explicit dependency on target 'React-featureflags' in project 'Pods'
        ➜ Explicit dependency on target 'React-graphics' in project 'Pods'
        ➜ Explicit dependency on target 'React-hermes' in project 'Pods'
        ➜ Explicit dependency on target 'React-jsi' in project 'Pods'
        ➜ Explicit dependency on target 'React-jsiexecutor' in project 'Pods'
        ➜ Explicit dependency on target 'React-logger' in project 'Pods'
        ➜ Explicit dependency on target 'React-performancetimeline' in project 'Pods'
        ➜ Explicit dependency on target 'React-rendererconsistency' in project 'Pods'
        ➜ Explicit dependency on target 'React-renderercss' in project 'Pods'
        ➜ Explicit dependency on target 'React-rendererdebug' in project 'Pods'
        ➜ Explicit dependency on target 'React-runtimescheduler' in project 'Pods'
        ➜ Explicit dependency on target 'React-utils' in project 'Pods'
        ➜ Explicit dependency on target 'ReactCommon' in project 'Pods'
        ➜ Explicit dependency on target 'Yoga' in project 'Pods'
        ➜ Explicit dependency on target 'fast_float' in project 'Pods'
        ➜ Explicit dependency on target 'fmt' in project 'Pods'
        ➜ Explicit dependency on target 'glog' in project 'Pods'
        ➜ Explicit dependency on target 'hermes-engine' in project 'Pods'
    Target 'React-renderercss' in project 'Pods'
        ➜ Explicit dependency on target 'React-debug' in project 'Pods'
        ➜ Explicit dependency on target 'React-utils' in project 'Pods'
    Target 'React-graphics' in project 'Pods'
        ➜ Explicit dependency on target 'DoubleConversion' in project 'Pods'
        ➜ Explicit dependency on target 'RCT-Folly' in project 'Pods'
        ➜ Explicit dependency on target 'React-hermes' in project 'Pods'
        ➜ Explicit dependency on target 'React-jsi' in project 'Pods'
        ➜ Explicit dependency on target 'React-jsiexecutor' in project 'Pods'
        ➜ Explicit dependency on target 'React-utils' in project 'Pods'
        ➜ Explicit dependency on target 'fast_float' in project 'Pods'
        ➜ Explicit dependency on target 'fmt' in project 'Pods'
        ➜ Explicit dependency on target 'glog' in project 'Pods'
        ➜ Explicit dependency on target 'hermes-engine' in project 'Pods'
    Target 'React-CoreModules' in project 'Pods'
        ➜ Explicit dependency on target 'DoubleConversion' in project 'Pods'
        ➜ Explicit dependency on target 'RCT-Folly' in project 'Pods'
        ➜ Explicit dependency on target 'RCTTypeSafety' in project 'Pods'
        ➜ Explicit dependency on target 'React-Core' in project 'Pods'
        ➜ Explicit dependency on target 'React-NativeModulesApple' in project 'Pods'
        ➜ Explicit dependency on target 'React-RCTBlob' in project 'Pods'
        ➜ Explicit dependency on target 'React-RCTFBReactNativeSpec' in project 'Pods'
        ➜ Explicit dependency on target 'React-RCTImage' in project 'Pods'
        ➜ Explicit dependency on target 'React-jsi' in project 'Pods'
        ➜ Explicit dependency on target 'React-jsinspector' in project 'Pods'
        ➜ Explicit dependency on target 'React-jsinspectortracing' in project 'Pods'
        ➜ Explicit dependency on target 'ReactCommon' in project 'Pods'
        ➜ Explicit dependency on target 'SocketRocket' in project 'Pods'
        ➜ Explicit dependency on target 'fast_float' in project 'Pods'
        ➜ Explicit dependency on target 'fmt' in project 'Pods'
    Target 'React' in project 'Pods'
        ➜ Explicit dependency on target 'React-Core' in project 'Pods'
        ➜ Explicit dependency on target 'React-RCTActionSheet' in project 'Pods'
        ➜ Explicit dependency on target 'React-RCTAnimation' in project 'Pods'
        ➜ Explicit dependency on target 'React-RCTBlob' in project 'Pods'
        ➜ Explicit dependency on target 'React-RCTImage' in project 'Pods'
        ➜ Explicit dependency on target 'React-RCTLinking' in project 'Pods'
        ➜ Explicit dependency on target 'React-RCTNetwork' in project 'Pods'
        ➜ Explicit dependency on target 'React-RCTSettings' in project 'Pods'
        ➜ Explicit dependency on target 'React-RCTText' in project 'Pods'
        ➜ Explicit dependency on target 'React-RCTVibration' in project 'Pods'
    Target 'React-RCTVibration' in project 'Pods'
        ➜ Explicit dependency on target 'RCT-Folly' in project 'Pods'
        ➜ Explicit dependency on target 'React-Core' in project 'Pods'
        ➜ Explicit dependency on target 'React-NativeModulesApple' in project 'Pods'
        ➜ Explicit dependency on target 'React-RCTFBReactNativeSpec' in project 'Pods'
        ➜ Explicit dependency on target 'React-jsi' in project 'Pods'
        ➜ Explicit dependency on target 'ReactCommon' in project 'Pods'
    Target 'React-RCTText' in project 'Pods'
        ➜ Explicit dependency on target 'React-Core' in project 'Pods'
        ➜ Explicit dependency on target 'Yoga' in project 'Pods'
    Target 'React-RCTSettings' in project 'Pods'
        ➜ Explicit dependency on target 'RCT-Folly' in project 'Pods'
        ➜ Explicit dependency on target 'RCTTypeSafety' in project 'Pods'
        ➜ Explicit dependency on target 'React-Core' in project 'Pods'
        ➜ Explicit dependency on target 'React-NativeModulesApple' in project 'Pods'
        ➜ Explicit dependency on target 'React-RCTFBReactNativeSpec' in project 'Pods'
        ➜ Explicit dependency on target 'React-jsi' in project 'Pods'
        ➜ Explicit dependency on target 'ReactCommon' in project 'Pods'
    Target 'React-RCTLinking' in project 'Pods'
        ➜ Explicit dependency on target 'React-Core' in project 'Pods'
        ➜ Explicit dependency on target 'React-NativeModulesApple' in project 'Pods'
        ➜ Explicit dependency on target 'React-RCTFBReactNativeSpec' in project 'Pods'
        ➜ Explicit dependency on target 'React-jsi' in project 'Pods'
        ➜ Explicit dependency on target 'ReactCommon' in project 'Pods'
    Target 'React-RCTImage' in project 'Pods'
        ➜ Explicit dependency on target 'RCT-Folly' in project 'Pods'
        ➜ Explicit dependency on target 'RCTTypeSafety' in project 'Pods'
        ➜ Explicit dependency on target 'React-Core' in project 'Pods'
        ➜ Explicit dependency on target 'React-NativeModulesApple' in project 'Pods'
        ➜ Explicit dependency on target 'React-RCTFBReactNativeSpec' in project 'Pods'
        ➜ Explicit dependency on target 'React-RCTNetwork' in project 'Pods'
        ➜ Explicit dependency on target 'React-jsi' in project 'Pods'
        ➜ Explicit dependency on target 'ReactCommon' in project 'Pods'
    Target 'React-RCTBlob' in project 'Pods'
        ➜ Explicit dependency on target 'DoubleConversion' in project 'Pods'
        ➜ Explicit dependency on target 'RCT-Folly' in project 'Pods'
        ➜ Explicit dependency on target 'React-Core' in project 'Pods'
        ➜ Explicit dependency on target 'React-NativeModulesApple' in project 'Pods'
        ➜ Explicit dependency on target 'React-RCTFBReactNativeSpec' in project 'Pods'
        ➜ Explicit dependency on target 'React-RCTNetwork' in project 'Pods'
        ➜ Explicit dependency on target 'React-jsi' in project 'Pods'
        ➜ Explicit dependency on target 'React-jsinspector' in project 'Pods'
        ➜ Explicit dependency on target 'ReactCommon' in project 'Pods'
        ➜ Explicit dependency on target 'fast_float' in project 'Pods'
        ➜ Explicit dependency on target 'fmt' in project 'Pods'
        ➜ Explicit dependency on target 'hermes-engine' in project 'Pods'
    Target 'React-RCTNetwork' in project 'Pods'
        ➜ Explicit dependency on target 'RCT-Folly' in project 'Pods'
        ➜ Explicit dependency on target 'RCTTypeSafety' in project 'Pods'
        ➜ Explicit dependency on target 'React-Core' in project 'Pods'
        ➜ Explicit dependency on target 'React-NativeModulesApple' in project 'Pods'
        ➜ Explicit dependency on target 'React-RCTFBReactNativeSpec' in project 'Pods'
        ➜ Explicit dependency on target 'React-jsi' in project 'Pods'
        ➜ Explicit dependency on target 'ReactCommon' in project 'Pods'
    Target 'React-RCTAnimation' in project 'Pods'
        ➜ Explicit dependency on target 'RCT-Folly' in project 'Pods'
        ➜ Explicit dependency on target 'RCTTypeSafety' in project 'Pods'
        ➜ Explicit dependency on target 'React-Core' in project 'Pods'
        ➜ Explicit dependency on target 'React-NativeModulesApple' in project 'Pods'
        ➜ Explicit dependency on target 'React-RCTFBReactNativeSpec' in project 'Pods'
        ➜ Explicit dependency on target 'React-jsi' in project 'Pods'
        ➜ Explicit dependency on target 'ReactCommon' in project 'Pods'
    Target 'React-RCTFBReactNativeSpec' in project 'Pods'
        ➜ Explicit dependency on target 'RCT-Folly' in project 'Pods'
        ➜ Explicit dependency on target 'RCTRequired' in project 'Pods'
        ➜ Explicit dependency on target 'RCTTypeSafety' in project 'Pods'
        ➜ Explicit dependency on target 'React-Core' in project 'Pods'
        ➜ Explicit dependency on target 'React-NativeModulesApple' in project 'Pods'
        ➜ Explicit dependency on target 'React-hermes' in project 'Pods'
        ➜ Explicit dependency on target 'React-jsi' in project 'Pods'
        ➜ Explicit dependency on target 'React-jsiexecutor' in project 'Pods'
        ➜ Explicit dependency on target 'ReactCommon' in project 'Pods'
        ➜ Explicit dependency on target 'hermes-engine' in project 'Pods'
    Target 'React-NativeModulesApple' in project 'Pods'
        ➜ Explicit dependency on target 'React-Core' in project 'Pods'
        ➜ Explicit dependency on target 'React-callinvoker' in project 'Pods'
        ➜ Explicit dependency on target 'React-cxxreact' in project 'Pods'
        ➜ Explicit dependency on target 'React-featureflags' in project 'Pods'
        ➜ Explicit dependency on target 'React-hermes' in project 'Pods'
        ➜ Explicit dependency on target 'React-jsi' in project 'Pods'
        ➜ Explicit dependency on target 'React-jsinspector' in project 'Pods'
        ➜ Explicit dependency on target 'React-runtimeexecutor' in project 'Pods'
        ➜ Explicit dependency on target 'ReactCommon' in project 'Pods'
        ➜ Explicit dependency on target 'glog' in project 'Pods'
        ➜ Explicit dependency on target 'hermes-engine' in project 'Pods'
    Target 'ReactCommon' in project 'Pods'
        ➜ Explicit dependency on target 'DoubleConversion' in project 'Pods'
        ➜ Explicit dependency on target 'RCT-Folly' in project 'Pods'
        ➜ Explicit dependency on target 'React-callinvoker' in project 'Pods'
        ➜ Explicit dependency on target 'React-cxxreact' in project 'Pods'
        ➜ Explicit dependency on target 'React-debug' in project 'Pods'
        ➜ Explicit dependency on target 'React-featureflags' in project 'Pods'
        ➜ Explicit dependency on target 'React-jsi' in project 'Pods'
        ➜ Explicit dependency on target 'React-logger' in project 'Pods'
        ➜ Explicit dependency on target 'React-perflogger' in project 'Pods'
        ➜ Explicit dependency on target 'React-utils' in project 'Pods'
        ➜ Explicit dependency on target 'fast_float' in project 'Pods'
        ➜ Explicit dependency on target 'fmt' in project 'Pods'
        ➜ Explicit dependency on target 'glog' in project 'Pods'
        ➜ Explicit dependency on target 'hermes-engine' in project 'Pods'
    Target 'React-RCTActionSheet' in project 'Pods'
        ➜ Explicit dependency on target 'React-Core' in project 'Pods'
    Target 'RCTTypeSafety' in project 'Pods'
        ➜ Explicit dependency on target 'FBLazyVector' in project 'Pods'
        ➜ Explicit dependency on target 'RCTRequired' in project 'Pods'
        ➜ Explicit dependency on target 'React-Core' in project 'Pods'
    Target 'React-Core' in project 'Pods'
        ➜ Explicit dependency on target 'RCT-Folly' in project 'Pods'
        ➜ Explicit dependency on target 'RCTDeprecation' in project 'Pods'
        ➜ Explicit dependency on target 'React-Core-React-Core_privacy' in project 'Pods'
        ➜ Explicit dependency on target 'React-cxxreact' in project 'Pods'
        ➜ Explicit dependency on target 'React-featureflags' in project 'Pods'
        ➜ Explicit dependency on target 'React-hermes' in project 'Pods'
        ➜ Explicit dependency on target 'React-jsi' in project 'Pods'
        ➜ Explicit dependency on target 'React-jsiexecutor' in project 'Pods'
        ➜ Explicit dependency on target 'React-jsinspector' in project 'Pods'
        ➜ Explicit dependency on target 'React-jsitooling' in project 'Pods'
        ➜ Explicit dependency on target 'React-perflogger' in project 'Pods'
        ➜ Explicit dependency on target 'React-runtimescheduler' in project 'Pods'
        ➜ Explicit dependency on target 'React-utils' in project 'Pods'
        ➜ Explicit dependency on target 'SocketRocket' in project 'Pods'
        ➜ Explicit dependency on target 'Yoga' in project 'Pods'
        ➜ Explicit dependency on target 'glog' in project 'Pods'
        ➜ Explicit dependency on target 'hermes-engine' in project 'Pods'
    Target 'Yoga' in project 'Pods' (no dependencies)
    Target 'SocketRocket' in project 'Pods' (no dependencies)
    Target 'React-runtimescheduler' in project 'Pods'
        ➜ Explicit dependency on target 'RCT-Folly' in project 'Pods'
        ➜ Explicit dependency on target 'React-callinvoker' in project 'Pods'
        ➜ Explicit dependency on target 'React-cxxreact' in project 'Pods'
        ➜ Explicit dependency on target 'React-debug' in project 'Pods'
        ➜ Explicit dependency on target 'React-featureflags' in project 'Pods'
        ➜ Explicit dependency on target 'React-hermes' in project 'Pods'
        ➜ Explicit dependency on target 'React-jsi' in project 'Pods'
        ➜ Explicit dependency on target 'React-jsinspectortracing' in project 'Pods'
        ➜ Explicit dependency on target 'React-performancetimeline' in project 'Pods'
        ➜ Explicit dependency on target 'React-rendererconsistency' in project 'Pods'
        ➜ Explicit dependency on target 'React-rendererdebug' in project 'Pods'
        ➜ Explicit dependency on target 'React-runtimeexecutor' in project 'Pods'
        ➜ Explicit dependency on target 'React-timing' in project 'Pods'
        ➜ Explicit dependency on target 'React-utils' in project 'Pods'
        ➜ Explicit dependency on target 'glog' in project 'Pods'
        ➜ Explicit dependency on target 'hermes-engine' in project 'Pods'
    Target 'React-utils' in project 'Pods'
        ➜ Explicit dependency on target 'RCT-Folly' in project 'Pods'
        ➜ Explicit dependency on target 'React-debug' in project 'Pods'
        ➜ Explicit dependency on target 'React-hermes' in project 'Pods'
        ➜ Explicit dependency on target 'React-jsi' in project 'Pods'
        ➜ Explicit dependency on target 'glog' in project 'Pods'
        ➜ Explicit dependency on target 'hermes-engine' in project 'Pods'
    Target 'React-rendererdebug' in project 'Pods'
        ➜ Explicit dependency on target 'DoubleConversion' in project 'Pods'
        ➜ Explicit dependency on target 'RCT-Folly' in project 'Pods'
        ➜ Explicit dependency on target 'React-debug' in project 'Pods'
        ➜ Explicit dependency on target 'fast_float' in project 'Pods'
        ➜ Explicit dependency on target 'fmt' in project 'Pods'
    Target 'React-rendererconsistency' in project 'Pods' (no dependencies)
    Target 'React-performancetimeline' in project 'Pods'
        ➜ Explicit dependency on target 'RCT-Folly' in project 'Pods'
        ➜ Explicit dependency on target 'React-cxxreact' in project 'Pods'
        ➜ Explicit dependency on target 'React-featureflags' in project 'Pods'
        ➜ Explicit dependency on target 'React-jsinspectortracing' in project 'Pods'
        ➜ Explicit dependency on target 'React-perflogger' in project 'Pods'
        ➜ Explicit dependency on target 'React-timing' in project 'Pods'
    Target 'React-jsitooling' in project 'Pods'
        ➜ Explicit dependency on target 'DoubleConversion' in project 'Pods'
        ➜ Explicit dependency on target 'RCT-Folly' in project 'Pods'
        ➜ Explicit dependency on target 'React-cxxreact' in project 'Pods'
        ➜ Explicit dependency on target 'React-jsi' in project 'Pods'
        ➜ Explicit dependency on target 'React-jsinspector' in project 'Pods'
        ➜ Explicit dependency on target 'React-jsinspectortracing' in project 'Pods'
        ➜ Explicit dependency on target 'fast_float' in project 'Pods'
        ➜ Explicit dependency on target 'fmt' in project 'Pods'
        ➜ Explicit dependency on target 'glog' in project 'Pods'
    Target 'React-hermes' in project 'Pods'
        ➜ Explicit dependency on target 'DoubleConversion' in project 'Pods'
        ➜ Explicit dependency on target 'RCT-Folly' in project 'Pods'
        ➜ Explicit dependency on target 'React-cxxreact' in project 'Pods'
        ➜ Explicit dependency on target 'React-jsi' in project 'Pods'
        ➜ Explicit dependency on target 'React-jsiexecutor' in project 'Pods'
        ➜ Explicit dependency on target 'React-jsinspector' in project 'Pods'
        ➜ Explicit dependency on target 'React-jsinspectortracing' in project 'Pods'
        ➜ Explicit dependency on target 'React-perflogger' in project 'Pods'
        ➜ Explicit dependency on target 'React-runtimeexecutor' in project 'Pods'
        ➜ Explicit dependency on target 'fast_float' in project 'Pods'
        ➜ Explicit dependency on target 'fmt' in project 'Pods'
        ➜ Explicit dependency on target 'glog' in project 'Pods'
        ➜ Explicit dependency on target 'hermes-engine' in project 'Pods'
    Target 'React-jsiexecutor' in project 'Pods'
        ➜ Explicit dependency on target 'DoubleConversion' in project 'Pods'
        ➜ Explicit dependency on target 'RCT-Folly' in project 'Pods'
        ➜ Explicit dependency on target 'React-cxxreact' in project 'Pods'
        ➜ Explicit dependency on target 'React-jsi' in project 'Pods'
        ➜ Explicit dependency on target 'React-jsinspector' in project 'Pods'
        ➜ Explicit dependency on target 'React-jsinspectortracing' in project 'Pods'
        ➜ Explicit dependency on target 'React-perflogger' in project 'Pods'
        ➜ Explicit dependency on target 'fast_float' in project 'Pods'
        ➜ Explicit dependency on target 'fmt' in project 'Pods'
        ➜ Explicit dependency on target 'glog' in project 'Pods'
        ➜ Explicit dependency on target 'hermes-engine' in project 'Pods'
    Target 'React-cxxreact' in project 'Pods'
        ➜ Explicit dependency on target 'DoubleConversion' in project 'Pods'
        ➜ Explicit dependency on target 'RCT-Folly' in project 'Pods'
        ➜ Explicit dependency on target 'React-callinvoker' in project 'Pods'
        ➜ Explicit dependency on target 'React-cxxreact-React-cxxreact_privacy' in project 'Pods'
        ➜ Explicit dependency on target 'React-debug' in project 'Pods'
        ➜ Explicit dependency on target 'React-jsi' in project 'Pods'
        ➜ Explicit dependency on target 'React-jsinspector' in project 'Pods'
        ➜ Explicit dependency on target 'React-jsinspectortracing' in project 'Pods'
        ➜ Explicit dependency on target 'React-logger' in project 'Pods'
        ➜ Explicit dependency on target 'React-perflogger' in project 'Pods'
        ➜ Explicit dependency on target 'React-runtimeexecutor' in project 'Pods'
        ➜ Explicit dependency on target 'React-timing' in project 'Pods'
        ➜ Explicit dependency on target 'boost' in project 'Pods'
        ➜ Explicit dependency on target 'fast_float' in project 'Pods'
        ➜ Explicit dependency on target 'fmt' in project 'Pods'
        ➜ Explicit dependency on target 'glog' in project 'Pods'
        ➜ Explicit dependency on target 'hermes-engine' in project 'Pods'
    Target 'React-timing' in project 'Pods' (no dependencies)
    Target 'React-logger' in project 'Pods'
        ➜ Explicit dependency on target 'glog' in project 'Pods'
    Target 'React-jsinspector' in project 'Pods'
        ➜ Explicit dependency on target 'DoubleConversion' in project 'Pods'
        ➜ Explicit dependency on target 'RCT-Folly' in project 'Pods'
        ➜ Explicit dependency on target 'React-featureflags' in project 'Pods'
        ➜ Explicit dependency on target 'React-jsi' in project 'Pods'
        ➜ Explicit dependency on target 'React-jsinspectortracing' in project 'Pods'
        ➜ Explicit dependency on target 'React-perflogger' in project 'Pods'
        ➜ Explicit dependency on target 'React-runtimeexecutor' in project 'Pods'
        ➜ Explicit dependency on target 'glog' in project 'Pods'
        ➜ Explicit dependency on target 'hermes-engine' in project 'Pods'
    Target 'React-runtimeexecutor' in project 'Pods'
        ➜ Explicit dependency on target 'React-jsi' in project 'Pods'
    Target 'React-perflogger' in project 'Pods'
        ➜ Explicit dependency on target 'DoubleConversion' in project 'Pods'
        ➜ Explicit dependency on target 'RCT-Folly' in project 'Pods'
    Target 'React-jsinspectortracing' in project 'Pods'
        ➜ Explicit dependency on target 'RCT-Folly' in project 'Pods'
        ➜ Explicit dependency on target 'React-oscompat' in project 'Pods'
    Target 'React-oscompat' in project 'Pods' (no dependencies)
    Target 'React-featureflags' in project 'Pods'
        ➜ Explicit dependency on target 'RCT-Folly' in project 'Pods'
    Target 'React-jsi' in project 'Pods'
        ➜ Explicit dependency on target 'DoubleConversion' in project 'Pods'
        ➜ Explicit dependency on target 'RCT-Folly' in project 'Pods'
        ➜ Explicit dependency on target 'boost' in project 'Pods'
        ➜ Explicit dependency on target 'fast_float' in project 'Pods'
        ➜ Explicit dependency on target 'fmt' in project 'Pods'
        ➜ Explicit dependency on target 'glog' in project 'Pods'
        ➜ Explicit dependency on target 'hermes-engine' in project 'Pods'
    Target 'hermes-engine' in project 'Pods' (no dependencies)
    Target 'React-debug' in project 'Pods' (no dependencies)
    Target 'React-cxxreact-React-cxxreact_privacy' in project 'Pods' (no dependencies)
    Target 'React-callinvoker' in project 'Pods' (no dependencies)
    Target 'React-Core-React-Core_privacy' in project 'Pods' (no dependencies)
    Target 'RCTRequired' in project 'Pods' (no dependencies)
    Target 'RCTDeprecation' in project 'Pods' (no dependencies)
    Target 'RCT-Folly' in project 'Pods'
        ➜ Explicit dependency on target 'DoubleConversion' in project 'Pods'
        ➜ Explicit dependency on target 'RCT-Folly-RCT-Folly_privacy' in project 'Pods'
        ➜ Explicit dependency on target 'boost' in project 'Pods'
        ➜ Explicit dependency on target 'fast_float' in project 'Pods'
        ➜ Explicit dependency on target 'fmt' in project 'Pods'
        ➜ Explicit dependency on target 'glog' in project 'Pods'
    Target 'glog' in project 'Pods' (no dependencies)
    Target 'fmt' in project 'Pods' (no dependencies)
    Target 'fast_float' in project 'Pods' (no dependencies)
    Target 'boost' in project 'Pods'
        ➜ Explicit dependency on target 'boost-boost_privacy' in project 'Pods'
    Target 'boost-boost_privacy' in project 'Pods' (no dependencies)
    Target 'RCT-Folly-RCT-Folly_privacy' in project 'Pods' (no dependencies)
    Target 'FBLazyVector' in project 'Pods' (no dependencies)
    Target 'DoubleConversion' in project 'Pods' (no dependencies)

GatherProvisioningInputs

CreateBuildDescription

ExecuteExternalTool /Applications/Xcode.app/Contents/Developer/Toolchains/XcodeDefault.xctoolchain/usr/bin/clang -v -E -dM -arch arm64 -isysroot /Applications/Xcode.app/Contents/Developer/Platforms/iPhoneSimulator.platform/Developer/SDKs/iPhoneSimulator26.2.sdk -x c++ -c /dev/null

ExecuteExternalTool /Applications/Xcode.app/Contents/Developer/Toolchains/XcodeDefault.xctoolchain/usr/bin/clang -v -E -dM -arch arm64 -isysroot /Applications/Xcode.app/Contents/Developer/Platforms/iPhoneSimulator.platform/Developer/SDKs/iPhoneSimulator26.2.sdk -x objective-c -c /dev/null

ExecuteExternalTool /Applications/Xcode.app/Contents/Developer/Toolchains/XcodeDefault.xctoolchain/usr/bin/clang -v -E -dM -isysroot /Applications/Xcode.app/Contents/Developer/Platforms/iPhoneSimulator.platform/Developer/SDKs/iPhoneSimulator26.2.sdk -x c -c /dev/null

ExecuteExternalTool /Applications/Xcode.app/Contents/Developer/Toolchains/XcodeDefault.xctoolchain/usr/bin/clang -v -E -dM -arch arm64 -isysroot /Applications/Xcode.app/Contents/Developer/Platforms/iPhoneSimulator.platform/Developer/SDKs/iPhoneSimulator26.2.sdk -x objective-c++ -c /dev/null

ExecuteExternalTool /Applications/Xcode.app/Contents/Developer/Toolchains/XcodeDefault.xctoolchain/usr/bin/clang -v -E -dM -arch arm64 -isysroot /Applications/Xcode.app/Contents/Developer/Platforms/iPhoneSimulator.platform/Developer/SDKs/iPhoneSimulator26.2.sdk -x c -c /dev/null

ExecuteExternalTool /Applications/Xcode.app/Contents/Developer/usr/bin/ibtool --version --output-format xml1

ExecuteExternalTool /Applications/Xcode.app/Contents/Developer/Toolchains/XcodeDefault.xctoolchain/usr/bin/libtool -V

ExecuteExternalTool /Applications/Xcode.app/Contents/Developer/usr/bin/actool --print-asset-tag-combinations --output-format xml1 /Users/amrsaied/Documents/Flutter/PayTab/github/react-native-paytabs-library/example/ios/PaymentsdkExample/Images.xcassets

ExecuteExternalTool /Applications/Xcode.app/Contents/Developer/usr/bin/actool --version --output-format xml1

ExecuteExternalTool /Applications/Xcode.app/Contents/Developer/Toolchains/XcodeDefault.xctoolchain/usr/bin/clang -v -E -dM -arch arm64 -isysroot /Applications/Xcode.app/Contents/Developer/Platforms/iPhoneSimulator.platform/Developer/SDKs/iPhoneSimulator26.2.sdk -x assembler-with-cpp -c /dev/null

ExecuteExternalTool /Applications/Xcode.app/Contents/Developer/Toolchains/XcodeDefault.xctoolchain/usr/bin/ld -version_details

Build description signature: 9f52907b698a19ef6e1877aeb40d22ac
Build description path: /Users/amrsaied/DerivedData/PaymentsdkExample-fihmfcmcdadiqyacsuppipgwcqpk/Build/Intermediates.noindex/XCBuildData/9f52907b698a19ef6e1877aeb40d22ac.xcbuilddata
ClangStatCache /Applications/Xcode.app/Contents/Developer/Toolchains/XcodeDefault.xctoolchain/usr/bin/clang-stat-cache /Applications/Xcode.app/Contents/Developer/Platforms/iPhoneSimulator.platform/Developer/SDKs/iPhoneSimulator26.2.sdk /Users/amrsaied/DerivedData/SDKStatCaches.noindex/iphonesimulator26.2-23C53-7d00a8b37fbd7999ea79df8ebc024bf0.sdkstatcache
    cd /Users/amrsaied/Documents/Flutter/PayTab/github/react-native-paytabs-library/example/ios
    /Applications/Xcode.app/Contents/Developer/Toolchains/XcodeDefault.xctoolchain/usr/bin/clang-stat-cache /Applications/Xcode.app/Contents/Developer/Platforms/iPhoneSimulator.platform/Developer/SDKs/iPhoneSimulator26.2.sdk -o /Users/amrsaied/DerivedData/SDKStatCaches.noindex/iphonesimulator26.2-23C53-7d00a8b37fbd7999ea79df8ebc024bf0.sdkstatcache

CreateBuildDirectory /Users/amrsaied/DerivedData/PaymentsdkExample-fihmfcmcdadiqyacsuppipgwcqpk/Build/Products/Debug-iphonesimulator/ReactCodegen
    cd /Users/amrsaied/Documents/Flutter/PayTab/github/react-native-paytabs-library/example/ios
    builtin-create-build-directory /Users/amrsaied/DerivedData/PaymentsdkExample-fihmfcmcdadiqyacsuppipgwcqpk/Build/Products/Debug-iphonesimulator/ReactCodegen

CreateBuildDirectory /Users/amrsaied/DerivedData/PaymentsdkExample-fihmfcmcdadiqyacsuppipgwcqpk/Build/Products/Debug-iphonesimulator/SocketRocket
    cd /Users/amrsaied/Documents/Flutter/PayTab/github/react-native-paytabs-library/example/ios
    builtin-create-build-directory /Users/amrsaied/DerivedData/PaymentsdkExample-fihmfcmcdadiqyacsuppipgwcqpk/Build/Products/Debug-iphonesimulator/SocketRocket

CreateBuildDirectory /Users/amrsaied/DerivedData/PaymentsdkExample-fihmfcmcdadiqyacsuppipgwcqpk/Build/Products/Debug-iphonesimulator/ReactAppDependencyProvider
    cd /Users/amrsaied/Documents/Flutter/PayTab/github/react-native-paytabs-library/example/ios
    builtin-create-build-directory /Users/amrsaied/DerivedData/PaymentsdkExample-fihmfcmcdadiqyacsuppipgwcqpk/Build/Products/Debug-iphonesimulator/ReactAppDependencyProvider

CreateBuildDirectory /Users/amrsaied/DerivedData/PaymentsdkExample-fihmfcmcdadiqyacsuppipgwcqpk/Build/Products/Debug-iphonesimulator/fast_float
    cd /Users/amrsaied/Documents/Flutter/PayTab/github/react-native-paytabs-library/example/ios
    builtin-create-build-directory /Users/amrsaied/DerivedData/PaymentsdkExample-fihmfcmcdadiqyacsuppipgwcqpk/Build/Products/Debug-iphonesimulator/fast_float

WriteAuxiliaryFile /Users/amrsaied/DerivedData/PaymentsdkExample-fihmfcmcdadiqyacsuppipgwcqpk/Build/Intermediates.noindex/Pods.build/Debug-iphonesimulator/glog.build/Objects-normal/arm64/e6072d4f65d7061329687fe24e3d63a7-common-args.resp (in target 'glog' from project 'Pods')
    cd /Users/amrsaied/Documents/Flutter/PayTab/github/react-native-paytabs-library/example/ios/Pods
    write-file /Users/amrsaied/DerivedData/PaymentsdkExample-fihmfcmcdadiqyacsuppipgwcqpk/Build/Intermediates.noindex/Pods.build/Debug-iphonesimulator/glog.build/Objects-normal/arm64/e6072d4f65d7061329687fe24e3d63a7-common-args.resp
-target arm64-apple-ios15.1-simulator '-std=gnu11' -fobjc-arc -fmodules '-fmodules-cache-path=/Users/amrsaied/DerivedData/ModuleCache.noindex' -fpascal-strings -O0 -fno-common '-DPOD_CONFIGURATION_DEBUG=1' '-DDEBUG=1' '-DCOCOAPODS=1' '-DOBJC_OLD_DISPATCH_PROTOTYPES=0' -isysroot /Applications/Xcode.app/Contents/Developer/Platforms/iPhoneSimulator.platform/Developer/SDKs/iPhoneSimulator26.2.sdk -g '-fobjc-abi-version=2' -fobjc-legacy-dispatch -I/Users/amrsaied/DerivedData/PaymentsdkExample-fihmfcmcdadiqyacsuppipgwcqpk/Build/Products/Debug-iphonesimulator/glog/include -I/Users/amrsaied/Documents/Flutter/PayTab/github/react-native-paytabs-library/example/ios/Pods/Headers/Private -I/Users/amrsaied/Documents/Flutter/PayTab/github/react-native-paytabs-library/example/ios/Pods/Headers/Private/glog -I/Users/amrsaied/Documents/Flutter/PayTab/github/react-native-paytabs-library/example/ios/Pods/Headers/Public -I/Users/amrsaied/Documents/Flutter/PayTab/github/react-native-paytabs-library/example/ios/Pods/Headers/Public/glog -I/Users/amrsaied/Documents/Flutter/PayTab/github/react-native-paytabs-library/example/ios/Pods/glog/src -I/Users/amrsaied/DerivedData/PaymentsdkExample-fihmfcmcdadiqyacsuppipgwcqpk/Build/Intermediates.noindex/Pods.build/Debug-iphonesimulator/glog.build/DerivedSources-normal/arm64 -I/Users/amrsaied/DerivedData/PaymentsdkExample-fihmfcmcdadiqyacsuppipgwcqpk/Build/Intermediates.noindex/Pods.build/Debug-iphonesimulator/glog.build/DerivedSources/arm64 -I/Users/amrsaied/DerivedData/PaymentsdkExample-fihmfcmcdadiqyacsuppipgwcqpk/Build/Intermediates.noindex/Pods.build/Debug-iphonesimulator/glog.build/DerivedSources -F/Users/amrsaied/DerivedData/PaymentsdkExample-fihmfcmcdadiqyacsuppipgwcqpk/Build/Products/Debug-iphonesimulator/glog

WriteAuxiliaryFile /Users/amrsaied/DerivedData/PaymentsdkExample-fihmfcmcdadiqyacsuppipgwcqpk/Build/Intermediates.noindex/Pods.build/Debug-iphonesimulator/glog.build/Objects-normal/arm64/82b82416624d2658e5098eb0a28c15c5-common-args.resp (in target 'glog' from project 'Pods')
    cd /Users/amrsaied/Documents/Flutter/PayTab/github/react-native-paytabs-library/example/ios/Pods
    write-file /Users/amrsaied/DerivedData/PaymentsdkExample-fihmfcmcdadiqyacsuppipgwcqpk/Build/Intermediates.noindex/Pods.build/Debug-iphonesimulator/glog.build/Objects-normal/arm64/82b82416624d2658e5098eb0a28c15c5-common-args.resp
-target arm64-apple-ios15.1-simulator '-std=c++20' '-stdlib=libc++' -fmodules -fno-cxx-modules '-fmodules-cache-path=/Users/amrsaied/DerivedData/ModuleCache.noindex' '-D_LIBCPP_HARDENING_MODE=_LIBCPP_HARDENING_MODE_DEBUG' -fpascal-strings -O0 -fno-common '-DPOD_CONFIGURATION_DEBUG=1' '-DDEBUG=1' '-DCOCOAPODS=1' -isysroot /Applications/Xcode.app/Contents/Developer/Platforms/iPhoneSimulator.platform/Developer/SDKs/iPhoneSimulator26.2.sdk -g -I/Users/amrsaied/DerivedData/PaymentsdkExample-fihmfcmcdadiqyacsuppipgwcqpk/Build/Products/Debug-iphonesimulator/glog/include -I/Users/amrsaied/Documents/Flutter/PayTab/github/react-native-paytabs-library/example/ios/Pods/Headers/Private -I/Users/amrsaied/Documents/Flutter/PayTab/github/react-native-paytabs-library/example/ios/Pods/Headers/Private/glog -I/Users/amrsaied/Documents/Flutter/PayTab/github/react-native-paytabs-library/example/ios/Pods/Headers/Public -I/Users/amrsaied/Documents/Flutter/PayTab/github/react-native-paytabs-library/example/ios/Pods/Headers/Public/glog -I/Users/amrsaied/Documents/Flutter/PayTab/github/react-native-paytabs-library/example/ios/Pods/glog/src -I/Users/amrsaied/DerivedData/PaymentsdkExample-fihmfcmcdadiqyacsuppipgwcqpk/Build/Intermediates.noindex/Pods.build/Debug-iphonesimulator/glog.build/DerivedSources-normal/arm64 -I/Users/amrsaied/DerivedData/PaymentsdkExample-fihmfcmcdadiqyacsuppipgwcqpk/Build/Intermediates.noindex/Pods.build/Debug-iphonesimulator/glog.build/DerivedSources/arm64 -I/Users/amrsaied/DerivedData/PaymentsdkExample-fihmfcmcdadiqyacsuppipgwcqpk/Build/Intermediates.noindex/Pods.build/Debug-iphonesimulator/glog.build/DerivedSources -F/Users/amrsaied/DerivedData/PaymentsdkExample-fihmfcmcdadiqyacsuppipgwcqpk/Build/Products/Debug-iphonesimulator/glog

WriteAuxiliaryFile /Users/amrsaied/DerivedData/PaymentsdkExample-fihmfcmcdadiqyacsuppipgwcqpk/Build/Intermediates.noindex/Pods.build/Debug-iphonesimulator/React-logger.build/React-logger-project-headers.hmap (in target 'React-logger' from project 'Pods')
    cd /Users/amrsaied/Documents/Flutter/PayTab/github/react-native-paytabs-library/example/ios/Pods
    write-file /Users/amrsaied/DerivedData/PaymentsdkExample-fihmfcmcdadiqyacsuppipgwcqpk/Build/Intermediates.noindex/Pods.build/Debug-iphonesimulator/React-logger.build/React-logger-project-headers.hmap

WriteAuxiliaryFile /Users/amrsaied/DerivedData/PaymentsdkExample-fihmfcmcdadiqyacsuppipgwcqpk/Build/Intermediates.noindex/Pods.build/Debug-iphonesimulator/React-logger.build/Objects-normal/arm64/e6072d4f65d7061329687fe24e3d63a7-common-args.resp (in target 'React-logger' from project 'Pods')
    cd /Users/amrsaied/Documents/Flutter/PayTab/github/react-native-paytabs-library/example/ios/Pods
    write-file /Users/amrsaied/DerivedData/PaymentsdkExample-fihmfcmcdadiqyacsuppipgwcqpk/Build/Intermediates.noindex/Pods.build/Debug-iphonesimulator/React-logger.build/Objects-normal/arm64/e6072d4f65d7061329687fe24e3d63a7-common-args.resp
-target arm64-apple-ios15.1-simulator '-std=gnu11' -fobjc-arc -fmodules '-fmodules-cache-path=/Users/amrsaied/DerivedData/ModuleCache.noindex' -fpascal-strings -O0 -fno-common '-DPOD_CONFIGURATION_DEBUG=1' '-DDEBUG=1' '-DCOCOAPODS=1' '-DOBJC_OLD_DISPATCH_PROTOTYPES=0' -isysroot /Applications/Xcode.app/Contents/Developer/Platforms/iPhoneSimulator.platform/Developer/SDKs/iPhoneSimulator26.2.sdk -g '-fobjc-abi-version=2' -fobjc-legacy-dispatch -iquote /Users/amrsaied/DerivedData/PaymentsdkExample-fihmfcmcdadiqyacsuppipgwcqpk/Build/Intermediates.noindex/Pods.build/Debug-iphonesimulator/React-logger.build/React-logger-generated-files.hmap -I/Users/amrsaied/DerivedData/PaymentsdkExample-fihmfcmcdadiqyacsuppipgwcqpk/Build/Intermediates.noindex/Pods.build/Debug-iphonesimulator/React-logger.build/React-logger-own-target-headers.hmap -I/Users/amrsaied/DerivedData/PaymentsdkExample-fihmfcmcdadiqyacsuppipgwcqpk/Build/Intermediates.noindex/Pods.build/Debug-iphonesimulator/React-logger.build/React-logger-all-non-framework-target-headers.hmap -ivfsoverlay /Users/amrsaied/DerivedData/PaymentsdkExample-fihmfcmcdadiqyacsuppipgwcqpk/Build/Intermediates.noindex/Pods.build/Debug-iphonesimulator/Pods-8699adb1dd336b26511df848a716bd42-VFS-iphonesimulator/all-product-headers.yaml -iquote /Users/amrsaied/DerivedData/PaymentsdkExample-fihmfcmcdadiqyacsuppipgwcqpk/Build/Intermediates.noindex/Pods.build/Debug-iphonesimulator/React-logger.build/React-logger-project-headers.hmap -I/Users/amrsaied/DerivedData/PaymentsdkExample-fihmfcmcdadiqyacsuppipgwcqpk/Build/Products/Debug-iphonesimulator/React-logger/include -I/Users/amrsaied/Documents/Flutter/PayTab/github/react-native-paytabs-library/example/ios/Pods/Headers/Private -I/Users/amrsaied/Documents/Flutter/PayTab/github/react-native-paytabs-library/example/ios/Pods/Headers/Private/React-logger -I/Users/amrsaied/Documents/Flutter/PayTab/github/react-native-paytabs-library/example/ios/Pods/Headers/Public -I/Users/amrsaied/Documents/Flutter/PayTab/github/react-native-paytabs-library/example/ios/Pods/Headers/Public/React-logger -I/Users/amrsaied/Documents/Flutter/PayTab/github/react-native-paytabs-library/example/ios/Pods/Headers/Public/glog -I/Users/amrsaied/DerivedData/PaymentsdkExample-fihmfcmcdadiqyacsuppipgwcqpk/Build/Intermediates.noindex/Pods.build/Debug-iphonesimulator/React-logger.build/DerivedSources-normal/arm64 -I/Users/amrsaied/DerivedData/PaymentsdkExample-fihmfcmcdadiqyacsuppipgwcqpk/Build/Intermediates.noindex/Pods.build/Debug-iphonesimulator/React-logger.build/DerivedSources/arm64 -I/Users/amrsaied/DerivedData/PaymentsdkExample-fihmfcmcdadiqyacsuppipgwcqpk/Build/Intermediates.noindex/Pods.build/Debug-iphonesimulator/React-logger.build/DerivedSources -F/Users/amrsaied/DerivedData/PaymentsdkExample-fihmfcmcdadiqyacsuppipgwcqpk/Build/Products/Debug-iphonesimulator/React-logger

WriteAuxiliaryFile /Users/amrsaied/DerivedData/PaymentsdkExample-fihmfcmcdadiqyacsuppipgwcqpk/Build/Intermediates.noindex/Pods.build/Debug-iphonesimulator/React-logger.build/Objects-normal/arm64/82b82416624d2658e5098eb0a28c15c5-common-args.resp (in target 'React-logger' from project 'Pods')
    cd /Users/amrsaied/Documents/Flutter/PayTab/github/react-native-paytabs-library/example/ios/Pods
    write-file /Users/amrsaied/DerivedData/PaymentsdkExample-fihmfcmcdadiqyacsuppipgwcqpk/Build/Intermediates.noindex/Pods.build/Debug-iphonesimulator/React-logger.build/Objects-normal/arm64/82b82416624d2658e5098eb0a28c15c5-common-args.resp
-target arm64-apple-ios15.1-simulator '-std=c++20' '-stdlib=libc++' -fmodules -fno-cxx-modules '-fmodules-cache-path=/Users/amrsaied/DerivedData/ModuleCache.noindex' '-D_LIBCPP_HARDENING_MODE=_LIBCPP_HARDENING_MODE_DEBUG' -fpascal-strings -O0 -fno-common '-DPOD_CONFIGURATION_DEBUG=1' '-DDEBUG=1' '-DCOCOAPODS=1' -isysroot /Applications/Xcode.app/Contents/Developer/Platforms/iPhoneSimulator.platform/Developer/SDKs/iPhoneSimulator26.2.sdk -g -iquote /Users/amrsaied/DerivedData/PaymentsdkExample-fihmfcmcdadiqyacsuppipgwcqpk/Build/Intermediates.noindex/Pods.build/Debug-iphonesimulator/React-logger.build/React-logger-generated-files.hmap -I/Users/amrsaied/DerivedData/PaymentsdkExample-fihmfcmcdadiqyacsuppipgwcqpk/Build/Intermediates.noindex/Pods.build/Debug-iphonesimulator/React-logger.build/React-logger-own-target-headers.hmap -I/Users/amrsaied/DerivedData/PaymentsdkExample-fihmfcmcdadiqyacsuppipgwcqpk/Build/Intermediates.noindex/Pods.build/Debug-iphonesimulator/React-logger.build/React-logger-all-non-framework-target-headers.hmap -ivfsoverlay /Users/amrsaied/DerivedData/PaymentsdkExample-fihmfcmcdadiqyacsuppipgwcqpk/Build/Intermediates.noindex/Pods.build/Debug-iphonesimulator/Pods-8699adb1dd336b26511df848a716bd42-VFS-iphonesimulator/all-product-headers.yaml -iquote /Users/amrsaied/DerivedData/PaymentsdkExample-fihmfcmcdadiqyacsuppipgwcqpk/Build/Intermediates.noindex/Pods.build/Debug-iphonesimulator/React-logger.build/React-logger-project-headers.hmap -I/Users/amrsaied/DerivedData/PaymentsdkExample-fihmfcmcdadiqyacsuppipgwcqpk/Build/Products/Debug-iphonesimulator/React-logger/include -I/Users/amrsaied/Documents/Flutter/PayTab/github/react-native-paytabs-library/example/ios/Pods/Headers/Private -I/Users/amrsaied/Documents/Flutter/PayTab/github/react-native-paytabs-library/example/ios/Pods/Headers/Private/React-logger -I/Users/amrsaied/Documents/Flutter/PayTab/github/react-native-paytabs-library/example/ios/Pods/Headers/Public -I/Users/amrsaied/Documents/Flutter/PayTab/github/react-native-paytabs-library/example/ios/Pods/Headers/Public/React-logger -I/Users/amrsaied/Documents/Flutter/PayTab/github/react-native-paytabs-library/example/ios/Pods/Headers/Public/glog -I/Users/amrsaied/DerivedData/PaymentsdkExample-fihmfcmcdadiqyacsuppipgwcqpk/Build/Intermediates.noindex/Pods.build/Debug-iphonesimulator/React-logger.build/DerivedSources-normal/arm64 -I/Users/amrsaied/DerivedData/PaymentsdkExample-fihmfcmcdadiqyacsuppipgwcqpk/Build/Intermediates.noindex/Pods.build/Debug-iphonesimulator/React-logger.build/DerivedSources/arm64 -I/Users/amrsaied/DerivedData/PaymentsdkExample-fihmfcmcdadiqyacsuppipgwcqpk/Build/Intermediates.noindex/Pods.build/Debug-iphonesimulator/React-logger.build/DerivedSources -F/Users/amrsaied/DerivedData/PaymentsdkExample-fihmfcmcdadiqyacsuppipgwcqpk/Build/Products/Debug-iphonesimulator/React-logger

WriteAuxiliaryFile /Users/amrsaied/DerivedData/PaymentsdkExample-fihmfcmcdadiqyacsuppipgwcqpk/Build/Intermediates.noindex/Pods.build/Debug-iphonesimulator/React-jsiexecutor.build/React-jsiexecutor.DependencyStaticMetadataFileList (in target 'React-jsiexecutor' from project 'Pods')
    cd /Users/amrsaied/Documents/Flutter/PayTab/github/react-native-paytabs-library/example/ios/Pods
    write-file /Users/amrsaied/DerivedData/PaymentsdkExample-fihmfcmcdadiqyacsuppipgwcqpk/Build/Intermediates.noindex/Pods.build/Debug-iphonesimulator/React-jsiexecutor.build/React-jsiexecutor.DependencyStaticMetadataFileList

WriteAuxiliaryFile /Users/amrsaied/DerivedData/PaymentsdkExample-fihmfcmcdadiqyacsuppipgwcqpk/Build/Intermediates.noindex/Pods.build/Debug-iphonesimulator/React-jsiexecutor.build/React-jsiexecutor-project-headers.hmap (in target 'React-jsiexecutor' from project 'Pods')
    cd /Users/amrsaied/Documents/Flutter/PayTab/github/react-native-paytabs-library/example/ios/Pods
    write-file /Users/amrsaied/DerivedData/PaymentsdkExample-fihmfcmcdadiqyacsuppipgwcqpk/Build/Intermediates.noindex/Pods.build/Debug-iphonesimulator/React-jsiexecutor.build/React-jsiexecutor-project-headers.hmap

WriteAuxiliaryFile /Users/amrsaied/DerivedData/PaymentsdkExample-fihmfcmcdadiqyacsuppipgwcqpk/Build/Intermediates.noindex/Pods.build/Debug-iphonesimulator/React-jsiexecutor.build/React-jsiexecutor.DependencyMetadataFileList (in target 'React-jsiexecutor' from project 'Pods')
    cd /Users/amrsaied/Documents/Flutter/PayTab/github/react-native-paytabs-library/example/ios/Pods
    write-file /Users/amrsaied/DerivedData/PaymentsdkExample-fihmfcmcdadiqyacsuppipgwcqpk/Build/Intermediates.noindex/Pods.build/Debug-iphonesimulator/React-jsiexecutor.build/React-jsiexecutor.DependencyMetadataFileList

WriteAuxiliaryFile /Users/amrsaied/DerivedData/PaymentsdkExample-fihmfcmcdadiqyacsuppipgwcqpk/Build/Intermediates.noindex/Pods.build/Debug-iphonesimulator/React-jsiexecutor.build/Objects-normal/arm64/e6072d4f65d7061329687fe24e3d63a7-common-args.resp (in target 'React-jsiexecutor' from project 'Pods')
    cd /Users/amrsaied/Documents/Flutter/PayTab/github/react-native-paytabs-library/example/ios/Pods
    write-file /Users/amrsaied/DerivedData/PaymentsdkExample-fihmfcmcdadiqyacsuppipgwcqpk/Build/Intermediates.noindex/Pods.build/Debug-iphonesimulator/React-jsiexecutor.build/Objects-normal/arm64/e6072d4f65d7061329687fe24e3d63a7-common-args.resp
-target arm64-apple-ios15.1-simulator '-std=gnu11' -fobjc-arc -fmodules '-fmodules-cache-path=/Users/amrsaied/DerivedData/ModuleCache.noindex' -fpascal-strings -O0 -fno-common '-DPOD_CONFIGURATION_DEBUG=1' '-DDEBUG=1' '-DCOCOAPODS=1' '-DOBJC_OLD_DISPATCH_PROTOTYPES=0' -isysroot /Applications/Xcode.app/Contents/Developer/Platforms/iPhoneSimulator.platform/Developer/SDKs/iPhoneSimulator26.2.sdk -g '-fobjc-abi-version=2' -fobjc-legacy-dispatch -iquote /Users/amrsaied/DerivedData/PaymentsdkExample-fihmfcmcdadiqyacsuppipgwcqpk/Build/Intermediates.noindex/Pods.build/Debug-iphonesimulator/React-jsiexecutor.build/React-jsiexecutor-generated-files.hmap -I/Users/amrsaied/DerivedData/PaymentsdkExample-fihmfcmcdadiqyacsuppipgwcqpk/Build/Intermediates.noindex/Pods.build/Debug-iphonesimulator/React-jsiexecutor.build/React-jsiexecutor-own-target-headers.hmap -I/Users/amrsaied/DerivedData/PaymentsdkExample-fihmfcmcdadiqyacsuppipgwcqpk/Build/Intermediates.noindex/Pods.build/Debug-iphonesimulator/React-jsiexecutor.build/React-jsiexecutor-all-non-framework-target-headers.hmap -ivfsoverlay /Users/amrsaied/DerivedData/PaymentsdkExample-fihmfcmcdadiqyacsuppipgwcqpk/Build/Intermediates.noindex/Pods.build/Debug-iphonesimulator/Pods-8699adb1dd336b26511df848a716bd42-VFS-iphonesimulator/all-product-headers.yaml -iquote /Users/amrsaied/DerivedData/PaymentsdkExample-fihmfcmcdadiqyacsuppipgwcqpk/Build/Intermediates.noindex/Pods.build/Debug-iphonesimulator/React-jsiexecutor.build/React-jsiexecutor-project-headers.hmap -I/Users/amrsaied/DerivedData/PaymentsdkExample-fihmfcmcdadiqyacsuppipgwcqpk/Build/Products/Debug-iphonesimulator/React-jsiexecutor/include -I/Users/amrsaied/Documents/Flutter/PayTab/github/react-native-paytabs-library/example/ios/Pods/Headers/Private -I/Users/amrsaied/Documents/Flutter/PayTab/github/react-native-paytabs-library/example/ios/Pods/Headers/Private/React-jsiexecutor -I/Users/amrsaied/Documents/Flutter/PayTab/github/react-native-paytabs-library/example/ios/Pods/Headers/Public -I/Users/amrsaied/Documents/Flutter/PayTab/github/react-native-paytabs-library/example/ios/Pods/Headers/Public/DoubleConversion -I/Users/amrsaied/Documents/Flutter/PayTab/github/react-native-paytabs-library/example/ios/Pods/Headers/Public/RCT-Folly -I/Users/amrsaied/Documents/Flutter/PayTab/github/react-native-paytabs-library/example/ios/Pods/Headers/Public/React-callinvoker -I/Users/amrsaied/Documents/Flutter/PayTab/github/react-native-paytabs-library/example/ios/Pods/Headers/Public/React-cxxreact -I/Users/amrsaied/Documents/Flutter/PayTab/github/react-native-paytabs-library/example/ios/Pods/Headers/Public/React-debug -I/Users/amrsaied/Documents/Flutter/PayTab/github/react-native-paytabs-library/example/ios/Pods/Headers/Public/React-featureflags -I/Users/amrsaied/Documents/Flutter/PayTab/github/react-native-paytabs-library/example/ios/Pods/Headers/Public/React-jsi -I/Users/amrsaied/Documents/Flutter/PayTab/github/react-native-paytabs-library/example/ios/Pods/Headers/Public/React-jsiexecutor -I/Users/amrsaied/Documents/Flutter/PayTab/github/react-native-paytabs-library/example/ios/Pods/Headers/Public/React-jsinspector -I/Users/amrsaied/Documents/Flutter/PayTab/github/react-native-paytabs-library/example/ios/Pods/Headers/Public/React-jsinspectortracing -I/Users/amrsaied/Documents/Flutter/PayTab/github/react-native-paytabs-library/example/ios/Pods/Headers/Public/React-logger -I/Users/amrsaied/Documents/Flutter/PayTab/github/react-native-paytabs-library/example/ios/Pods/Headers/Public/React-oscompat -I/Users/amrsaied/Documents/Flutter/PayTab/github/react-native-paytabs-library/example/ios/Pods/Headers/Public/React-perflogger -I/Users/amrsaied/Documents/Flutter/PayTab/github/react-native-paytabs-library/example/ios/Pods/Headers/Public/React-runtimeexecutor -I/Users/amrsaied/Documents/Flutter/PayTab/github/react-native-paytabs-library/example/ios/Pods/Headers/Public/React-timing -I/Users/amrsaied/Documents/Flutter/PayTab/github/react-native-paytabs-library/example/ios/Pods/Headers/Public/boost -I/Users/amrsaied/Documents/Flutter/PayTab/github/react-native-paytabs-library/example/ios/Pods/Headers/Public/fast_float -I/Users/amrsaied/Documents/Flutter/PayTab/github/react-native-paytabs-library/example/ios/Pods/Headers/Public/fmt -I/Users/amrsaied/Documents/Flutter/PayTab/github/react-native-paytabs-library/example/ios/Pods/Headers/Public/glog -I/Users/amrsaied/Documents/Flutter/PayTab/github/react-native-paytabs-library/example/ios/Pods/Headers/Public/hermes-engine -I/Users/amrsaied/Documents/Flutter/PayTab/github/react-native-paytabs-library/example/ios/Pods/boost -I/Users/amrsaied/Documents/Flutter/PayTab/github/react-native-paytabs-library/example/ios/Pods/RCT-Folly -I/Users/amrsaied/Documents/Flutter/PayTab/github/react-native-paytabs-library/example/ios/Pods/DoubleConversion -I/Users/amrsaied/Documents/Flutter/PayTab/github/react-native-paytabs-library/example/ios/Pods/fast_float/include -I/Users/amrsaied/Documents/Flutter/PayTab/github/react-native-paytabs-library/example/ios/Pods/fmt/include -I/Users/amrsaied/DerivedData/PaymentsdkExample-fihmfcmcdadiqyacsuppipgwcqpk/Build/Products/Debug-iphonesimulator/React-jsinspector/jsinspector_modern.framework/Headers -I/Users/amrsaied/DerivedData/PaymentsdkExample-fihmfcmcdadiqyacsuppipgwcqpk/Build/Products/Debug-iphonesimulator/React-jsinspectortracing/jsinspector_moderntracing.framework/Headers -I/Users/amrsaied/DerivedData/PaymentsdkExample-fihmfcmcdadiqyacsuppipgwcqpk/Build/Intermediates.noindex/Pods.build/Debug-iphonesimulator/React-jsiexecutor.build/DerivedSources-normal/arm64 -I/Users/amrsaied/DerivedData/PaymentsdkExample-fihmfcmcdadiqyacsuppipgwcqpk/Build/Intermediates.noindex/Pods.build/Debug-iphonesimulator/React-jsiexecutor.build/DerivedSources/arm64 -I/Users/amrsaied/DerivedData/PaymentsdkExample-fihmfcmcdadiqyacsuppipgwcqpk/Build/Intermediates.noindex/Pods.build/Debug-iphonesimulator/React-jsiexecutor.build/DerivedSources -F/Users/amrsaied/DerivedData/PaymentsdkExample-fihmfcmcdadiqyacsuppipgwcqpk/Build/Products/Debug-iphonesimulator/React-jsiexecutor -F/Users/amrsaied/Documents/Flutter/PayTab/github/react-native-paytabs-library/example/ios/Pods/hermes-engine/destroot/Library/Frameworks/universal -F/Users/amrsaied/DerivedData/PaymentsdkExample-fihmfcmcdadiqyacsuppipgwcqpk/Build/Products/Debug-iphonesimulator/XCFrameworkIntermediates/hermes-engine/Pre-built '-fmodule-map-file=/Users/amrsaied/Documents/Flutter/PayTab/github/react-native-paytabs-library/example/ios/Pods/Headers/Public/folly/RCT-Folly.modulemap' '-fmodule-map-file=/Users/amrsaied/Documents/Flutter/PayTab/github/react-native-paytabs-library/example/ios/Pods/Headers/Public/jsi/React-jsi.modulemap' '-fmodule-map-file=/Users/amrsaied/Documents/Flutter/PayTab/github/react-native-paytabs-library/example/ios/Pods/Headers/Public/jsinspector_modern/React-jsinspector.modulemap' '-fmodule-map-file=/Users/amrsaied/Documents/Flutter/PayTab/github/react-native-paytabs-library/example/ios/Pods/Headers/Public/jsinspector_modern_tracing/React-jsinspectortracing.modulemap' '-fmodule-map-file=/Users/amrsaied/Documents/Flutter/PayTab/github/react-native-paytabs-library/example/ios/Pods/Headers/Public/react_debug/React-debug.modulemap' '-fmodule-map-file=/Users/amrsaied/Documents/Flutter/PayTab/github/react-native-paytabs-library/example/ios/Pods/Headers/Public/react_featureflags/React-featureflags.modulemap'

WriteAuxiliaryFile /Users/amrsaied/DerivedData/PaymentsdkExample-fihmfcmcdadiqyacsuppipgwcqpk/Build/Intermediates.noindex/Pods.build/Debug-iphonesimulator/React-jsiexecutor.build/Objects-normal/arm64/82b82416624d2658e5098eb0a28c15c5-common-args.resp (in target 'React-jsiexecutor' from project 'Pods')
    cd /Users/amrsaied/Documents/Flutter/PayTab/github/react-native-paytabs-library/example/ios/Pods
    write-file /Users/amrsaied/DerivedData/PaymentsdkExample-fihmfcmcdadiqyacsuppipgwcqpk/Build/Intermediates.noindex/Pods.build/Debug-iphonesimulator/React-jsiexecutor.build/Objects-normal/arm64/82b82416624d2658e5098eb0a28c15c5-common-args.resp
-target arm64-apple-ios15.1-simulator '-std=c++20' '-stdlib=libc++' -fmodules -fno-cxx-modules '-fmodules-cache-path=/Users/amrsaied/DerivedData/ModuleCache.noindex' '-D_LIBCPP_HARDENING_MODE=_LIBCPP_HARDENING_MODE_DEBUG' -fpascal-strings -O0 -fno-common '-DPOD_CONFIGURATION_DEBUG=1' '-DDEBUG=1' '-DCOCOAPODS=1' -isysroot /Applications/Xcode.app/Contents/Developer/Platforms/iPhoneSimulator.platform/Developer/SDKs/iPhoneSimulator26.2.sdk -g -iquote /Users/amrsaied/DerivedData/PaymentsdkExample-fihmfcmcdadiqyacsuppipgwcqpk/Build/Intermediates.noindex/Pods.build/Debug-iphonesimulator/React-jsiexecutor.build/React-jsiexecutor-generated-files.hmap -I/Users/amrsaied/DerivedData/PaymentsdkExample-fihmfcmcdadiqyacsuppipgwcqpk/Build/Intermediates.noindex/Pods.build/Debug-iphonesimulator/React-jsiexecutor.build/React-jsiexecutor-own-target-headers.hmap -I/Users/amrsaied/DerivedData/PaymentsdkExample-fihmfcmcdadiqyacsuppipgwcqpk/Build/Intermediates.noindex/Pods.build/Debug-iphonesimulator/React-jsiexecutor.build/React-jsiexecutor-all-non-framework-target-headers.hmap -ivfsoverlay /Users/amrsaied/DerivedData/PaymentsdkExample-fihmfcmcdadiqyacsuppipgwcqpk/Build/Intermediates.noindex/Pods.build/Debug-iphonesimulator/Pods-8699adb1dd336b26511df848a716bd42-VFS-iphonesimulator/all-product-headers.yaml -iquote /Users/amrsaied/DerivedData/PaymentsdkExample-fihmfcmcdadiqyacsuppipgwcqpk/Build/Intermediates.noindex/Pods.build/Debug-iphonesimulator/React-jsiexecutor.build/React-jsiexecutor-project-headers.hmap -I/Users/amrsaied/DerivedData/PaymentsdkExample-fihmfcmcdadiqyacsuppipgwcqpk/Build/Products/Debug-iphonesimulator/React-jsiexecutor/include -I/Users/amrsaied/Documents/Flutter/PayTab/github/react-native-paytabs-library/example/ios/Pods/Headers/Private -I/Users/amrsaied/Documents/Flutter/PayTab/github/react-native-paytabs-library/example/ios/Pods/Headers/Private/React-jsiexecutor -I/Users/amrsaied/Documents/Flutter/PayTab/github/react-native-paytabs-library/example/ios/Pods/Headers/Public -I/Users/amrsaied/Documents/Flutter/PayTab/github/react-native-paytabs-library/example/ios/Pods/Headers/Public/DoubleConversion -I/Users/amrsaied/Documents/Flutter/PayTab/github/react-native-paytabs-library/example/ios/Pods/Headers/Public/RCT-Folly -I/Users/amrsaied/Documents/Flutter/PayTab/github/react-native-paytabs-library/example/ios/Pods/Headers/Public/React-callinvoker -I/Users/amrsaied/Documents/Flutter/PayTab/github/react-native-paytabs-library/example/ios/Pods/Headers/Public/React-cxxreact -I/Users/amrsaied/Documents/Flutter/PayTab/github/react-native-paytabs-library/example/ios/Pods/Headers/Public/React-debug -I/Users/amrsaied/Documents/Flutter/PayTab/github/react-native-paytabs-library/example/ios/Pods/Headers/Public/React-featureflags -I/Users/amrsaied/Documents/Flutter/PayTab/github/react-native-paytabs-library/example/ios/Pods/Headers/Public/React-jsi -I/Users/amrsaied/Documents/Flutter/PayTab/github/react-native-paytabs-library/example/ios/Pods/Headers/Public/React-jsiexecutor -I/Users/amrsaied/Documents/Flutter/PayTab/github/react-native-paytabs-library/example/ios/Pods/Headers/Public/React-jsinspector -I/Users/amrsaied/Documents/Flutter/PayTab/github/react-native-paytabs-library/example/ios/Pods/Headers/Public/React-jsinspectortracing -I/Users/amrsaied/Documents/Flutter/PayTab/github/react-native-paytabs-library/example/ios/Pods/Headers/Public/React-logger -I/Users/amrsaied/Documents/Flutter/PayTab/github/react-native-paytabs-library/example/ios/Pods/Headers/Public/React-oscompat -I/Users/amrsaied/Documents/Flutter/PayTab/github/react-native-paytabs-library/example/ios/Pods/Headers/Public/React-perflogger -I/Users/amrsaied/Documents/Flutter/PayTab/github/react-native-paytabs-library/example/ios/Pods/Headers/Public/React-runtimeexecutor -I/Users/amrsaied/Documents/Flutter/PayTab/github/react-native-paytabs-library/example/ios/Pods/Headers/Public/React-timing -I/Users/amrsaied/Documents/Flutter/PayTab/github/react-native-paytabs-library/example/ios/Pods/Headers/Public/boost -I/Users/amrsaied/Documents/Flutter/PayTab/github/react-native-paytabs-library/example/ios/Pods/Headers/Public/fast_float -I/Users/amrsaied/Documents/Flutter/PayTab/github/react-native-paytabs-library/example/ios/Pods/Headers/Public/fmt -I/Users/amrsaied/Documents/Flutter/PayTab/github/react-native-paytabs-library/example/ios/Pods/Headers/Public/glog -I/Users/amrsaied/Documents/Flutter/PayTab/github/react-native-paytabs-library/example/ios/Pods/Headers/Public/hermes-engine -I/Users/amrsaied/Documents/Flutter/PayTab/github/react-native-paytabs-library/example/ios/Pods/boost -I/Users/amrsaied/Documents/Flutter/PayTab/github/react-native-paytabs-library/example/ios/Pods/RCT-Folly -I/Users/amrsaied/Documents/Flutter/PayTab/github/react-native-paytabs-library/example/ios/Pods/DoubleConversion -I/Users/amrsaied/Documents/Flutter/PayTab/github/react-native-paytabs-library/example/ios/Pods/fast_float/include -I/Users/amrsaied/Documents/Flutter/PayTab/github/react-native-paytabs-library/example/ios/Pods/fmt/include -I/Users/amrsaied/DerivedData/PaymentsdkExample-fihmfcmcdadiqyacsuppipgwcqpk/Build/Products/Debug-iphonesimulator/React-jsinspector/jsinspector_modern.framework/Headers -I/Users/amrsaied/DerivedData/PaymentsdkExample-fihmfcmcdadiqyacsuppipgwcqpk/Build/Products/Debug-iphonesimulator/React-jsinspectortracing/jsinspector_moderntracing.framework/Headers -I/Users/amrsaied/DerivedData/PaymentsdkExample-fihmfcmcdadiqyacsuppipgwcqpk/Build/Intermediates.noindex/Pods.build/Debug-iphonesimulator/React-jsiexecutor.build/DerivedSources-normal/arm64 -I/Users/amrsaied/DerivedData/PaymentsdkExample-fihmfcmcdadiqyacsuppipgwcqpk/Build/Intermediates.noindex/Pods.build/Debug-iphonesimulator/React-jsiexecutor.build/DerivedSources/arm64 -I/Users/amrsaied/DerivedData/PaymentsdkExample-fihmfcmcdadiqyacsuppipgwcqpk/Build/Intermediates.noindex/Pods.build/Debug-iphonesimulator/React-jsiexecutor.build/DerivedSources -F/Users/amrsaied/DerivedData/PaymentsdkExample-fihmfcmcdadiqyacsuppipgwcqpk/Build/Products/Debug-iphonesimulator/React-jsiexecutor -F/Users/amrsaied/Documents/Flutter/PayTab/github/react-native-paytabs-library/example/ios/Pods/hermes-engine/destroot/Library/Frameworks/universal -F/Users/amrsaied/DerivedData/PaymentsdkExample-fihmfcmcdadiqyacsuppipgwcqpk/Build/Products/Debug-iphonesimulator/XCFrameworkIntermediates/hermes-engine/Pre-built '-fmodule-map-file=/Users/amrsaied/Documents/Flutter/PayTab/github/react-native-paytabs-library/example/ios/Pods/Headers/Public/folly/RCT-Folly.modulemap' '-fmodule-map-file=/Users/amrsaied/Documents/Flutter/PayTab/github/react-native-paytabs-library/example/ios/Pods/Headers/Public/jsi/React-jsi.modulemap' '-fmodule-map-file=/Users/amrsaied/Documents/Flutter/PayTab/github/react-native-paytabs-library/example/ios/Pods/Headers/Public/jsinspector_modern/React-jsinspector.modulemap' '-fmodule-map-file=/Users/amrsaied/Documents/Flutter/PayTab/github/react-native-paytabs-library/example/ios/Pods/Headers/Public/jsinspector_modern_tracing/React-jsinspectortracing.modulemap' '-fmodule-map-file=/Users/amrsaied/Documents/Flutter/PayTab/github/react-native-paytabs-library/example/ios/Pods/Headers/Public/react_debug/React-debug.modulemap' '-fmodule-map-file=/Users/amrsaied/Documents/Flutter/PayTab/github/react-native-paytabs-library/example/ios/Pods/Headers/Public/react_featureflags/React-featureflags.modulemap'

WriteAuxiliaryFile /Users/amrsaied/DerivedData/PaymentsdkExample-fihmfcmcdadiqyacsuppipgwcqpk/Build/Intermediates.noindex/Pods.build/Debug-iphonesimulator/React-cxxreact.build/React-cxxreact.DependencyStaticMetadataFileList (in target 'React-cxxreact' from project 'Pods')
    cd /Users/amrsaied/Documents/Flutter/PayTab/github/react-native-paytabs-library/example/ios/Pods
    write-file /Users/amrsaied/DerivedData/PaymentsdkExample-fihmfcmcdadiqyacsuppipgwcqpk/Build/Intermediates.noindex/Pods.build/Debug-iphonesimulator/React-cxxreact.build/React-cxxreact.DependencyStaticMetadataFileList

WriteAuxiliaryFile /Users/amrsaied/DerivedData/PaymentsdkExample-fihmfcmcdadiqyacsuppipgwcqpk/Build/Intermediates.noindex/Pods.build/Debug-iphonesimulator/React-cxxreact.build/React-cxxreact.DependencyMetadataFileList (in target 'React-cxxreact' from project 'Pods')
    cd /Users/amrsaied/Documents/Flutter/PayTab/github/react-native-paytabs-library/example/ios/Pods
    write-file /Users/amrsaied/DerivedData/PaymentsdkExample-fihmfcmcdadiqyacsuppipgwcqpk/Build/Intermediates.noindex/Pods.build/Debug-iphonesimulator/React-cxxreact.build/React-cxxreact.DependencyMetadataFileList

WriteAuxiliaryFile /Users/amrsaied/DerivedData/PaymentsdkExample-fihmfcmcdadiqyacsuppipgwcqpk/Build/Intermediates.noindex/Pods.build/Debug-iphonesimulator/React-cxxreact.build/React-cxxreact-project-headers.hmap (in target 'React-cxxreact' from project 'Pods')
    cd /Users/amrsaied/Documents/Flutter/PayTab/github/react-native-paytabs-library/example/ios/Pods
    write-file /Users/amrsaied/DerivedData/PaymentsdkExample-fihmfcmcdadiqyacsuppipgwcqpk/Build/Intermediates.noindex/Pods.build/Debug-iphonesimulator/React-cxxreact.build/React-cxxreact-project-headers.hmap

WriteAuxiliaryFile /Users/amrsaied/DerivedData/PaymentsdkExample-fihmfcmcdadiqyacsuppipgwcqpk/Build/Intermediates.noindex/Pods.build/Debug-iphonesimulator/React-cxxreact.build/React-cxxreact-own-target-headers.hmap (in target 'React-cxxreact' from project 'Pods')
    cd /Users/amrsaied/Documents/Flutter/PayTab/github/react-native-paytabs-library/example/ios/Pods
    write-file /Users/amrsaied/DerivedData/PaymentsdkExample-fihmfcmcdadiqyacsuppipgwcqpk/Build/Intermediates.noindex/Pods.build/Debug-iphonesimulator/React-cxxreact.build/React-cxxreact-own-target-headers.hmap

WriteAuxiliaryFile /Users/amrsaied/DerivedData/PaymentsdkExample-fihmfcmcdadiqyacsuppipgwcqpk/Build/Intermediates.noindex/Pods.build/Debug-iphonesimulator/React-cxxreact.build/Objects-normal/arm64/e6072d4f65d7061329687fe24e3d63a7-common-args.resp (in target 'React-cxxreact' from project 'Pods')
    cd /Users/amrsaied/Documents/Flutter/PayTab/github/react-native-paytabs-library/example/ios/Pods
    write-file /Users/amrsaied/DerivedData/PaymentsdkExample-fihmfcmcdadiqyacsuppipgwcqpk/Build/Intermediates.noindex/Pods.build/Debug-iphonesimulator/React-cxxreact.build/Objects-normal/arm64/e6072d4f65d7061329687fe24e3d63a7-common-args.resp
-target arm64-apple-ios15.1-simulator '-std=gnu11' -fobjc-arc -fmodules '-fmodules-cache-path=/Users/amrsaied/DerivedData/ModuleCache.noindex' -fpascal-strings -O0 -fno-common '-DPOD_CONFIGURATION_DEBUG=1' '-DDEBUG=1' '-DCOCOAPODS=1' '-DOBJC_OLD_DISPATCH_PROTOTYPES=0' -isysroot /Applications/Xcode.app/Contents/Developer/Platforms/iPhoneSimulator.platform/Developer/SDKs/iPhoneSimulator26.2.sdk -g '-fobjc-abi-version=2' -fobjc-legacy-dispatch -iquote /Users/amrsaied/DerivedData/PaymentsdkExample-fihmfcmcdadiqyacsuppipgwcqpk/Build/Intermediates.noindex/Pods.build/Debug-iphonesimulator/React-cxxreact.build/React-cxxreact-generated-files.hmap -I/Users/amrsaied/DerivedData/PaymentsdkExample-fihmfcmcdadiqyacsuppipgwcqpk/Build/Intermediates.noindex/Pods.build/Debug-iphonesimulator/React-cxxreact.build/React-cxxreact-own-target-headers.hmap -I/Users/amrsaied/DerivedData/PaymentsdkExample-fihmfcmcdadiqyacsuppipgwcqpk/Build/Intermediates.noindex/Pods.build/Debug-iphonesimulator/React-cxxreact.build/React-cxxreact-all-non-framework-target-headers.hmap -ivfsoverlay /Users/amrsaied/DerivedData/PaymentsdkExample-fihmfcmcdadiqyacsuppipgwcqpk/Build/Intermediates.noindex/Pods.build/Debug-iphonesimulator/Pods-8699adb1dd336b26511df848a716bd42-VFS-iphonesimulator/all-product-headers.yaml -iquote /Users/amrsaied/DerivedData/PaymentsdkExample-fihmfcmcdadiqyacsuppipgwcqpk/Build/Intermediates.noindex/Pods.build/Debug-iphonesimulator/React-cxxreact.build/React-cxxreact-project-headers.hmap -I/Users/amrsaied/DerivedData/PaymentsdkExample-fihmfcmcdadiqyacsuppipgwcqpk/Build/Products/Debug-iphonesimulator/React-cxxreact/include -I/Users/amrsaied/Documents/Flutter/PayTab/github/react-native-paytabs-library/example/ios/Pods/Headers/Private -I/Users/amrsaied/Documents/Flutter/PayTab/github/react-native-paytabs-library/example/ios/Pods/Headers/Private/React-cxxreact -I/Users/amrsaied/Documents/Flutter/PayTab/github/react-native-paytabs-library/example/ios/Pods/Headers/Public -I/Users/amrsaied/Documents/Flutter/PayTab/github/react-native-paytabs-library/example/ios/Pods/Headers/Public/DoubleConversion -I/Users/amrsaied/Documents/Flutter/PayTab/github/react-native-paytabs-library/example/ios/Pods/Headers/Public/RCT-Folly -I/Users/amrsaied/Documents/Flutter/PayTab/github/react-native-paytabs-library/example/ios/Pods/Headers/Public/React-callinvoker -I/Users/amrsaied/Documents/Flutter/PayTab/github/react-native-paytabs-library/example/ios/Pods/Headers/Public/React-cxxreact -I/Users/amrsaied/Documents/Flutter/PayTab/github/react-native-paytabs-library/example/ios/Pods/Headers/Public/React-debug -I/Users/amrsaied/Documents/Flutter/PayTab/github/react-native-paytabs-library/example/ios/Pods/Headers/Public/React-featureflags -I/Users/amrsaied/Documents/Flutter/PayTab/github/react-native-paytabs-library/example/ios/Pods/Headers/Public/React-jsi -I/Users/amrsaied/Documents/Flutter/PayTab/github/react-native-paytabs-library/example/ios/Pods/Headers/Public/React-jsinspector -I/Users/amrsaied/Documents/Flutter/PayTab/github/react-native-paytabs-library/example/ios/Pods/Headers/Public/React-jsinspectortracing -I/Users/amrsaied/Documents/Flutter/PayTab/github/react-native-paytabs-library/example/ios/Pods/Headers/Public/React-logger -I/Users/amrsaied/Documents/Flutter/PayTab/github/react-native-paytabs-library/example/ios/Pods/Headers/Public/React-oscompat -I/Users/amrsaied/Documents/Flutter/PayTab/github/react-native-paytabs-library/example/ios/Pods/Headers/Public/React-perflogger -I/Users/amrsaied/Documents/Flutter/PayTab/github/react-native-paytabs-library/example/ios/Pods/Headers/Public/React-runtimeexecutor -I/Users/amrsaied/Documents/Flutter/PayTab/github/react-native-paytabs-library/example/ios/Pods/Headers/Public/React-timing -I/Users/amrsaied/Documents/Flutter/PayTab/github/react-native-paytabs-library/example/ios/Pods/Headers/Public/boost -I/Users/amrsaied/Documents/Flutter/PayTab/github/react-native-paytabs-library/example/ios/Pods/Headers/Public/fast_float -I/Users/amrsaied/Documents/Flutter/PayTab/github/react-native-paytabs-library/example/ios/Pods/Headers/Public/fmt -I/Users/amrsaied/Documents/Flutter/PayTab/github/react-native-paytabs-library/example/ios/Pods/Headers/Public/glog -I/Users/amrsaied/Documents/Flutter/PayTab/github/react-native-paytabs-library/example/ios/Pods/Headers/Public/hermes-engine -I/Users/amrsaied/Documents/Flutter/PayTab/github/react-native-paytabs-library/example/ios/Pods/boost -I/Users/amrsaied/Documents/Flutter/PayTab/github/react-native-paytabs-library/example/ios/Pods/RCT-Folly -I/Users/amrsaied/Documents/Flutter/PayTab/github/react-native-paytabs-library/example/ios/Pods/DoubleConversion -I/Users/amrsaied/Documents/Flutter/PayTab/github/react-native-paytabs-library/example/ios/Pods/fas_float/include -I/Users/amrsaied/Documents/Flutter/PayTab/github/react-native-paytabs-library/example/ios/Pods/fmt/include -I/Users/amrsaied/DerivedData/PaymentsdkExample-fihmfcmcdadiqyacsuppipgwcqpk/Build/Products/Debug-iphonesimulator/React-debug/React_debug.framework/Headers -I/Users/amrsaied/DerivedData/PaymentsdkExample-fihmfcmcdadiqyacsuppipgwcqpk/Build/Products/Debug-iphonesimulator/React-runtimeexecutor/React_runtimeexecutor.framework/Headers -I/Users/amrsaied/DerivedData/PaymentsdkExample-fihmfcmcdadiqyacsuppipgwcqpk/Build/Products/Debug-iphonesimulator/React-jsinspector/jsinspector_modern.framework/Headers -I/Users/amrsaied/DerivedData/PaymentsdkExample-fihmfcmcdadiqyacsuppipgwcqpk/Build/Products/Debug-iphonesimulator/React-jsinspectortracing/jsinspector_moderntracing.framework/Headers -I/Users/amrsaied/DerivedData/PaymentsdkExample-fihmfcmcdadiqyacsuppipgwcqpk/Build/Intermediates.noindex/Pods.build/Debug-iphonesimulator/React-cxxreact.build/DerivedSources-normal/arm64 -I/Users/amrsaied/DerivedData/PaymentsdkExample-fihmfcmcdadiqyacsuppipgwcqpk/Build/Intermediates.noindex/Pods.build/Debug-iphonesimulator/React-cxxreact.build/DerivedSources/arm64 -I/Users/amrsaied/DerivedData/PaymentsdkExample-fihmfcmcdadiqyacsuppipgwcqpk/Build/Intermediates.noindex/Pods.build/Debug-iphonesimulator/React-cxxreact.build/DerivedSources -F/Users/amrsaied/DerivedData/PaymentsdkExample-fihmfcmcdadiqyacsuppipgwcqpk/Build/Products/Debug-iphonesimulator/React-cxxreact -F/Users/amrsaied/Documents/Flutter/PayTab/github/react-native-paytabs-library/example/ios/Pods/hermes-engine/destroot/Library/Frameworks/universal -F/Users/amrsaied/DerivedData/PaymentsdkExample-fihmfcmcdadiqyacsuppipgwcqpk/Build/Products/Debug-iphonesimulator/XCFrameworkIntermediates/hermes-engine/Pre-built '-fmodule-map-file=/Users/amrsaied/Documents/Flutter/PayTab/github/react-native-paytabs-library/example/ios/Pods/Headers/Public/folly/RCT-Folly.modulemap' '-fmodule-map-file=/Users/amrsaied/Documents/Flutter/PayTab/github/react-native-paytabs-library/example/ios/Pods/Headers/Public/jsi/React-jsi.modulemap' '-fmodule-map-file=/Users/amrsaied/Documents/Flutter/PayTab/github/react-native-paytabs-library/example/ios/Pods/Headers/Public/jsinspector_modern/React-jsinspector.modulemap' '-fmodule-map-file=/Users/amrsaied/Documents/Flutter/PayTab/github/react-native-paytabs-library/example/ios/Pods/Headers/Public/jsinspector_modern_tracing/React-jsinspectortracing.modulemap' '-fmodule-map-file=/Users/amrsaied/Documents/Flutter/PayTab/github/react-native-paytabs-library/example/ios/Pods/Headers/Public/react_debug/React-debug.modulemap' '-fmodule-map-file=/Users/amrsaied/Documents/Flutter/PayTab/github/react-native-paytabs-library/example/ios/Pods/Headers/Public/react_featureflags/React-featureflags.modulemap'

WriteAuxiliaryFile /Users/amrsaied/DerivedData/PaymentsdkExample-fihmfcmcdadiqyacsuppipgwcqpk/Build/Intermediates.noindex/Pods.build/Debug-iphonesimulator/React-cxxreact.build/Objects-normal/arm64/82b82416624d2658e5098eb0a28c15c5-common-args.resp (in target 'React-cxxreact' from project 'Pods')
    cd /Users/amrsaied/Documents/Flutter/PayTab/github/react-native-paytabs-library/example/ios/Pods
    write-file /Users/amrsaied/DerivedData/PaymentsdkExample-fihmfcmcdadiqyacsuppipgwcqpk/Build/Intermediates.noindex/Pods.build/Debug-iphonesimulator/React-cxxreact.build/Objects-normal/arm64/82b82416624d2658e5098eb0a28c15c5-common-args.resp
-target arm64-apple-ios15.1-simulator '-std=c++20' '-stdlib=libc++' -fmodules -fno-cxx-modules '-fmodules-cache-path=/Users/amrsaied/DerivedData/ModuleCache.noindex' '-D_LIBCPP_HARDENING_MODE=_LIBCPP_HARDENING_MODE_DEBUG' -fpascal-strings -O0 -fno-common '-DPOD_CONFIGURATION_DEBUG=1' '-DDEBUG=1' '-DCOCOAPODS=1' -isysroot /Applications/Xcode.app/Contents/Developer/Platforms/iPhoneSimulator.platform/Developer/SDKs/iPhoneSimulator26.2.sdk -g -iquote /Users/amrsaied/DerivedData/PaymentsdkExample-fihmfcmcdadiqyacsuppipgwcqpk/Build/Intermediates.noindex/Pods.build/Debug-iphonesimulator/React-cxxreact.build/React-cxxreact-generated-files.hmap -I/Users/amrsaied/DerivedData/PaymentsdkExample-fihmfcmcdadiqyacsuppipgwcqpk/Build/Intermediates.noindex/Pods.build/Debug-iphonesimulator/React-cxxreact.build/React-cxxreact-own-target-headers.hmap -I/Users/amrsaied/DerivedData/PaymentsdkExample-fihmfcmcdadiqyacsuppipgwcqpk/Build/Intermediates.noindex/Pods.build/Debug-iphonesimulator/React-cxxreact.build/React-cxxreact-all-non-framework-target-headers.hmap -ivfsoverlay /Users/amrsaied/DerivedData/PaymentsdkExample-fihmfcmcdadiqyacsuppipgwcqpk/Build/Intermediates.noindex/Pods.build/Debug-iphonesimulator/Pods-8699adb1dd336b26511df848a716bd42-VFS-iphonesimulator/all-product-headers.yaml -iquote /Users/amrsaied/DerivedData/PaymentsdkExample-fihmfcmcdadiqyacsuppipgwcqpk/Build/Intermediates.noindex/Pods.build/Debug-iphonesimulator/React-cxxreact.build/React-cxxreact-project-headers.hmap -I/Users/amrsaied/DerivedData/PaymentsdkExample-fihmfcmcdadiqyacsuppipgwcqpk/Build/Products/Debug-iphonesimulator/React-cxxreact/include -I/Users/amrsaied/Documents/Flutter/PayTab/github/react-native-paytabs-library/example/ios/Pods/Headers/Private -I/Users/amrsaied/Documents/Flutter/PayTab/github/react-native-paytabs-library/example/ios/Pods/Headers/Private/React-cxxreact -I/Users/amrsaied/Documents/Flutter/PayTab/github/react-native-paytabs-library/example/ios/Pods/Headers/Public -I/Users/amrsaied/Documents/Flutter/PayTab/github/react-native-paytabs-library/example/ios/Pods/Headers/Public/DoubleConversion -I/Users/amrsaied/Documents/Flutter/PayTab/github/react-native-paytabs-library/example/ios/Pods/Headers/Public/RCT-Folly -I/Users/amrsaied/Documents/Flutter/PayTab/github/react-native-paytabs-library/example/ios/Pods/Headers/Public/React-callinvoker -I/Users/amrsaied/Documents/Flutter/PayTab/github/react-native-paytabs-library/example/ios/Pods/Headers/Public/React-cxxreact -I/Users/amrsaied/Documents/Flutter/PayTab/github/react-native-paytabs-library/example/ios/Pods/Headers/Public/React-debug -I/Users/amrsaied/Documents/Flutter/PayTab/github/react-native-paytabs-library/example/ios/Pods/Headers/Public/React-featureflags -I/Users/amrsaied/Documents/Flutter/PayTab/github/react-native-paytabs-library/example/ios/Pods/Headers/Public/React-jsi -I/Users/amrsaied/Documents/Flutter/PayTab/github/react-native-paytabs-library/example/ios/Pods/Headers/Public/React-jsinspector -I/Users/amrsaied/Documents/Flutter/PayTab/github/react-native-paytabs-library/example/ios/Pods/Headers/Public/React-jsinspectortracing -I/Users/amrsaied/Documents/Flutter/PayTab/github/react-native-paytabs-library/example/ios/Pods/Headers/Public/React-logger -I/Users/amrsaied/Documents/Flutter/PayTab/github/react-native-paytabs-library/example/ios/Pods/Headers/Public/React-oscompat -I/Users/amrsaied/Documents/Flutter/PayTab/github/react-native-paytabs-library/example/ios/Pods/Headers/Public/React-perflogger -I/Users/amrsaied/Documents/Flutter/PayTab/github/react-native-paytabs-library/example/ios/Pods/Headers/Public/React-runtimeexecutor -I/Users/amrsaied/Documents/Flutter/PayTab/github/react-native-paytabs-library/example/ios/Pods/Headers/Public/React-timing -I/Users/amrsaied/Documents/Flutter/PayTab/github/react-native-paytabs-library/example/ios/Pods/Headers/Public/boost -I/Users/amrsaied/Documents/Flutter/PayTab/github/react-native-paytabs-library/example/ios/Pods/Headers/Public/fast_float -I/Users/amrsaied/Documents/Flutter/PayTab/github/react-native-paytabs-library/example/ios/Pods/Headers/Public/fmt -I/Users/amrsaied/Documents/Flutter/PayTab/github/react-native-paytabs-library/example/ios/Pods/Headers/Public/glog -I/Users/amrsaied/Documents/Flutter/PayTab/github/react-native-paytabs-library/example/ios/Pods/Headers/Public/hermes-engine -I/Users/amrsaied/Documents/Flutter/PayTab/github/react-native-paytabs-library/example/ios/Pods/boost -I/Users/amrsaied/Documents/Flutter/PayTab/github/react-native-paytabs-library/example/ios/Pods/RCT-Folly -I/Users/amrsaied/Documents/Flutter/PayTab/github/react-native-paytabs-library/example/ios/Pods/DoubleConversion -I/Users/amrsaied/Documents/Flutter/PayTab/github/react-native-paytabs-library/example/ios/Pods/fas_float/include -I/Users/amrsaied/Documents/Flutter/PayTab/github/react-native-paytabs-library/example/ios/Pods/fmt/include -I/Users/amrsaied/DerivedData/PaymentsdkExample-fihmfcmcdadiqyacsuppipgwcqpk/Build/Products/Debug-iphonesimulator/React-debug/React_debug.framework/Headers -I/Users/amrsaied/DerivedData/PaymentsdkExample-fihmfcmcdadiqyacsuppipgwcqpk/Build/Products/Debug-iphonesimulator/React-runtimeexecutor/React_runtimeexecutor.framework/Headers -I/Users/amrsaied/DerivedData/PaymentsdkExample-fihmfcmcdadiqyacsuppipgwcqpk/Build/Products/Debug-iphonesimulator/React-jsinspector/jsinspector_modern.framework/Headers -I/Users/amrsaied/DerivedData/PaymentsdkExample-fihmfcmcdadiqyacsuppipgwcqpk/Build/Products/Debug-iphonesimulator/React-jsinspectortracing/jsinspector_moderntracing.framework/Headers -I/Users/amrsaied/DerivedData/PaymentsdkExample-fihmfcmcdadiqyacsuppipgwcqpk/Build/Intermediates.noindex/Pods.build/Debug-iphonesimulator/React-cxxreact.build/DerivedSources-normal/arm64 -I/Users/amrsaied/DerivedData/PaymentsdkExample-fihmfcmcdadiqyacsuppipgwcqpk/Build/Intermediates.noindex/Pods.build/Debug-iphonesimulator/React-cxxreact.build/DerivedSources/arm64 -I/Users/amrsaied/DerivedData/PaymentsdkExample-fihmfcmcdadiqyacsuppipgwcqpk/Build/Intermediates.noindex/Pods.build/Debug-iphonesimulator/React-cxxreact.build/DerivedSources -F/Users/amrsaied/DerivedData/PaymentsdkExample-fihmfcmcdadiqyacsuppipgwcqpk/Build/Products/Debug-iphonesimulator/React-cxxreact -F/Users/amrsaied/Documents/Flutter/PayTab/github/react-native-paytabs-library/example/ios/Pods/hermes-engine/destroot/Library/Frameworks/universal -F/Users/amrsaied/DerivedData/PaymentsdkExample-fihmfcmcdadiqyacsuppipgwcqpk/Build/Products/Debug-iphonesimulator/XCFrameworkIntermediates/hermes-engine/Pre-built '-fmodule-map-file=/Users/amrsaied/Documents/Flutter/PayTab/github/react-native-paytabs-library/example/ios/Pods/Headers/Public/folly/RCT-Folly.modulemap' '-fmodule-map-file=/Users/amrsaied/Documents/Flutter/PayTab/github/react-native-paytabs-library/example/ios/Pods/Headers/Public/jsi/React-jsi.modulemap' '-fmodule-map-file=/Users/amrsaied/Documents/Flutter/PayTab/github/react-native-paytabs-library/example/ios/Pods/Headers/Public/jsinspector_modern/React-jsinspector.modulemap' '-fmodule-map-file=/Users/amrsaied/Documents/Flutter/PayTab/github/react-native-paytabs-library/example/ios/Pods/Headers/Public/jsinspector_modern_tracing/React-jsinspectortracing.modulemap' '-fmodule-map-file=/Users/amrsaied/Documents/Flutter/PayTab/github/react-native-paytabs-library/example/ios/Pods/Headers/Public/react_debug/React-debug.modulemap' '-fmodule-map-file=/Users/amrsaied/Documents/Flutter/PayTab/github/react-native-paytabs-library/example/ios/Pods/Headers/Public/react_featureflags/React-featureflags.modulemap'

WriteAuxiliaryFile /Users/amrsaied/DerivedData/PaymentsdkExample-fihmfcmcdadiqyacsuppipgwcqpk/Build/Intermediates.noindex/Pods.build/Debug-iphonesimulator/React-RCTVibration.build/React-RCTVibration.DependencyMetadataFileList (in target 'React-RCTVibration' from project 'Pods')
    cd /Users/amrsaied/Documents/Flutter/PayTab/github/react-native-paytabs-library/example/ios/Pods
    write-file /Users/amrsaied/DerivedData/PaymentsdkExample-fihmfcmcdadiqyacsuppipgwcqpk/Build/Intermediates.noindex/Pods.build/Debug-iphonesimulator/React-RCTVibration.build/React-RCTVibration.DependencyMetadataFileList

WriteAuxiliaryFile /Users/amrsaied/DerivedData/PaymentsdkExample-fihmfcmcdadiqyacsuppipgwcqpk/Build/Intermediates.noindex/Pods.build/Debug-iphonesimulator/React-RCTVibration.build/React-RCTVibration.DependencyStaticMetadataFileList (in target 'React-RCTVibration' from project 'Pods')
    cd /Users/amrsaied/Documents/Flutter/PayTab/github/react-native-paytabs-library/example/ios/Pods
    write-file /Users/amrsaied/DerivedData/PaymentsdkExample-fihmfcmcdadiqyacsuppipgwcqpk/Build/Intermediates.noindex/Pods.build/Debug-iphonesimulator/React-RCTVibration.build/React-RCTVibration.DependencyStaticMetadataFileList

WriteAuxiliaryFile /Users/amrsaied/DerivedData/PaymentsdkExample-fihmfcmcdadiqyacsuppipgwcqpk/Build/Intermediates.noindex/Pods.build/Debug-iphonesimulator/React-RCTVibration.build/React-RCTVibration-project-headers.hmap (in target 'React-RCTVibration' from project 'Pods')
    cd /Users/amrsaied/Documents/Flutter/PayTab/github/react-native-paytabs-library/example/ios/Pods
    write-file /Users/amrsaied/DerivedData/PaymentsdkExample-fihmfcmcdadiqyacsuppipgwcqpk/Build/Intermediates.noindex/Pods.build/Debug-iphonesimulator/React-RCTVibration.build/React-RCTVibration-project-headers.hmap

WriteAuxiliaryFile /Users/amrsaied/DerivedData/PaymentsdkExample-fihmfcmcdadiqyacsuppipgwcqpk/Build/Intermediates.noindex/Pods.build/Debug-iphonesimulator/React-RCTVibration.build/Objects-normal/arm64/e6072d4f65d7061329687fe24e3d63a7-common-args.resp (in target 'React-RCTVibration' from project 'Pods')
    cd /Users/amrsaied/Documents/Flutter/PayTab/github/react-native-paytabs-library/example/ios/Pods
    write-file /Users/amrsaied/DerivedData/PaymentsdkExample-fihmfcmcdadiqyacsuppipgwcqpk/Build/Intermediates.noindex/Pods.build/Debug-iphonesimulator/React-RCTVibration.build/Objects-normal/arm64/e6072d4f65d7061329687fe24e3d63a7-common-args.resp
-target arm64-apple-ios15.1-simulator '-std=gnu11' -fobjc-arc -fmodules '-fmodules-cache-path=/Users/amrsaied/DerivedData/ModuleCache.noindex' -fpascal-strings -O0 -fno-common '-DPOD_CONFIGURATION_DEBUG=1' '-DDEBUG=1' '-DCOCOAPODS=1' '-DOBJC_OLD_DISPATCH_PROTOTYPES=0' -isysroot /Applications/Xcode.app/Contents/Developer/Platforms/iPhoneSimulator.platform/Developer/SDKs/iPhoneSimulator26.2.sdk -g '-fobjc-abi-version=2' -fobjc-legacy-dispatch -iquote /Users/amrsaied/DerivedData/PaymentsdkExample-fihmfcmcdadiqyacsuppipgwcqpk/Build/Intermediates.noindex/Pods.build/Debug-iphonesimulator/React-RCTVibration.build/React-RCTVibration-generated-files.hmap -I/Users/amrsaied/DerivedData/PaymentsdkExample-fihmfcmcdadiqyacsuppipgwcqpk/Build/Intermediates.noindex/Pods.build/Debug-iphonesimulator/React-RCTVibration.build/React-RCTVibration-own-target-headers.hmap -I/Users/amrsaied/DerivedData/PaymentsdkExample-fihmfcmcdadiqyacsuppipgwcqpk/Build/Intermediates.noindex/Pods.build/Debug-iphonesimulator/React-RCTVibration.build/React-RCTVibration-all-non-framework-target-headers.hmap -ivfsoverlay /Users/amrsaied/DerivedData/PaymentsdkExample-fihmfcmcdadiqyacsuppipgwcqpk/Build/Intermediates.noindex/Pods.build/Debug-iphonesimulator/Pods-8699adb1dd336b26511df848a716bd42-VFS-iphonesimulator/all-product-headers.yaml -iquote /Users/amrsaied/DerivedData/PaymentsdkExample-fihmfcmcdadiqyacsuppipgwcqpk/Build/Intermediates.noindex/Pods.build/Debug-iphonesimulator/React-RCTVibration.build/React-RCTVibration-project-headers.hmap -I/Users/amrsaied/DerivedData/PaymentsdkExample-fihmfcmcdadiqyacsuppipgwcqpk/Build/Products/Debug-iphonesimulator/React-RCTVibration/include -I/Users/amrsaied/Documents/Flutter/PayTab/github/react-native-paytabs-library/example/ios/Pods/Headers/Public -I/Users/amrsaied/Documents/Flutter/PayTab/github/react-native-paytabs-library/example/ios/Pods/Headers/Public/DoubleConversion -I/Users/amrsaied/Documents/Flutter/PayTab/github/react-native-paytabs-library/example/ios/Pods/Headers/Public/FBLazyVector -I/Users/amrsaied/Documents/Flutter/PayTab/github/react-native-paytabs-library/example/ios/Pods/Headers/Public/RCT-Folly -I/Users/amrsaied/Documents/Flutter/PayTab/github/react-native-paytabs-library/example/ios/Pods/Headers/Public/RCTDeprecation -I/Users/amrsaied/Documents/Flutter/PayTab/github/react-native-paytabs-library/example/ios/Pods/Headers/Public/RCTRequired -I/Users/amrsaied/Documents/Flutter/PayTab/github/react-native-paytabs-library/example/ios/Pods/Headers/Public/RCTTypeSafety -I/Users/amrsaied/Documents/Flutter/PayTab/github/react-native-paytabs-library/example/ios/Pods/Headers/Public/React-Core -I/Users/amrsaied/Documents/Flutter/PayTab/github/react-native-paytabs-library/example/ios/Pods/Headers/Public/React-NativeModulesApple -I/Users/amrsaied/Documents/Flutter/PayTab/github/react-native-paytabs-library/example/ios/Pods/Headers/Public/React-RCTFBReactNativeSpec -I/Users/amrsaied/Documents/Flutter/PayTab/github/react-native-paytabs-library/example/ios/Pods/Headers/Public/React-callinvoker -I/Users/amrsaied/Documents/Flutter/PayTab/github/react-native-paytabs-library/example/ios/Pods/Headers/Public/React-cxxreact -I/Users/amrsaied/Documents/Flutter/PayTab/github/react-native-paytabs-library/example/ios/Pods/Headers/Public/React-debug -I/Users/amrsaied/Documents/Flutter/PayTab/github/react-native-paytabs-library/example/ios/Pods/Headers/Public/React-featureflags -I/Users/amrsaied/Documents/Flutter/PayTab/github/react-native-paytabs-library/example/ios/Pods/Headers/Public/React-hermes -I/Users/amrsaied/Documents/Flutter/PayTab/github/react-native-paytabs-library/example/ios/Pods/Headers/Public/React-jsi -I/Users/amrsaied/Documents/Flutter/PayTab/github/react-native-paytabs-library/example/ios/Pods/Headers/Public/React-jsiexecutor -I/Users/amrsaied/Documents/Flutter/PayTab/github/react-native-paytabs-library/example/ios/Pods/Headers/Public/React-jsinspector -I/Users/amrsaied/Documents/Flutter/PayTab/github/react-native-paytabs-library/example/ios/Pods/Headers/Public/React-jsinspectortracing -I/Users/amrsaied/Documents/Flutter/PayTab/github/react-native-paytabs-library/example/ios/Pods/Headers/Public/React-jsitooling -I/Users/amrsaied/Documents/Flutter/PayTab/github/react-native-paytabs-library/example/ios/Pods/Headers/Public/React-logger -I/Users/amrsaied/Documents/Flutter/PayTab/github/react-native-paytabs-library/example/ios/Pods/Headers/Public/React-oscompat -I/Users/amrsaied/Documents/Flutter/PayTab/github/react-native-paytabs-library/example/ios/Pods/Headers/Public/React-perflogger -I/Users/amrsaied/Documents/Flutter/PayTab/github/react-native-paytabs-library/example/ios/Pods/Headers/Public/React-performancetimeline -I/Users/amrsaied/Documents/Flutter/PayTab/github/react-native-paytabs-library/example/ios/Pods/Headers/Public/React-rendererconsistency -I/Users/amrsaied/Documents/Flutter/PayTab/github/react-native-paytabs-library/example/ios/Pods/Headers/Public/React-rendererdebug -I/Users/amrsaied/Documents/Flutter/PayTab/github/react-native-paytabs-library/example/ios/Pods/Headers/Public/React-runtimeexecutor -I/Users/amrsaied/Documents/Flutter/PayTab/github/react-native-paytabs-library/example/ios/Pods/Headers/Public/React-runtimescheduler -I/Users/amrsaied/Documents/Flutter/PayTab/github/react-native-paytabs-library/example/ios/Pods/Headers/Public/React-timing -I/Users/amrsaied/Documents/Flutter/PayTab/github/react-native-paytabs-library/example/ios/Pods/Headers/Public/React-utils -I/Users/amrsaied/Documents/Flutter/PayTab/github/react-native-paytabs-library/example/ios/Pods/Headers/Public/ReactCommon -I/Users/amrsaied/Documents/Flutter/PayTab/github/react-native-paytabs-library/example/ios/Pods/Headers/Public/SocketRocket -I/Users/amrsaied/Documents/Flutter/PayTab/github/react-native-paytabs-library/example/ios/Pods/Headers/Public/Yoga -I/Users/amrsaied/Documents/Flutter/PayTab/github/react-native-paytabs-library/example/ios/Pods/Headers/Public/boost -I/Users/amrsaied/Documents/Flutter/PayTab/github/react-native-paytabs-library/example/ios/Pods/Headers/Public/fast_float -I/Users/amrsaied/Documents/Flutter/PayTab/github/react-native-paytabs-library/example/ios/Pods/Headers/Public/fmt -I/Users/amrsaied/Documents/Flutter/PayTab/github/react-native-paytabs-library/example/ios/Pods/Headers/Public/glog -I/Users/amrsaied/Documents/Flutter/PayTab/github/react-native-paytabs-library/example/ios/Pods/Headers/Public/hermes-engine -I/Users/amrsaied/Documents/Flutter/PayTab/github/react-native-paytabs-library/example/ios/Pods/RCT-Folly -I/Users/amrsaied/Documents/Flutter/PayTab/github/react-native-paytabs-library/example/ios/Pods/Headers/Public/ReactCodegen/react/renderer/components -I/Users/amrsaied/DerivedData/PaymentsdkExample-fihmfcmcdadiqyacsuppipgwcqpk/Build/Products/Debug-iphonesimulator/React-RCTFBReactNativeSpec/React_RCTFBReactNativeSpec.framework/Headers -I/Users/amrsaied/DerivedData/PaymentsdkExample-fihmfcmcdadiqyacsuppipgwcqpk/Build/Products/Debug-iphonesimulator/ReactCommon/ReactCommon.framework/Headers -I/Users/amrsaied/DerivedData/PaymentsdkExample-fihmfcmcdadiqyacsuppipgwcqpk/Build/Products/Debug-iphonesimulator/ReactCommon/ReactCommon.framework/Headers/react/nativemodule/core -I/Users/amrsaied/DerivedData/PaymentsdkExample-fihmfcmcdadiqyacsuppipgwcqpk/Build/Products/Debug-iphonesimulator/React-NativeModulesApple/React_NativeModulesApple.framework/Headers -I/Users/amrsaied/DerivedData/PaymentsdkExample-fihmfcmcdadiqyacsuppipgwcqpk/Build/Intermediates.noindex/Pods.build/Debug-iphonesimulator/React-RCTVibration.build/DerivedSources-normal/arm64 -I/Users/amrsaied/DerivedData/PaymentsdkExample-fihmfcmcdadiqyacsuppipgwcqpk/Build/Intermediates.noindex/Pods.build/Debug-iphonesimulator/React-RCTVibration.build/DerivedSources/arm64 -I/Users/amrsaied/DerivedData/PaymentsdkExample-fihmfcmcdadiqyacsuppipgwcqpk/Build/Intermediates.noindex/Pods.build/Debug-iphonesimulator/React-RCTVibration.build/DerivedSources -F/Users/amrsaied/DerivedData/PaymentsdkExample-fihmfcmcdadiqyacsuppipgwcqpk/Build/Products/Debug-iphonesimulator/React-RCTVibration -F/Users/amrsaied/Documents/Flutter/PayTab/github/react-native-paytabs-library/example/ios/Pods/hermes-engine/destroot/Library/Frameworks/universal -F/Users/amrsaied/DerivedData/PaymentsdkExample-fihmfcmcdadiqyacsuppipgwcqpk/Build/Products/Debug-iphonesimulator/XCFrameworkIntermediates/hermes-engine/Pre-built '-fmodule-map-file=/Users/amrsaied/Documents/Flutter/PayTab/github/react-native-paytabs-library/example/ios/Pods/Headers/Public/RCTDeprecation/RCTDeprecation.modulemap' '-fmodule-map-file=/Users/amrsaied/Documents/Flutter/PayTab/github/react-native-paytabs-library/example/ios/Pods/Headers/Public/RCTTypeSafety/RCTTypeSafety.modulemap' '-fmodule-map-file=/Users/amrsaied/Documents/Flutter/PayTab/github/react-native-paytabs-library/example/ios/Pods/Headers/Public/React/React-Core.modulemap' '-fmodule-map-file=/Users/amrsaied/Documents/Flutter/PayTab/github/react-native-paytabs-library/example/ios/Pods/Headers/Public/ReactCommon/ReactCommon.modulemap' '-fmodule-map-file=/Users/amrsaied/Documents/Flutter/PayTab/github/react-native-paytabs-library/example/ios/Pods/Headers/Public/React_NativeModulesApple/React-NativeModulesApple.modulemap' '-fmodule-map-file=/Users/amrsaied/Documents/Flutter/PayTab/github/react-native-paytabs-library/example/ios/Pods/Headers/Public/folly/RCT-Folly.modulemap' '-fmodule-map-file=/Users/amrsaied/Documents/Flutter/PayTab/github/react-native-paytabs-library/example/ios/Pods/Headers/Public/jsi/React-jsi.modulemap' '-fmodule-map-file=/Users/amrsaied/Documents/Flutter/PayTab/github/react-native-paytabs-library/example/ios/Pods/Headers/Public/jsinspector_modern/React-jsinspector.modulemap' '-fmodule-map-file=/Users/amrsaied/Documents/Flutter/PayTab/github/react-native-paytabs-library/example/ios/Pods/Headers/Public/jsinspector_modern_tracing/React-jsinspectortracing.modulemap' '-fmodule-map-file=/Users/amrsaied/Documents/Flutter/PayTab/github/react-native-paytabs-library/example/ios/Pods/Headers/Public/react_debug/React-debug.modulemap' '-fmodule-map-file=/Users/amrsaied/Documents/Flutter/PayTab/github/react-native-paytabs-library/example/ios/Pods/Headers/Public/react_featureflags/React-featureflags.modulemap' '-fmodule-map-file=/Users/amrsaied/Documents/Flutter/PayTab/github/react-native-paytabs-library/example/ios/Pods/Headers/Public/react_renderer_debug/React-rendererdebug.modulemap' '-fmodule-map-file=/Users/amrsaied/Documents/Flutter/PayTab/github/react-native-paytabs-library/example/ios/Pods/Headers/Public/react_runtime/React-jsitooling.modulemap' '-fmodule-map-file=/Users/amrsaied/Documents/Flutter/PayTab/github/react-native-paytabs-library/example/ios/Pods/Headers/Public/react_utils/React-utils.modulemap' '-fmodule-map-file=/Users/amrsaied/Documents/Flutter/PayTab/github/react-native-paytabs-library/example/ios/Pods/Headers/Public/reacthermes/React-hermes.modulemap' '-fmodule-map-file=/Users/amrsaied/Documents/Flutter/PayTab/github/react-native-paytabs-library/example/ios/Pods/Headers/Public/yoga/Yoga.modulemap'

WriteAuxiliaryFile /Users/amrsaied/DerivedData/PaymentsdkExample-fihmfcmcdadiqyacsuppipgwcqpk/Build/Intermediates.noindex/Pods.build/Debug-iphonesimulator/React-RCTVibration.build/Objects-normal/arm64/af3fcb34312c57c0f52879cdce924b91-common-args.resp (in target 'React-RCTVibration' from project 'Pods')
    cd /Users/amrsaied/Documents/Flutter/PayTab/github/react-native-paytabs-library/example/ios/Pods
    write-file /Users/amrsaied/DerivedData/PaymentsdkExample-fihmfcmcdadiqyacsuppipgwcqpk/Build/Intermediates.noindex/Pods.build/Debug-iphonesimulator/React-RCTVibration.build/Objects-normal/arm64/af3fcb34312c57c0f52879cdce924b91-common-args.resp
-target arm64-apple-ios15.1-simulator '-std=c++20' '-stdlib=libc++' -fobjc-arc -fmodules -fno-cxx-modules '-fmodules-cache-path=/Users/amrsaied/DerivedData/ModuleCache.noindex' '-D_LIBCPP_HARDENING_MODE=_LIBCPP_HARDENING_MODE_DEBUG' -fpascal-strings -O0 -fno-common '-DPOD_CONFIGURATION_DEBUG=1' '-DDEBUG=1' '-DCOCOAPODS=1' '-DOBJC_OLD_DISPATCH_PROTOTYPES=0' -isysroot /Applications/Xcode.app/Contents/Developer/Platforms/iPhoneSimulator.platform/Developer/SDKs/iPhoneSimulator26.2.sdk -g '-fobjc-abi-version=2' -fobjc-legacy-dispatch -iquote /Users/amrsaied/DerivedData/PaymentsdkExample-fihmfcmcdadiqyacsuppipgwcqpk/Build/Intermediates.noindex/Pods.build/Debug-iphonesimulator/React-RCTVibration.build/React-RCTVibration-generated-files.hmap -I/Users/amrsaied/DerivedData/PaymentsdkExample-fihmfcmcdadiqyacsuppipgwcqpk/Build/Intermediates.noindex/Pods.build/Debug-iphonesimulator/React-RCTVibration.build/React-RCTVibration-own-target-headers.hmap -I/Users/amrsaied/DerivedData/PaymentsdkExample-fihmfcmcdadiqyacsuppipgwcqpk/Build/Intermediates.noindex/Pods.build/Debug-iphonesimulator/React-RCTVibration.build/React-RCTVibration-all-non-framework-target-headers.hmap -ivfsoverlay /Users/amrsaied/DerivedData/PaymentsdkExample-fihmfcmcdadiqyacsuppipgwcqpk/Build/Intermediates.noindex/Pods.build/Debug-iphonesimulator/Pods-8699adb1dd336b26511df848a716bd42-VFS-iphonesimulator/all-product-headers.yaml -iquote /Users/amrsaied/DerivedData/PaymentsdkExample-fihmfcmcdadiqyacsuppipgwcqpk/Build/Intermediates.noindex/Pods.build/Debug-iphonesimulator/React-RCTVibration.build/React-RCTVibration-project-headers.hmap -I/Users/amrsaied/DerivedData/PaymentsdkExample-fihmfcmcdadiqyacsuppipgwcqpk/Build/Products/Debug-iphonesimulator/React-RCTVibration/include -I/Users/amrsaied/Documents/Flutter/PayTab/github/react-native-paytabs-library/example/ios/Pods/Headers/Public -I/Users/amrsaied/Documents/Flutter/PayTab/github/react-native-paytabs-library/example/ios/Pods/Headers/Public/DoubleConversion -I/Users/amrsaied/Documents/Flutter/PayTab/github/react-native-paytabs-library/example/ios/Pods/Headers/Public/FBLazyVector -I/Users/amrsaied/Documents/Flutter/PayTab/github/react-native-paytabs-library/example/ios/Pods/Headers/Public/RCT-Folly -I/Users/amrsaied/Documents/Flutter/PayTab/github/react-native-paytabs-library/example/ios/Pods/Headers/Public/RCTDeprecation -I/Users/amrsaied/Documents/Flutter/PayTab/github/react-native-paytabs-library/example/ios/Pods/Headers/Public/RCTRequired -I/Users/amrsaied/Documents/Flutter/PayTab/github/react-native-paytabs-library/example/ios/Pods/Headers/Public/RCTTypeSafety -I/Users/amrsaied/Documents/Flutter/PayTab/github/react-native-paytabs-library/example/ios/Pods/Headers/Public/React-Core -I/Users/amrsaied/Documents/Flutter/PayTab/github/react-native-paytabs-library/example/ios/Pods/Headers/Public/React-NativeModulesApple -I/Users/amrsaied/Documents/Flutter/PayTab/github/react-native-paytabs-library/example/ios/Pods/Headers/Public/React-RCTFBReactNativeSpec -I/Users/amrsaied/Documents/Flutter/PayTab/github/react-native-paytabs-library/example/ios/Pods/Headers/Public/React-callinvoker -I/Users/amrsaied/Documents/Flutter/PayTab/github/react-native-paytabs-library/example/ios/Pods/Headers/Public/React-cxxreact -I/Users/amrsaied/Documents/Flutter/PayTab/github/react-native-paytabs-library/example/ios/Pods/Headers/Public/React-debug -I/Users/amrsaied/Documents/Flutter/PayTab/github/react-native-paytabs-library/example/ios/Pods/Headers/Public/React-featureflags -I/Users/amrsaied/Documents/Flutter/PayTab/github/react-native-paytabs-library/example/ios/Pods/Headers/Public/React-hermes -I/Users/amrsaied/Documents/Flutter/PayTab/github/react-native-paytabs-library/example/ios/Pods/Headers/Public/React-jsi -I/Users/amrsaied/Documents/Flutter/PayTab/github/react-native-paytabs-library/example/ios/Pods/Headers/Public/React-jsiexecutor -I/Users/amrsaied/Documents/Flutter/PayTab/github/react-native-paytabs-library/example/ios/Pods/Headers/Public/React-jsinspector -I/Users/amrsaied/Documents/Flutter/PayTab/github/react-native-paytabs-library/example/ios/Pods/Headers/Public/React-jsinspectortracing -I/Users/amrsaied/Documents/Flutter/PayTab/github/react-native-paytabs-library/example/ios/Pods/Headers/Public/React-jsitooling -I/Users/amrsaied/Documents/Flutter/PayTab/github/react-native-paytabs-library/example/ios/Pods/Headers/Public/React-logger -I/Users/amrsaied/Documents/Flutter/PayTab/github/react-native-paytabs-library/example/ios/Pods/Headers/Public/React-oscompat -I/Users/amrsaied/Documents/Flutter/PayTab/github/react-native-paytabs-library/example/ios/Pods/Headers/Public/React-perflogger -I/Users/amrsaied/Documents/Flutter/PayTab/github/react-native-paytabs-library/example/ios/Pods/Headers/Public/React-performancetimeline -I/Users/amrsaied/Documents/Flutter/PayTab/github/react-native-paytabs-library/example/ios/Pods/Headers/Public/React-rendererconsistency -I/Users/amrsaied/Documents/Flutter/PayTab/github/react-native-paytabs-library/example/ios/Pods/Headers/Public/React-rendererdebug -I/Users/amrsaied/Documents/Flutter/PayTab/github/react-native-paytabs-library/example/ios/Pods/Headers/Public/React-runtimeexecutor -I/Users/amrsaied/Documents/Flutter/PayTab/github/react-native-paytabs-library/example/ios/Pods/Headers/Public/React-runtimescheduler -I/Users/amrsaied/Documents/Flutter/PayTab/github/react-native-paytabs-library/example/ios/Pods/Headers/Public/React-timing -I/Users/amrsaied/Documents/Flutter/PayTab/github/react-native-paytabs-library/example/ios/Pods/Headers/Public/React-utils -I/Users/amrsaied/Documents/Flutter/PayTab/github/react-native-paytabs-library/example/ios/Pods/Headers/Public/ReactCommon -I/Users/amrsaied/Documents/Flutter/PayTab/github/react-native-paytabs-library/example/ios/Pods/Headers/Public/SocketRocket -I/Users/amrsaied/Documents/Flutter/PayTab/github/react-native-paytabs-library/example/ios/Pods/Headers/Public/Yoga -I/Users/amrsaied/Documents/Flutter/PayTab/github/react-native-paytabs-library/example/ios/Pods/Headers/Public/boost -I/Users/amrsaied/Documents/Flutter/PayTab/github/react-native-paytabs-library/example/ios/Pods/Headers/Public/fast_float -I/Users/amrsaied/Documents/Flutter/PayTab/github/react-native-paytabs-library/example/ios/Pods/Headers/Public/fmt -I/Users/amrsaied/Documents/Flutter/PayTab/github/react-native-paytabs-library/example/ios/Pods/Headers/Public/glog -I/Users/amrsaied/Documents/Flutter/PayTab/github/react-native-paytabs-library/example/ios/Pods/Headers/Public/hermes-engine -I/Users/amrsaied/Documents/Flutter/PayTab/github/react-native-paytabs-library/example/ios/Pods/RCT-Folly -I/Users/amrsaied/Documents/Flutter/PayTab/github/react-native-paytabs-library/example/ios/Pods/Headers/Public/ReactCodegen/react/renderer/components -I/Users/amrsaied/DerivedData/PaymentsdkExample-fihmfcmcdadiqyacsuppipgwcqpk/Build/Products/Debug-iphonesimulator/React-RCTFBReactNativeSpec/React_RCTFBReactNativeSpec.framework/Headers -I/Users/amrsaied/DerivedData/PaymentsdkExample-fihmfcmcdadiqyacsuppipgwcqpk/Build/Products/Debug-iphonesimulator/ReactCommon/ReactCommon.framework/Headers -I/Users/amrsaied/DerivedData/PaymentsdkExample-fihmfcmcdadiqyacsuppipgwcqpk/Build/Products/Debug-iphonesimulator/ReactCommon/ReactCommon.framework/Headers/react/nativemodule/core -I/Users/amrsaied/DerivedData/PaymentsdkExample-fihmfcmcdadiqyacsuppipgwcqpk/Build/Products/Debug-iphonesimulator/React-NativeModulesApple/React_NativeModulesApple.framework/Headers -I/Users/amrsaied/DerivedData/PaymentsdkExample-fihmfcmcdadiqyacsuppipgwcqpk/Build/Intermediates.noindex/Pods.build/Debug-iphonesimulator/React-RCTVibration.build/DerivedSources-normal/arm64 -I/Users/amrsaied/DerivedData/PaymentsdkExample-fihmfcmcdadiqyacsuppipgwcqpk/Build/Intermediates.noindex/Pods.build/Debug-iphonesimulator/React-RCTVibration.build/DerivedSources/arm64 -I/Users/amrsaied/DerivedData/PaymentsdkExample-fihmfcmcdadiqyacsuppipgwcqpk/Build/Intermediates.noindex/Pods.build/Debug-iphonesimulator/React-RCTVibration.build/DerivedSources -F/Users/amrsaied/DerivedData/PaymentsdkExample-fihmfcmcdadiqyacsuppipgwcqpk/Build/Products/Debug-iphonesimulator/React-RCTVibration -F/Users/amrsaied/Documents/Flutter/PayTab/github/react-native-paytabs-library/example/ios/Pods/hermes-engine/destroot/Library/Frameworks/universal -F/Users/amrsaied/DerivedData/PaymentsdkExample-fihmfcmcdadiqyacsuppipgwcqpk/Build/Products/Debug-iphonesimulator/XCFrameworkIntermediates/hermes-engine/Pre-built '-fmodule-map-file=/Users/amrsaied/Documents/Flutter/PayTab/github/react-native-paytabs-library/example/ios/Pods/Headers/Public/RCTDeprecation/RCTDeprecation.modulemap' '-fmodule-map-file=/Users/amrsaied/Documents/Flutter/PayTab/github/react-native-paytabs-library/example/ios/Pods/Headers/Public/RCTTypeSafety/RCTTypeSafety.modulemap' '-fmodule-map-file=/Users/amrsaied/Documents/Flutter/PayTab/github/react-native-paytabs-library/example/ios/Pods/Headers/Public/React/React-Core.modulemap' '-fmodule-map-file=/Users/amrsaied/Documents/Flutter/PayTab/github/react-native-paytabs-library/example/ios/Pods/Headers/Public/ReactCommon/ReactCommon.modulemap' '-fmodule-map-file=/Users/amrsaied/Documents/Flutter/PayTab/github/react-native-paytabs-library/example/ios/Pods/Headers/Public/React_NativeModulesApple/React-NativeModulesApple.modulemap' '-fmodule-map-file=/Users/amrsaied/Documents/Flutter/PayTab/github/react-native-paytabs-library/example/ios/Pods/Headers/Public/folly/RCT-Folly.modulemap' '-fmodule-map-file=/Users/amrsaied/Documents/Flutter/PayTab/github/react-native-paytabs-library/example/ios/Pods/Headers/Public/jsi/React-jsi.modulemap' '-fmodule-map-file=/Users/amrsaied/Documents/Flutter/PayTab/github/react-native-paytabs-library/example/ios/Pods/Headers/Public/jsinspector_modern/React-jsinspector.modulemap' '-fmodule-map-file=/Users/amrsaied/Documents/Flutter/PayTab/github/react-native-paytabs-library/example/ios/Pods/Headers/Public/jsinspector_modern_tracing/React-jsinspectortracing.modulemap' '-fmodule-map-file=/Users/amrsaied/Documents/Flutter/PayTab/github/react-native-paytabs-library/example/ios/Pods/Headers/Public/react_debug/React-debug.modulemap' '-fmodule-map-file=/Users/amrsaied/Documents/Flutter/PayTab/github/react-native-paytabs-library/example/ios/Pods/Headers/Public/react_featureflags/React-featureflags.modulemap' '-fmodule-map-file=/Users/amrsaied/Documents/Flutter/PayTab/github/react-native-paytabs-library/example/ios/Pods/Headers/Public/react_renderer_debug/React-rendererdebug.modulemap' '-fmodule-map-file=/Users/amrsaied/Documents/Flutter/PayTab/github/react-native-paytabs-library/example/ios/Pods/Headers/Public/react_runtime/React-jsitooling.modulemap' '-fmodule-map-file=/Users/amrsaied/Documents/Flutter/PayTab/github/react-native-paytabs-library/example/ios/Pods/Headers/Public/react_utils/React-utils.modulemap' '-fmodule-map-file=/Users/amrsaied/Documents/Flutter/PayTab/github/react-native-paytabs-library/example/ios/Pods/Headers/Public/reacthermes/React-hermes.modulemap' '-fmodule-map-file=/Users/amrsaied/Documents/Flutter/PayTab/github/react-native-paytabs-library/example/ios/Pods/Headers/Public/yoga/Yoga.modulemap'

WriteAuxiliaryFile /Users/amrsaied/DerivedData/PaymentsdkExample-fihmfcmcdadiqyacsuppipgwcqpk/Build/Intermediates.noindex/Pods.build/Debug-iphonesimulator/React-RCTSettings.build/React-RCTSettings.DependencyStaticMetadataFileList (in target 'React-RCTSettings' from project 'Pods')
    cd /Users/amrsaied/Documents/Flutter/PayTab/github/react-native-paytabs-library/example/ios/Pods
    write-file /Users/amrsaied/DerivedData/PaymentsdkExample-fihmfcmcdadiqyacsuppipgwcqpk/Build/Intermediates.noindex/Pods.build/Debug-iphonesimulator/React-RCTSettings.build/React-RCTSettings.DependencyStaticMetadataFileList

WriteAuxiliaryFile /Users/amrsaied/DerivedData/PaymentsdkExample-fihmfcmcdadiqyacsuppipgwcqpk/Build/Intermediates.noindex/Pods.build/Debug-iphonesimulator/React-RCTSettings.build/React-RCTSettings.DependencyMetadataFileList (in target 'React-RCTSettings' from project 'Pods')
    cd /Users/amrsaied/Documents/Flutter/PayTab/github/react-native-paytabs-library/example/ios/Pods
    write-file /Users/amrsaied/DerivedData/PaymentsdkExample-fihmfcmcdadiqyacsuppipgwcqpk/Build/Intermediates.noindex/Pods.build/Debug-iphonesimulator/React-RCTSettings.build/React-RCTSettings.DependencyMetadataFileList

WriteAuxiliaryFile /Users/amrsaied/DerivedData/PaymentsdkExample-fihmfcmcdadiqyacsuppipgwcqpk/Build/Intermediates.noindex/Pods.build/Debug-iphonesimulator/React-RCTSettings.build/React-RCTSettings-project-headers.hmap (in target 'React-RCTSettings' from project 'Pods')
    cd /Users/amrsaied/Documents/Flutter/PayTab/github/react-native-paytabs-library/example/ios/Pods
    write-file /Users/amrsaied/DerivedData/PaymentsdkExample-fihmfcmcdadiqyacsuppipgwcqpk/Build/Intermediates.noindex/Pods.build/Debug-iphonesimulator/React-RCTSettings.build/React-RCTSettings-project-headers.hmap

WriteAuxiliaryFile /Users/amrsaied/DerivedData/PaymentsdkExample-fihmfcmcdadiqyacsuppipgwcqpk/Build/Intermediates.noindex/Pods.build/Debug-iphonesimulator/React-RCTSettings.build/Objects-normal/arm64/e6072d4f65d7061329687fe24e3d63a7-common-args.resp (in target 'React-RCTSettings' from project 'Pods')
    cd /Users/amrsaied/Documents/Flutter/PayTab/github/react-native-paytabs-library/example/ios/Pods
    write-file /Users/amrsaied/DerivedData/PaymentsdkExample-fihmfcmcdadiqyacsuppipgwcqpk/Build/Intermediates.noindex/Pods.build/Debug-iphonesimulator/React-RCTSettings.build/Objects-normal/arm64/e6072d4f65d7061329687fe24e3d63a7-common-args.resp
-target arm64-apple-ios15.1-simulator '-std=gnu11' -fobjc-arc -fmodules '-fmodules-cache-path=/Users/amrsaied/DerivedData/ModuleCache.noindex' -fpascal-strings -O0 -fno-common '-DPOD_CONFIGURATION_DEBUG=1' '-DDEBUG=1' '-DCOCOAPODS=1' '-DOBJC_OLD_DISPATCH_PROTOTYPES=0' -isysroot /Applications/Xcode.app/Contents/Developer/Platforms/iPhoneSimulator.platform/Developer/SDKs/iPhoneSimulator26.2.sdk -g '-fobjc-abi-version=2' -fobjc-legacy-dispatch -iquote /Users/amrsaied/DerivedData/PaymentsdkExample-fihmfcmcdadiqyacsuppipgwcqpk/Build/Intermediates.noindex/Pods.build/Debug-iphonesimulator/React-RCTSettings.build/React-RCTSettings-generated-files.hmap -I/Users/amrsaied/DerivedData/PaymentsdkExample-fihmfcmcdadiqyacsuppipgwcqpk/Build/Intermediates.noindex/Pods.build/Debug-iphonesimulator/React-RCTSettings.build/React-RCTSettings-own-target-headers.hmap -I/Users/amrsaied/DerivedData/PaymentsdkExample-fihmfcmcdadiqyacsuppipgwcqpk/Build/Intermediates.noindex/Pods.build/Debug-iphonesimulator/React-RCTSettings.build/React-RCTSettings-all-non-framework-target-headers.hmap -ivfsoverlay /Users/amrsaied/DerivedData/PaymentsdkExample-fihmfcmcdadiqyacsuppipgwcqpk/Build/Intermediates.noindex/Pods.build/Debug-iphonesimulator/Pods-8699adb1dd336b26511df848a716bd42-VFS-iphonesimulator/all-product-headers.yaml -iquote /Users/amrsaied/DerivedData/PaymentsdkExample-fihmfcmcdadiqyacsuppipgwcqpk/Build/Intermediates.noindex/Pods.build/Debug-iphonesimulator/React-RCTSettings.build/React-RCTSettings-project-headers.hmap -I/Users/amrsaied/DerivedData/PaymentsdkExample-fihmfcmcdadiqyacsuppipgwcqpk/Build/Products/Debug-iphonesimulator/React-RCTSettings/include -I/Users/amrsaied/Documents/Flutter/PayTab/github/react-native-paytabs-library/example/ios/Pods/Headers/Public -I/Users/amrsaied/Documents/Flutter/PayTab/github/react-native-paytabs-library/example/ios/Pods/Headers/Public/DoubleConversion -I/Users/amrsaied/Documents/Flutter/PayTab/github/react-native-paytabs-library/example/ios/Pods/Headers/Public/FBLazyVector -I/Users/amrsaied/Documents/Flutter/PayTab/github/react-native-paytabs-library/example/ios/Pods/Headers/Public/RCT-Folly -I/Users/amrsaied/Documents/Flutter/PayTab/github/react-native-paytabs-library/example/ios/Pods/Headers/Public/RCTDeprecation -I/Users/amrsaied/Documents/Flutter/PayTab/github/react-native-paytabs-library/example/ios/Pods/Headers/Public/RCTRequired -I/Users/amrsaied/Documents/Flutter/PayTab/github/react-native-paytabs-library/example/ios/Pods/Headers/Public/RCTTypeSafety -I/Users/amrsaied/Documents/Flutter/PayTab/github/react-native-paytabs-library/example/ios/Pods/Headers/Public/React-Core -I/Users/amrsaied/Documents/Flutter/PayTab/github/react-native-paytabs-library/example/ios/Pods/Headers/Public/React-NativeModulesApple -I/Users/amrsaied/Documents/Flutter/PayTab/github/react-native-paytabs-library/example/ios/Pods/Headers/Public/React-RCTFBReactNativeSpec -I/Users/amrsaied/Documents/Flutter/PayTab/github/react-native-paytabs-library/example/ios/Pods/Headers/Public/React-callinvoker -I/Users/amrsaied/Documents/Flutter/PayTab/github/react-native-paytabs-library/example/ios/Pods/Headers/Public/React-cxxreact -I/Users/amrsaied/Documents/Flutter/PayTab/github/react-native-paytabs-library/example/ios/Pods/Headers/Public/React-debug -I/Users/amrsaied/Documents/Flutter/PayTab/github/react-native-paytabs-library/example/ios/Pods/Headers/Public/React-featureflags -I/Users/amrsaied/Documents/Flutter/PayTab/github/react-native-paytabs-library/example/ios/Pods/Headers/Public/React-hermes -I/Users/amrsaied/Documents/Flutter/PayTab/github/react-native-paytabs-library/example/ios/Pods/Headers/Public/React-jsi -I/Users/amrsaied/Documents/Flutter/PayTab/github/react-native-paytabs-library/example/ios/Pods/Headers/Public/React-jsiexecutor -I/Users/amrsaied/Documents/Flutter/PayTab/github/react-native-paytabs-library/example/ios/Pods/Headers/Public/React-jsinspector -I/Users/amrsaied/Documents/Flutter/PayTab/github/react-native-paytabs-library/example/ios/Pods/Headers/Public/React-jsinspectortracing -I/Users/amrsaied/Documents/Flutter/PayTab/github/react-native-paytabs-library/example/ios/Pods/Headers/Public/React-jsitooling -I/Users/amrsaied/Documents/Flutter/PayTab/github/react-native-paytabs-library/example/ios/Pods/Headers/Public/React-logger -I/Users/amrsaied/Documents/Flutter/PayTab/github/react-native-paytabs-library/example/ios/Pods/Headers/Public/React-oscompat -I/Users/amrsaied/Documents/Flutter/PayTab/github/react-native-paytabs-library/example/ios/Pods/Headers/Public/React-perflogger -I/Users/amrsaied/Documents/Flutter/PayTab/github/react-native-paytabs-library/example/ios/Pods/Headers/Public/React-performancetimeline -I/Users/amrsaied/Documents/Flutter/PayTab/github/react-native-paytabs-library/example/ios/Pods/Headers/Public/React-rendererconsistency -I/Users/amrsaied/Documents/Flutter/PayTab/github/react-native-paytabs-library/example/ios/Pods/Headers/Public/React-rendererdebug -I/Users/amrsaied/Documents/Flutter/PayTab/github/react-native-paytabs-library/example/ios/Pods/Headers/Public/React-runtimeexecutor -I/Users/amrsaied/Documents/Flutter/PayTab/github/react-native-paytabs-library/example/ios/Pods/Headers/Public/React-runtimescheduler -I/Users/amrsaied/Documents/Flutter/PayTab/github/react-native-paytabs-library/example/ios/Pods/Headers/Public/React-timing -I/Users/amrsaied/Documents/Flutter/PayTab/github/react-native-paytabs-library/example/ios/Pods/Headers/Public/React-utils -I/Users/amrsaied/Documents/Flutter/PayTab/github/react-native-paytabs-library/example/ios/Pods/Headers/Public/ReactCommon -I/Users/amrsaied/Documents/Flutter/PayTab/github/react-native-paytabs-library/example/ios/Pods/Headers/Public/SocketRocket -I/Users/amrsaied/Documents/Flutter/PayTab/github/react-native-paytabs-library/example/ios/Pods/Headers/Public/Yoga -I/Users/amrsaied/Documents/Flutter/PayTab/github/react-native-paytabs-library/example/ios/Pods/Headers/Public/boost -I/Users/amrsaied/Documents/Flutter/PayTab/github/react-native-paytabs-library/example/ios/Pods/Headers/Public/fast_float -I/Users/amrsaied/Documents/Flutter/PayTab/github/react-native-paytabs-library/example/ios/Pods/Headers/Public/fmt -I/Users/amrsaied/Documents/Flutter/PayTab/github/react-native-paytabs-library/example/ios/Pods/Headers/Public/glog -I/Users/amrsaied/Documents/Flutter/PayTab/github/react-native-paytabs-library/example/ios/Pods/Headers/Public/hermes-engine -I/Users/amrsaied/Documents/Flutter/PayTab/github/react-native-paytabs-library/example/ios/Pods/RCT-Folly -I/Users/amrsaied/Documents/Flutter/PayTab/github/react-native-paytabs-library/example/ios/Pods/Headers/Public/ReactCodegen/react/renderer/components -I/Users/amrsaied/DerivedData/PaymentsdkExample-fihmfcmcdadiqyacsuppipgwcqpk/Build/Products/Debug-iphonesimulator/React-RCTFBReactNativeSpec/React_RCTFBReactNativeSpec.framework/Headers -I/Users/amrsaied/DerivedData/PaymentsdkExample-fihmfcmcdadiqyacsuppipgwcqpk/Build/Products/Debug-iphonesimulator/ReactCommon/ReactCommon.framework/Headers -I/Users/amrsaied/DerivedData/PaymentsdkExample-fihmfcmcdadiqyacsuppipgwcqpk/Build/Products/Debug-iphonesimulator/ReactCommon/ReactCommon.framework/Headers/react/nativemodule/core -I/Users/amrsaied/DerivedData/PaymentsdkExample-fihmfcmcdadiqyacsuppipgwcqpk/Build/Products/Debug-iphonesimulator/React-NativeModulesApple/React_NativeModulesApple.framework/Headers -I/Users/amrsaied/DerivedData/PaymentsdkExample-fihmfcmcdadiqyacsuppipgwcqpk/Build/Products/Debug-iphonesimulator/React-NativeModulesApple/React_NativeModulesApple.framework/Headers/build/generated/ios -I/Users/amrsaied/DerivedData/PaymentsdkExample-fihmfcmcdadiqyacsuppipgwcqpk/Build/Intermediates.noindex/Pods.build/Debug-iphonesimulator/React-RCTSettings.build/DerivedSources-normal/arm64 -I/Users/amrsaied/DerivedData/PaymentsdkExample-fihmfcmcdadiqyacsuppipgwcqpk/Build/Intermediates.noindex/Pods.build/Debug-iphonesimulator/React-RCTSettings.build/DerivedSources/arm64 -I/Users/amrsaied/DerivedData/PaymentsdkExample-fihmfcmcdadiqyacsuppipgwcqpk/Build/Intermediates.noindex/Pods.build/Debug-iphonesimulator/React-RCTSettings.build/DerivedSources -F/Users/amrsaied/DerivedData/PaymentsdkExample-fihmfcmcdadiqyacsuppipgwcqpk/Build/Products/Debug-iphonesimulator/React-RCTSettings -F/Users/amrsaied/Documents/Flutter/PayTab/github/react-native-paytabs-library/example/ios/Pods/hermes-engine/destroot/Library/Frameworks/universal -F/Users/amrsaied/DerivedData/PaymentsdkExample-fihmfcmcdadiqyacsuppipgwcqpk/Build/Products/Debug-iphonesimulator/XCFrameworkIntermediates/hermes-engine/Pre-built '-fmodule-map-file=/Users/amrsaied/Documents/Flutter/PayTab/github/react-native-paytabs-library/example/ios/Pods/Headers/Public/RCTDeprecation/RCTDeprecation.modulemap' '-fmodule-map-file=/Users/amrsaied/Documents/Flutter/PayTab/github/react-native-paytabs-library/example/ios/Pods/Headers/Public/RCTTypeSafety/RCTTypeSafety.modulemap' '-fmodule-map-file=/Users/amrsaied/Documents/Flutter/PayTab/github/react-native-paytabs-library/example/ios/Pods/Headers/Public/React/React-Core.modulemap' '-fmodule-map-file=/Users/amrsaied/Documents/Flutter/PayTab/github/react-native-paytabs-library/example/ios/Pods/Headers/Public/ReactCommon/ReactCommon.modulemap' '-fmodule-map-file=/Users/amrsaied/Documents/Flutter/PayTab/github/react-native-paytabs-library/example/ios/Pods/Headers/Public/React_NativeModulesApple/React-NativeModulesApple.modulemap' '-fmodule-map-file=/Users/amrsaied/Documents/Flutter/PayTab/github/react-native-paytabs-library/example/ios/Pods/Headers/Public/folly/RCT-Folly.modulemap' '-fmodule-map-file=/Users/amrsaied/Documents/Flutter/PayTab/github/react-native-paytabs-library/example/ios/Pods/Headers/Public/jsi/React-jsi.modulemap' '-fmodule-map-file=/Users/amrsaied/Documents/Flutter/PayTab/github/react-native-paytabs-library/example/ios/Pods/Headers/Public/jsinspector_modern/React-jsinspector.modulemap' '-fmodule-map-file=/Users/amrsaied/Documents/Flutter/PayTab/github/react-native-paytabs-library/example/ios/Pods/Headers/Public/jsinspector_modern_tracing/React-jsinspectortracing.modulemap' '-fmodule-map-file=/Users/amrsaied/Documents/Flutter/PayTab/github/react-native-paytabs-library/example/ios/Pods/Headers/Public/react_debug/React-debug.modulemap' '-fmodule-map-file=/Users/amrsaied/Documents/Flutter/PayTab/github/react-native-paytabs-library/example/ios/Pods/Headers/Public/react_featureflags/React-featureflags.modulemap' '-fmodule-map-file=/Users/amrsaied/Documents/Flutter/PayTab/github/react-native-paytabs-library/example/ios/Pods/Headers/Public/react_renderer_debug/React-rendererdebug.modulemap' '-fmodule-map-file=/Users/amrsaied/Documents/Flutter/PayTab/github/react-native-paytabs-library/example/ios/Pods/Headers/Public/react_runtime/React-jsitooling.modulemap' '-fmodule-map-file=/Users/amrsaied/Documents/Flutter/PayTab/github/react-native-paytabs-library/example/ios/Pods/Headers/Public/react_utils/React-utils.modulemap' '-fmodule-map-file=/Users/amrsaied/Documents/Flutter/PayTab/github/react-native-paytabs-library/example/ios/Pods/Headers/Public/reacthermes/React-hermes.modulemap' '-fmodule-map-file=/Users/amrsaied/Documents/Flutter/PayTab/github/react-native-paytabs-library/example/ios/Pods/Headers/Public/yoga/Yoga.modulemap'

WriteAuxiliaryFile /Users/amrsaied/DerivedData/PaymentsdkExample-fihmfcmcdadiqyacsuppipgwcqpk/Build/Intermediates.noindex/Pods.build/Debug-iphonesimulator/React-RCTSettings.build/Objects-normal/arm64/af3fcb34312c57c0f52879cdce924b91-common-args.resp (in target 'React-RCTSettings' from project 'Pods')
    cd /Users/amrsaied/Documents/Flutter/PayTab/github/react-native-paytabs-library/example/ios/Pods
    write-file /Users/amrsaied/DerivedData/PaymentsdkExample-fihmfcmcdadiqyacsuppipgwcqpk/Build/Intermediates.noindex/Pods.build/Debug-iphonesimulator/React-RCTSettings.build/Objects-normal/arm64/af3fcb34312c57c0f52879cdce924b91-common-args.resp
-target arm64-apple-ios15.1-simulator '-std=c++20' '-stdlib=libc++' -fobjc-arc -fmodules -fno-cxx-modules '-fmodules-cache-path=/Users/amrsaied/DerivedData/ModuleCache.noindex' '-D_LIBCPP_HARDENING_MODE=_LIBCPP_HARDENING_MODE_DEBUG' -fpascal-strings -O0 -fno-common '-DPOD_CONFIGURATION_DEBUG=1' '-DDEBUG=1' '-DCOCOAPODS=1' '-DOBJC_OLD_DISPATCH_PROTOTYPES=0' -isysroot /Applications/Xcode.app/Contents/Developer/Platforms/iPhoneSimulator.platform/Developer/SDKs/iPhoneSimulator26.2.sdk -g '-fobjc-abi-version=2' -fobjc-legacy-dispatch -iquote /Users/amrsaied/DerivedData/PaymentsdkExample-fihmfcmcdadiqyacsuppipgwcqpk/Build/Intermediates.noindex/Pods.build/Debug-iphonesimulator/React-RCTSettings.build/React-RCTSettings-generated-files.hmap -I/Users/amrsaied/DerivedData/PaymentsdkExample-fihmfcmcdadiqyacsuppipgwcqpk/Build/Intermediates.noindex/Pods.build/Debug-iphonesimulator/React-RCTSettings.build/React-RCTSettings-own-target-headers.hmap -I/Users/amrsaied/DerivedData/PaymentsdkExample-fihmfcmcdadiqyacsuppipgwcqpk/Build/Intermediates.noindex/Pods.build/Debug-iphonesimulator/React-RCTSettings.build/React-RCTSettings-all-non-framework-target-headers.hmap -ivfsoverlay /Users/amrsaied/DerivedData/PaymentsdkExample-fihmfcmcdadiqyacsuppipgwcqpk/Build/Intermediates.noindex/Pods.build/Debug-iphonesimulator/Pods-8699adb1dd336b26511df848a716bd42-VFS-iphonesimulator/all-product-headers.yaml -iquote /Users/amrsaied/DerivedData/PaymentsdkExample-fihmfcmcdadiqyacsuppipgwcqpk/Build/Intermediates.noindex/Pods.build/Debug-iphonesimulator/React-RCTSettings.build/React-RCTSettings-project-headers.hmap -I/Users/amrsaied/DerivedData/PaymentsdkExample-fihmfcmcdadiqyacsuppipgwcqpk/Build/Products/Debug-iphonesimulator/React-RCTSettings/include -I/Users/amrsaied/Documents/Flutter/PayTab/github/react-native-paytabs-library/example/ios/Pods/Headers/Public -I/Users/amrsaied/Documents/Flutter/PayTab/github/react-native-paytabs-library/example/ios/Pods/Headers/Public/DoubleConversion -I/Users/amrsaied/Documents/Flutter/PayTab/github/react-native-paytabs-library/example/ios/Pods/Headers/Public/FBLazyVector -I/Users/amrsaied/Documents/Flutter/PayTab/github/react-native-paytabs-library/example/ios/Pods/Headers/Public/RCT-Folly -I/Users/amrsaied/Documents/Flutter/PayTab/github/react-native-paytabs-library/example/ios/Pods/Headers/Public/RCTDeprecation -I/Users/amrsaied/Documents/Flutter/PayTab/github/react-native-paytabs-library/example/ios/Pods/Headers/Public/RCTRequired -I/Users/amrsaied/Documents/Flutter/PayTab/github/react-native-paytabs-library/example/ios/Pods/Headers/Public/RCTTypeSafety -I/Users/amrsaied/Documents/Flutter/PayTab/github/react-native-paytabs-library/example/ios/Pods/Headers/Public/React-Core -I/Users/amrsaied/Documents/Flutter/PayTab/github/react-native-paytabs-library/example/ios/Pods/Headers/Public/React-NativeModulesApple -I/Users/amrsaied/Documents/Flutter/PayTab/github/react-native-paytabs-library/example/ios/Pods/Headers/Public/React-RCTFBReactNativeSpec -I/Users/amrsaied/Documents/Flutter/PayTab/github/react-native-paytabs-library/example/ios/Pods/Headers/Public/React-callinvoker -I/Users/amrsaied/Documents/Flutter/PayTab/github/react-native-paytabs-library/example/ios/Pods/Headers/Public/React-cxxreact -I/Users/amrsaied/Documents/Flutter/PayTab/github/react-native-paytabs-library/example/ios/Pods/Headers/Public/React-debug -I/Users/amrsaied/Documents/Flutter/PayTab/github/react-native-paytabs-library/example/ios/Pods/Headers/Public/React-featureflags -I/Users/amrsaied/Documents/Flutter/PayTab/github/react-native-paytabs-library/example/ios/Pods/Headers/Public/React-hermes -I/Users/amrsaied/Documents/Flutter/PayTab/github/react-native-paytabs-library/example/ios/Pods/Headers/Public/React-jsi -I/Users/amrsaied/Documents/Flutter/PayTab/github/react-native-paytabs-library/example/ios/Pods/Headers/Public/React-jsiexecutor -I/Users/amrsaied/Documents/Flutter/PayTab/github/react-native-paytabs-library/example/ios/Pods/Headers/Public/React-jsinspector -I/Users/amrsaied/Documents/Flutter/PayTab/github/react-native-paytabs-library/example/ios/Pods/Headers/Public/React-jsinspectortracing -I/Users/amrsaied/Documents/Flutter/PayTab/github/react-native-paytabs-library/example/ios/Pods/Headers/Public/React-jsitooling -I/Users/amrsaied/Documents/Flutter/PayTab/github/react-native-paytabs-library/example/ios/Pods/Headers/Public/React-logger -I/Users/amrsaied/Documents/Flutter/PayTab/github/react-native-paytabs-library/example/ios/Pods/Headers/Public/React-oscompat -I/Users/amrsaied/Documents/Flutter/PayTab/github/react-native-paytabs-library/example/ios/Pods/Headers/Public/React-perflogger -I/Users/amrsaied/Documents/Flutter/PayTab/github/react-native-paytabs-library/example/ios/Pods/Headers/Public/React-performancetimeline -I/Users/amrsaied/Documents/Flutter/PayTab/github/react-native-paytabs-library/example/ios/Pods/Headers/Public/React-rendererconsistency -I/Users/amrsaied/Documents/Flutter/PayTab/github/react-native-paytabs-library/example/ios/Pods/Headers/Public/React-rendererdebug -I/Users/amrsaied/Documents/Flutter/PayTab/github/react-native-paytabs-library/example/ios/Pods/Headers/Public/React-runtimeexecutor -I/Users/amrsaied/Documents/Flutter/PayTab/github/react-native-paytabs-library/example/ios/Pods/Headers/Public/React-runtimescheduler -I/Users/amrsaied/Documents/Flutter/PayTab/github/react-native-paytabs-library/example/ios/Pods/Headers/Public/React-timing -I/Users/amrsaied/Documents/Flutter/PayTab/github/react-native-paytabs-library/example/ios/Pods/Headers/Public/React-utils -I/Users/amrsaied/Documents/Flutter/PayTab/github/react-native-paytabs-library/example/ios/Pods/Headers/Public/ReactCommon -I/Users/amrsaied/Documents/Flutter/PayTab/github/react-native-paytabs-library/example/ios/Pods/Headers/Public/SocketRocket -I/Users/amrsaied/Documents/Flutter/PayTab/github/react-native-paytabs-library/example/ios/Pods/Headers/Public/Yoga -I/Users/amrsaied/Documents/Flutter/PayTab/github/react-native-paytabs-library/example/ios/Pods/Headers/Public/boost -I/Users/amrsaied/Documents/Flutter/PayTab/github/react-native-paytabs-library/example/ios/Pods/Headers/Public/fast_float -I/Users/amrsaied/Documents/Flutter/PayTab/github/react-native-paytabs-library/example/ios/Pods/Headers/Public/fmt -I/Users/amrsaied/Documents/Flutter/PayTab/github/react-native-paytabs-library/example/ios/Pods/Headers/Public/glog -I/Users/amrsaied/Documents/Flutter/PayTab/github/react-native-paytabs-library/example/ios/Pods/Headers/Public/hermes-engine -I/Users/amrsaied/Documents/Flutter/PayTab/github/react-native-paytabs-library/example/ios/Pods/RCT-Folly -I/Users/amrsaied/Documents/Flutter/PayTab/github/react-native-paytabs-library/example/ios/Pods/Headers/Public/ReactCodegen/react/renderer/components -I/Users/amrsaied/DerivedData/PaymentsdkExample-fihmfcmcdadiqyacsuppipgwcqpk/Build/Products/Debug-iphonesimulator/React-RCTFBReactNativeSpec/React_RCTFBReactNativeSpec.framework/Headers -I/Users/amrsaied/DerivedData/PaymentsdkExample-fihmfcmcdadiqyacsuppipgwcqpk/Build/Products/Debug-iphonesimulator/ReactCommon/ReactCommon.framework/Headers -I/Users/amrsaied/DerivedData/PaymentsdkExample-fihmfcmcdadiqyacsuppipgwcqpk/Build/Products/Debug-iphonesimulator/ReactCommon/ReactCommon.framework/Headers/react/nativemodule/core -I/Users/amrsaied/DerivedData/PaymentsdkExample-fihmfcmcdadiqyacsuppipgwcqpk/Build/Products/Debug-iphonesimulator/React-NativeModulesApple/React_NativeModulesApple.framework/Headers -I/Users/amrsaied/DerivedData/PaymentsdkExample-fihmfcmcdadiqyacsuppipgwcqpk/Build/Products/Debug-iphonesimulator/React-NativeModulesApple/React_NativeModulesApple.framework/Headers/build/generated/ios -I/Users/amrsaied/DerivedData/PaymentsdkExample-fihmfcmcdadiqyacsuppipgwcqpk/Build/Intermediates.noindex/Pods.build/Debug-iphonesimulator/React-RCTSettings.build/DerivedSources-normal/arm64 -I/Users/amrsaied/DerivedData/PaymentsdkExample-fihmfcmcdadiqyacsuppipgwcqpk/Build/Intermediates.noindex/Pods.build/Debug-iphonesimulator/React-RCTSettings.build/DerivedSources/arm64 -I/Users/amrsaied/DerivedData/PaymentsdkExample-fihmfcmcdadiqyacsuppipgwcqpk/Build/Intermediates.noindex/Pods.build/Debug-iphonesimulator/React-RCTSettings.build/DerivedSources -F/Users/amrsaied/DerivedData/PaymentsdkExample-fihmfcmcdadiqyacsuppipgwcqpk/Build/Products/Debug-iphonesimulator/React-RCTSettings -F/Users/amrsaied/Documents/Flutter/PayTab/github/react-native-paytabs-library/example/ios/Pods/hermes-engine/destroot/Library/Frameworks/universal -F/Users/amrsaied/DerivedData/PaymentsdkExample-fihmfcmcdadiqyacsuppipgwcqpk/Build/Products/Debug-iphonesimulator/XCFrameworkIntermediates/hermes-engine/Pre-built '-fmodule-map-file=/Users/amrsaied/Documents/Flutter/PayTab/github/react-native-paytabs-library/example/ios/Pods/Headers/Public/RCTDeprecation/RCTDeprecation.modulemap' '-fmodule-map-file=/Users/amrsaied/Documents/Flutter/PayTab/github/react-native-paytabs-library/example/ios/Pods/Headers/Public/RCTTypeSafety/RCTTypeSafety.modulemap' '-fmodule-map-file=/Users/amrsaied/Documents/Flutter/PayTab/github/react-native-paytabs-library/example/ios/Pods/Headers/Public/React/React-Core.modulemap' '-fmodule-map-file=/Users/amrsaied/Documents/Flutter/PayTab/github/react-native-paytabs-library/example/ios/Pods/Headers/Public/ReactCommon/ReactCommon.modulemap' '-fmodule-map-file=/Users/amrsaied/Documents/Flutter/PayTab/github/react-native-paytabs-library/example/ios/Pods/Headers/Public/React_NativeModulesApple/React-NativeModulesApple.modulemap' '-fmodule-map-file=/Users/amrsaied/Documents/Flutter/PayTab/github/react-native-paytabs-library/example/ios/Pods/Headers/Public/folly/RCT-Folly.modulemap' '-fmodule-map-file=/Users/amrsaied/Documents/Flutter/PayTab/github/react-native-paytabs-library/example/ios/Pods/Headers/Public/jsi/React-jsi.modulemap' '-fmodule-map-file=/Users/amrsaied/Documents/Flutter/PayTab/github/react-native-paytabs-library/example/ios/Pods/Headers/Public/jsinspector_modern/React-jsinspector.modulemap' '-fmodule-map-file=/Users/amrsaied/Documents/Flutter/PayTab/github/react-native-paytabs-library/example/ios/Pods/Headers/Public/jsinspector_modern_tracing/React-jsinspectortracing.modulemap' '-fmodule-map-file=/Users/amrsaied/Documents/Flutter/PayTab/github/react-native-paytabs-library/example/ios/Pods/Headers/Public/react_debug/React-debug.modulemap' '-fmodule-map-file=/Users/amrsaied/Documents/Flutter/PayTab/github/react-native-paytabs-library/example/ios/Pods/Headers/Public/react_featureflags/React-featureflags.modulemap' '-fmodule-map-file=/Users/amrsaied/Documents/Flutter/PayTab/github/react-native-paytabs-library/example/ios/Pods/Headers/Public/react_renderer_debug/React-rendererdebug.modulemap' '-fmodule-map-file=/Users/amrsaied/Documents/Flutter/PayTab/github/react-native-paytabs-library/example/ios/Pods/Headers/Public/react_runtime/React-jsitooling.modulemap' '-fmodule-map-file=/Users/amrsaied/Documents/Flutter/PayTab/github/react-native-paytabs-library/example/ios/Pods/Headers/Public/react_utils/React-utils.modulemap' '-fmodule-map-file=/Users/amrsaied/Documents/Flutter/PayTab/github/react-native-paytabs-library/example/ios/Pods/Headers/Public/reacthermes/React-hermes.modulemap' '-fmodule-map-file=/Users/amrsaied/Documents/Flutter/PayTab/github/react-native-paytabs-library/example/ios/Pods/Headers/Public/yoga/Yoga.modulemap'

WriteAuxiliaryFile /Users/amrsaied/DerivedData/PaymentsdkExample-fihmfcmcdadiqyacsuppipgwcqpk/Build/Intermediates.noindex/Pods.build/Debug-iphonesimulator/React-RCTNetwork.build/React-RCTNetwork.DependencyStaticMetadataFileList (in target 'React-RCTNetwork' from project 'Pods')
    cd /Users/amrsaied/Documents/Flutter/PayTab/github/react-native-paytabs-library/example/ios/Pods
    write-file /Users/amrsaied/DerivedData/PaymentsdkExample-fihmfcmcdadiqyacsuppipgwcqpk/Build/Intermediates.noindex/Pods.build/Debug-iphonesimulator/React-RCTNetwork.build/React-RCTNetwork.DependencyStaticMetadataFileList

WriteAuxiliaryFile /Users/amrsaied/DerivedData/PaymentsdkExample-fihmfcmcdadiqyacsuppipgwcqpk/Build/Intermediates.noindex/Pods.build/Debug-iphonesimulator/React-RCTNetwork.build/React-RCTNetwork.DependencyMetadataFileList (in target 'React-RCTNetwork' from project 'Pods')
    cd /Users/amrsaied/Documents/Flutter/PayTab/github/react-native-paytabs-library/example/ios/Pods
    write-file /Users/amrsaied/DerivedData/PaymentsdkExample-fihmfcmcdadiqyacsuppipgwcqpk/Build/Intermediates.noindex/Pods.build/Debug-iphonesimulator/React-RCTNetwork.build/React-RCTNetwork.DependencyMetadataFileList

WriteAuxiliaryFile /Users/amrsaied/DerivedData/PaymentsdkExample-fihmfcmcdadiqyacsuppipgwcqpk/Build/Intermediates.noindex/Pods.build/Debug-iphonesimulator/React-RCTNetwork.build/React-RCTNetwork-project-headers.hmap (in target 'React-RCTNetwork' from project 'Pods')
    cd /Users/amrsaied/Documents/Flutter/PayTab/github/react-native-paytabs-library/example/ios/Pods
    write-file /Users/amrsaied/DerivedData/PaymentsdkExample-fihmfcmcdadiqyacsuppipgwcqpk/Build/Intermediates.noindex/Pods.build/Debug-iphonesimulator/React-RCTNetwork.build/React-RCTNetwork-project-headers.hmap

WriteAuxiliaryFile /Users/amrsaied/DerivedData/PaymentsdkExample-fihmfcmcdadiqyacsuppipgwcqpk/Build/Intermediates.noindex/Pods.build/Debug-iphonesimulator/React-RCTNetwork.build/Objects-normal/arm64/e6072d4f65d7061329687fe24e3d63a7-common-args.resp (in target 'React-RCTNetwork' from project 'Pods')
    cd /Users/amrsaied/Documents/Flutter/PayTab/github/react-native-paytabs-library/example/ios/Pods
    write-file /Users/amrsaied/DerivedData/PaymentsdkExample-fihmfcmcdadiqyacsuppipgwcqpk/Build/Intermediates.noindex/Pods.build/Debug-iphonesimulator/React-RCTNetwork.build/Objects-normal/arm64/e6072d4f65d7061329687fe24e3d63a7-common-args.resp
-target arm64-apple-ios15.1-simulator '-std=gnu11' -fobjc-arc -fmodules '-fmodules-cache-path=/Users/amrsaied/DerivedData/ModuleCache.noindex' -fpascal-strings -O0 -fno-common '-DPOD_CONFIGURATION_DEBUG=1' '-DDEBUG=1' '-DCOCOAPODS=1' '-DOBJC_OLD_DISPATCH_PROTOTYPES=0' -isysroot /Applications/Xcode.app/Contents/Developer/Platforms/iPhoneSimulator.platform/Developer/SDKs/iPhoneSimulator26.2.sdk -g '-fobjc-abi-version=2' -fobjc-legacy-dispatch -iquote /Users/amrsaied/DerivedData/PaymentsdkExample-fihmfcmcdadiqyacsuppipgwcqpk/Build/Intermediates.noindex/Pods.build/Debug-iphonesimulator/React-RCTNetwork.build/React-RCTNetwork-generated-files.hmap -I/Users/amrsaied/DerivedData/PaymentsdkExample-fihmfcmcdadiqyacsuppipgwcqpk/Build/Intermediates.noindex/Pods.build/Debug-iphonesimulator/React-RCTNetwork.build/React-RCTNetwork-own-target-headers.hmap -I/Users/amrsaied/DerivedData/PaymentsdkExample-fihmfcmcdadiqyacsuppipgwcqpk/Build/Intermediates.noindex/Pods.build/Debug-iphonesimulator/React-RCTNetwork.build/React-RCTNetwork-all-non-framework-target-headers.hmap -ivfsoverlay /Users/amrsaied/DerivedData/PaymentsdkExample-fihmfcmcdadiqyacsuppipgwcqpk/Build/Intermediates.noindex/Pods.build/Debug-iphonesimulator/Pods-8699adb1dd336b26511df848a716bd42-VFS-iphonesimulator/all-product-headers.yaml -iquote /Users/amrsaied/DerivedData/PaymentsdkExample-fihmfcmcdadiqyacsuppipgwcqpk/Build/Intermediates.noindex/Pods.build/Debug-iphonesimulator/React-RCTNetwork.build/React-RCTNetwork-project-headers.hmap -I/Users/amrsaied/DerivedData/PaymentsdkExample-fihmfcmcdadiqyacsuppipgwcqpk/Build/Products/Debug-iphonesimulator/React-RCTNetwork/include -I/Users/amrsaied/Documents/Flutter/PayTab/github/react-native-paytabs-library/example/ios/Pods/Headers/Public -I/Users/amrsaied/Documents/Flutter/PayTab/github/react-native-paytabs-library/example/ios/Pods/Headers/Public/DoubleConversion -I/Users/amrsaied/Documents/Flutter/PayTab/github/react-native-paytabs-library/example/ios/Pods/Headers/Public/FBLazyVector -I/Users/amrsaied/Documents/Flutter/PayTab/github/react-native-paytabs-library/example/ios/Pods/Headers/Public/RCT-Folly -I/Users/amrsaied/Documents/Flutter/PayTab/github/react-native-paytabs-library/example/ios/Pods/Headers/Public/RCTDeprecation -I/Users/amrsaied/Documents/Flutter/PayTab/github/react-native-paytabs-library/example/ios/Pods/Headers/Public/RCTRequired -I/Users/amrsaied/Documents/Flutter/PayTab/github/react-native-paytabs-library/example/ios/Pods/Headers/Public/RCTTypeSafety -I/Users/amrsaied/Documents/Flutter/PayTab/github/react-native-paytabs-library/example/ios/Pods/Headers/Public/React-Core -I/Users/amrsaied/Documents/Flutter/PayTab/github/react-native-paytabs-library/example/ios/Pods/Headers/Public/React-NativeModulesApple -I/Users/amrsaied/Documents/Flutter/PayTab/github/react-native-paytabs-library/example/ios/Pods/Headers/Public/React-RCTFBReactNativeSpec -I/Users/amrsaied/Documents/Flutter/PayTab/github/react-native-paytabs-library/example/ios/Pods/Headers/Public/React-callinvoker -I/Users/amrsaied/Documents/Flutter/PayTab/github/react-native-paytabs-library/example/ios/Pods/Headers/Public/React-cxxreact -I/Users/amrsaied/Documents/Flutter/PayTab/github/react-native-paytabs-library/example/ios/Pods/Headers/Public/React-debug -I/Users/amrsaied/Documents/Flutter/PayTab/github/react-native-paytabs-library/example/ios/Pods/Headers/Public/React-featureflags -I/Users/amrsaied/Documents/Flutter/PayTab/github/react-native-paytabs-library/example/ios/Pods/Headers/Public/React-hermes -I/Users/amrsaied/Documents/Flutter/PayTab/github/react-native-paytabs-library/example/ios/Pods/Headers/Public/React-jsi -I/Users/amrsaied/Documents/Flutter/PayTab/github/react-native-paytabs-library/example/ios/Pods/Headers/Public/React-jsiexecutor -I/Users/amrsaied/Documents/Flutter/PayTab/github/react-native-paytabs-library/example/ios/Pods/Headers/Public/React-jsinspector -I/Users/amrsaied/Documents/Flutter/PayTab/github/react-native-paytabs-library/example/ios/Pods/Headers/Public/React-jsinspectortracing -I/Users/amrsaied/Documents/Flutter/PayTab/github/react-native-paytabs-library/example/ios/Pods/Headers/Public/React-jsitooling -I/Users/amrsaied/Documents/Flutter/PayTab/github/react-native-paytabs-library/example/ios/Pods/Headers/Public/React-logger -I/Users/amrsaied/Documents/Flutter/PayTab/github/react-native-paytabs-library/example/ios/Pods/Headers/Public/React-oscompat -I/Users/amrsaied/Documents/Flutter/PayTab/github/react-native-paytabs-library/example/ios/Pods/Headers/Public/React-perflogger -I/Users/amrsaied/Documents/Flutter/PayTab/github/react-native-paytabs-library/example/ios/Pods/Headers/Public/React-performancetimeline -I/Users/amrsaied/Documents/Flutter/PayTab/github/react-native-paytabs-library/example/ios/Pods/Headers/Public/React-rendererconsistency -I/Users/amrsaied/Documents/Flutter/PayTab/github/react-native-paytabs-library/example/ios/Pods/Headers/Public/React-rendererdebug -I/Users/amrsaied/Documents/Flutter/PayTab/github/react-native-paytabs-library/example/ios/Pods/Headers/Public/React-runtimeexecutor -I/Users/amrsaied/Documents/Flutter/PayTab/github/react-native-paytabs-library/example/ios/Pods/Headers/Public/React-runtimescheduler -I/Users/amrsaied/Documents/Flutter/PayTab/github/react-native-paytabs-library/example/ios/Pods/Headers/Public/React-timing -I/Users/amrsaied/Documents/Flutter/PayTab/github/react-native-paytabs-library/example/ios/Pods/Headers/Public/React-utils -I/Users/amrsaied/Documents/Flutter/PayTab/github/react-native-paytabs-library/example/ios/Pods/Headers/Public/ReactCommon -I/Users/amrsaied/Documents/Flutter/PayTab/github/react-native-paytabs-library/example/ios/Pods/Headers/Public/SocketRocket -I/Users/amrsaied/Documents/Flutter/PayTab/github/react-native-paytabs-library/example/ios/Pods/Headers/Public/Yoga -I/Users/amrsaied/Documents/Flutter/PayTab/github/react-native-paytabs-library/example/ios/Pods/Headers/Public/boost -I/Users/amrsaied/Documents/Flutter/PayTab/github/react-native-paytabs-library/example/ios/Pods/Headers/Public/fast_float -I/Users/amrsaied/Documents/Flutter/PayTab/github/react-native-paytabs-library/example/ios/Pods/Headers/Public/fmt -I/Users/amrsaied/Documents/Flutter/PayTab/github/react-native-paytabs-library/example/ios/Pods/Headers/Public/glog -I/Users/amrsaied/Documents/Flutter/PayTab/github/react-native-paytabs-library/example/ios/Pods/Headers/Public/hermes-engine -I/Users/amrsaied/Documents/Flutter/PayTab/github/react-native-paytabs-library/example/ios/Pods/RCT-Folly -I/Users/amrsaied/Documents/Flutter/PayTab/github/react-native-paytabs-library/example/ios/Pods/Headers/Public/ReactCodegen/react/renderer/components -I/Users/amrsaied/DerivedData/PaymentsdkExample-fihmfcmcdadiqyacsuppipgwcqpk/Build/Products/Debug-iphonesimulator/React-RCTFBReactNativeSpec/React_RCTFBReactNativeSpec.framework/Headers -I/Users/amrsaied/DerivedData/PaymentsdkExample-fihmfcmcdadiqyacsuppipgwcqpk/Build/Products/Debug-iphonesimulator/ReactCommon/ReactCommon.framework/Headers -I/Users/amrsaied/DerivedData/PaymentsdkExample-fihmfcmcdadiqyacsuppipgwcqpk/Build/Products/Debug-iphonesimulator/ReactCommon/ReactCommon.framework/Headers/react/nativemodule/core -I/Users/amrsaied/DerivedData/PaymentsdkExample-fihmfcmcdadiqyacsuppipgwcqpk/Build/Products/Debug-iphonesimulator/React-NativeModulesApple/React_NativeModulesApple.framework/Headers -I/Users/amrsaied/DerivedData/PaymentsdkExample-fihmfcmcdadiqyacsuppipgwcqpk/Build/Products/Debug-iphonesimulator/React-NativeModulesApple/React_NativeModulesApple.framework/Headers/build/generated/ios -I/Users/amrsaied/DerivedData/PaymentsdkExample-fihmfcmcdadiqyacsuppipgwcqpk/Build/Intermediates.noindex/Pods.build/Debug-iphonesimulator/React-RCTNetwork.build/DerivedSources-normal/arm64 -I/Users/amrsaied/DerivedData/PaymentsdkExample-fihmfcmcdadiqyacsuppipgwcqpk/Build/Intermediates.noindex/Pods.build/Debug-iphonesimulator/React-RCTNetwork.build/DerivedSources/arm64 -I/Users/amrsaied/DerivedData/PaymentsdkExample-fihmfcmcdadiqyacsuppipgwcqpk/Build/Intermediates.noindex/Pods.build/Debug-iphonesimulator/React-RCTNetwork.build/DerivedSources -F/Users/amrsaied/DerivedData/PaymentsdkExample-fihmfcmcdadiqyacsuppipgwcqpk/Build/Products/Debug-iphonesimulator/React-RCTNetwork -F/Users/amrsaied/Documents/Flutter/PayTab/github/react-native-paytabs-library/example/ios/Pods/hermes-engine/destroot/Library/Frameworks/universal -F/Users/amrsaied/DerivedData/PaymentsdkExample-fihmfcmcdadiqyacsuppipgwcqpk/Build/Products/Debug-iphonesimulator/XCFrameworkIntermediates/hermes-engine/Pre-built '-fmodule-map-file=/Users/amrsaied/Documents/Flutter/PayTab/github/react-native-paytabs-library/example/ios/Pods/Headers/Public/RCTDeprecation/RCTDeprecation.modulemap' '-fmodule-map-file=/Users/amrsaied/Documents/Flutter/PayTab/github/react-native-paytabs-library/example/ios/Pods/Headers/Public/RCTTypeSafety/RCTTypeSafety.modulemap' '-fmodule-map-file=/Users/amrsaied/Documents/Flutter/PayTab/github/react-native-paytabs-library/example/ios/Pods/Headers/Public/React/React-Core.modulemap' '-fmodule-map-file=/Users/amrsaied/Documents/Flutter/PayTab/github/react-native-paytabs-library/example/ios/Pods/Headers/Public/ReactCommon/ReactCommon.modulemap' '-fmodule-map-file=/Users/amrsaied/Documents/Flutter/PayTab/github/react-native-paytabs-library/example/ios/Pods/Headers/Public/React_NativeModulesApple/React-NativeModulesApple.modulemap' '-fmodule-map-file=/Users/amrsaied/Documents/Flutter/PayTab/github/react-native-paytabs-library/example/ios/Pods/Headers/Public/folly/RCT-Folly.modulemap' '-fmodule-map-file=/Users/amrsaied/Documents/Flutter/PayTab/github/react-native-paytabs-library/example/ios/Pods/Headers/Public/jsi/React-jsi.modulemap' '-fmodule-map-file=/Users/amrsaied/Documents/Flutter/PayTab/github/react-native-paytabs-library/example/ios/Pods/Headers/Public/jsinspector_modern/React-jsinspector.modulemap' '-fmodule-map-file=/Users/amrsaied/Documents/Flutter/PayTab/github/react-native-paytabs-library/example/ios/Pods/Headers/Public/jsinspector_modern_tracing/React-jsinspectortracing.modulemap' '-fmodule-map-file=/Users/amrsaied/Documents/Flutter/PayTab/github/react-native-paytabs-library/example/ios/Pods/Headers/Public/react_debug/React-debug.modulemap' '-fmodule-map-file=/Users/amrsaied/Documents/Flutter/PayTab/github/react-native-paytabs-library/example/ios/Pods/Headers/Public/react_featureflags/React-featureflags.modulemap' '-fmodule-map-file=/Users/amrsaied/Documents/Flutter/PayTab/github/react-native-paytabs-library/example/ios/Pods/Headers/Public/react_renderer_debug/React-rendererdebug.modulemap' '-fmodule-map-file=/Users/amrsaied/Documents/Flutter/PayTab/github/react-native-paytabs-library/example/ios/Pods/Headers/Public/react_runtime/React-jsitooling.modulemap' '-fmodule-map-file=/Users/amrsaied/Documents/Flutter/PayTab/github/react-native-paytabs-library/example/ios/Pods/Headers/Public/react_utils/React-utils.modulemap' '-fmodule-map-file=/Users/amrsaied/Documents/Flutter/PayTab/github/react-native-paytabs-library/example/ios/Pods/Headers/Public/reacthermes/React-hermes.modulemap' '-fmodule-map-file=/Users/amrsaied/Documents/Flutter/PayTab/github/react-native-paytabs-library/example/ios/Pods/Headers/Public/yoga/Yoga.modulemap'

WriteAuxiliaryFile /Users/amrsaied/DerivedData/PaymentsdkExample-fihmfcmcdadiqyacsuppipgwcqpk/Build/Intermediates.noindex/Pods.build/Debug-iphonesimulator/React-RCTLinking.build/React-RCTLinking.DependencyStaticMetadataFileList (in target 'React-RCTLinking' from project 'Pods')
    cd /Users/amrsaied/Documents/Flutter/PayTab/github/react-native-paytabs-library/example/ios/Pods
    write-file /Users/amrsaied/DerivedData/PaymentsdkExample-fihmfcmcdadiqyacsuppipgwcqpk/Build/Intermediates.noindex/Pods.build/Debug-iphonesimulator/React-RCTLinking.build/React-RCTLinking.DependencyStaticMetadataFileList

WriteAuxiliaryFile /Users/amrsaied/DerivedData/PaymentsdkExample-fihmfcmcdadiqyacsuppipgwcqpk/Build/Intermediates.noindex/Pods.build/Debug-iphonesimulator/React-RCTNetwork.build/Objects-normal/arm64/af3fcb34312c57c0f52879cdce924b91-common-args.resp (in target 'React-RCTNetwork' from project 'Pods')
    cd /Users/amrsaied/Documents/Flutter/PayTab/github/react-native-paytabs-library/example/ios/Pods
    write-file /Users/amrsaied/DerivedData/PaymentsdkExample-fihmfcmcdadiqyacsuppipgwcqpk/Build/Intermediates.noindex/Pods.build/Debug-iphonesimulator/React-RCTNetwork.build/Objects-normal/arm64/af3fcb34312c57c0f52879cdce924b91-common-args.resp
-target arm64-apple-ios15.1-simulator '-std=c++20' '-stdlib=libc++' -fobjc-arc -fmodules -fno-cxx-modules '-fmodules-cache-path=/Users/amrsaied/DerivedData/ModuleCache.noindex' '-D_LIBCPP_HARDENING_MODE=_LIBCPP_HARDENING_MODE_DEBUG' -fpascal-strings -O0 -fno-common '-DPOD_CONFIGURATION_DEBUG=1' '-DDEBUG=1' '-DCOCOAPODS=1' '-DOBJC_OLD_DISPATCH_PROTOTYPES=0' -isysroot /Applications/Xcode.app/Contents/Developer/Platforms/iPhoneSimulator.platform/Developer/SDKs/iPhoneSimulator26.2.sdk -g '-fobjc-abi-version=2' -fobjc-legacy-dispatch -iquote /Users/amrsaied/DerivedData/PaymentsdkExample-fihmfcmcdadiqyacsuppipgwcqpk/Build/Intermediates.noindex/Pods.build/Debug-iphonesimulator/React-RCTNetwork.build/React-RCTNetwork-generated-files.hmap -I/Users/amrsaied/DerivedData/PaymentsdkExample-fihmfcmcdadiqyacsuppipgwcqpk/Build/Intermediates.noindex/Pods.build/Debug-iphonesimulator/React-RCTNetwork.build/React-RCTNetwork-own-target-headers.hmap -I/Users/amrsaied/DerivedData/PaymentsdkExample-fihmfcmcdadiqyacsuppipgwcqpk/Build/Intermediates.noindex/Pods.build/Debug-iphonesimulator/React-RCTNetwork.build/React-RCTNetwork-all-non-framework-target-headers.hmap -ivfsoverlay /Users/amrsaied/DerivedData/PaymentsdkExample-fihmfcmcdadiqyacsuppipgwcqpk/Build/Intermediates.noindex/Pods.build/Debug-iphonesimulator/Pods-8699adb1dd336b26511df848a716bd42-VFS-iphonesimulator/all-product-headers.yaml -iquote /Users/amrsaied/DerivedData/PaymentsdkExample-fihmfcmcdadiqyacsuppipgwcqpk/Build/Intermediates.noindex/Pods.build/Debug-iphonesimulator/React-RCTNetwork.build/React-RCTNetwork-project-headers.hmap -I/Users/amrsaied/DerivedData/PaymentsdkExample-fihmfcmcdadiqyacsuppipgwcqpk/Build/Products/Debug-iphonesimulator/React-RCTNetwork/include -I/Users/amrsaied/Documents/Flutter/PayTab/github/react-native-paytabs-library/example/ios/Pods/Headers/Public -I/Users/amrsaied/Documents/Flutter/PayTab/github/react-native-paytabs-library/example/ios/Pods/Headers/Public/DoubleConversion -I/Users/amrsaied/Documents/Flutter/PayTab/github/react-native-paytabs-library/example/ios/Pods/Headers/Public/FBLazyVector -I/Users/amrsaied/Documents/Flutter/PayTab/github/react-native-paytabs-library/example/ios/Pods/Headers/Public/RCT-Folly -I/Users/amrsaied/Documents/Flutter/PayTab/github/react-native-paytabs-library/example/ios/Pods/Headers/Public/RCTDeprecation -I/Users/amrsaied/Documents/Flutter/PayTab/github/react-native-paytabs-library/example/ios/Pods/Headers/Public/RCTRequired -I/Users/amrsaied/Documents/Flutter/PayTab/github/react-native-paytabs-library/example/ios/Pods/Headers/Public/RCTTypeSafety -I/Users/amrsaied/Documents/Flutter/PayTab/github/react-native-paytabs-library/example/ios/Pods/Headers/Public/React-Core -I/Users/amrsaied/Documents/Flutter/PayTab/github/react-native-paytabs-library/example/ios/Pods/Headers/Public/React-NativeModulesApple -I/Users/amrsaied/Documents/Flutter/PayTab/github/react-native-paytabs-library/example/ios/Pods/Headers/Public/React-RCTFBReactNativeSpec -I/Users/amrsaied/Documents/Flutter/PayTab/github/react-native-paytabs-library/example/ios/Pods/Headers/Public/React-callinvoker -I/Users/amrsaied/Documents/Flutter/PayTab/github/react-native-paytabs-library/example/ios/Pods/Headers/Public/React-cxxreact -I/Users/amrsaied/Documents/Flutter/PayTab/github/react-native-paytabs-library/example/ios/Pods/Headers/Public/React-debug -I/Users/amrsaied/Documents/Flutter/PayTab/github/react-native-paytabs-library/example/ios/Pods/Headers/Public/React-featureflags -I/Users/amrsaied/Documents/Flutter/PayTab/github/react-native-paytabs-library/example/ios/Pods/Headers/Public/React-hermes -I/Users/amrsaied/Documents/Flutter/PayTab/github/react-native-paytabs-library/example/ios/Pods/Headers/Public/React-jsi -I/Users/amrsaied/Documents/Flutter/PayTab/github/react-native-paytabs-library/example/ios/Pods/Headers/Public/React-jsiexecutor -I/Users/amrsaied/Documents/Flutter/PayTab/github/react-native-paytabs-library/example/ios/Pods/Headers/Public/React-jsinspector -I/Users/amrsaied/Documents/Flutter/PayTab/github/react-native-paytabs-library/example/ios/Pods/Headers/Public/React-jsinspectortracing -I/Users/amrsaied/Documents/Flutter/PayTab/github/react-native-paytabs-library/example/ios/Pods/Headers/Public/React-jsitooling -I/Users/amrsaied/Documents/Flutter/PayTab/github/react-native-paytabs-library/example/ios/Pods/Headers/Public/React-logger -I/Users/amrsaied/Documents/Flutter/PayTab/github/react-native-paytabs-library/example/ios/Pods/Headers/Public/React-oscompat -I/Users/amrsaied/Documents/Flutter/PayTab/github/react-native-paytabs-library/example/ios/Pods/Headers/Public/React-perflogger -I/Users/amrsaied/Documents/Flutter/PayTab/github/react-native-paytabs-library/example/ios/Pods/Headers/Public/React-performancetimeline -I/Users/amrsaied/Documents/Flutter/PayTab/github/react-native-paytabs-library/example/ios/Pods/Headers/Public/React-rendererconsistency -I/Users/amrsaied/Documents/Flutter/PayTab/github/react-native-paytabs-library/example/ios/Pods/Headers/Public/React-rendererdebug -I/Users/amrsaied/Documents/Flutter/PayTab/github/react-native-paytabs-library/example/ios/Pods/Headers/Public/React-runtimeexecutor -I/Users/amrsaied/Documents/Flutter/PayTab/github/react-native-paytabs-library/example/ios/Pods/Headers/Public/React-runtimescheduler -I/Users/amrsaied/Documents/Flutter/PayTab/github/react-native-paytabs-library/example/ios/Pods/Headers/Public/React-timing -I/Users/amrsaied/Documents/Flutter/PayTab/github/react-native-paytabs-library/example/ios/Pods/Headers/Public/React-utils -I/Users/amrsaied/Documents/Flutter/PayTab/github/react-native-paytabs-library/example/ios/Pods/Headers/Public/ReactCommon -I/Users/amrsaied/Documents/Flutter/PayTab/github/react-native-paytabs-library/example/ios/Pods/Headers/Public/SocketRocket -I/Users/amrsaied/Documents/Flutter/PayTab/github/react-native-paytabs-library/example/ios/Pods/Headers/Public/Yoga -I/Users/amrsaied/Documents/Flutter/PayTab/github/react-native-paytabs-library/example/ios/Pods/Headers/Public/boost -I/Users/amrsaied/Documents/Flutter/PayTab/github/react-native-paytabs-library/example/ios/Pods/Headers/Public/fast_float -I/Users/amrsaied/Documents/Flutter/PayTab/github/react-native-paytabs-library/example/ios/Pods/Headers/Public/fmt -I/Users/amrsaied/Documents/Flutter/PayTab/github/react-native-paytabs-library/example/ios/Pods/Headers/Public/glog -I/Users/amrsaied/Documents/Flutter/PayTab/github/react-native-paytabs-library/example/ios/Pods/Headers/Public/hermes-engine -I/Users/amrsaied/Documents/Flutter/PayTab/github/react-native-paytabs-library/example/ios/Pods/RCT-Folly -I/Users/amrsaied/Documents/Flutter/PayTab/github/react-native-paytabs-library/example/ios/Pods/Headers/Public/ReactCodegen/react/renderer/components -I/Users/amrsaied/DerivedData/PaymentsdkExample-fihmfcmcdadiqyacsuppipgwcqpk/Build/Products/Debug-iphonesimulator/React-RCTFBReactNativeSpec/React_RCTFBReactNativeSpec.framework/Headers -I/Users/amrsaied/DerivedData/PaymentsdkExample-fihmfcmcdadiqyacsuppipgwcqpk/Build/Products/Debug-iphonesimulator/ReactCommon/ReactCommon.framework/Headers -I/Users/amrsaied/DerivedData/PaymentsdkExample-fihmfcmcdadiqyacsuppipgwcqpk/Build/Products/Debug-iphonesimulator/ReactCommon/ReactCommon.framework/Headers/react/nativemodule/core -I/Users/amrsaied/DerivedData/PaymentsdkExample-fihmfcmcdadiqyacsuppipgwcqpk/Build/Products/Debug-iphonesimulator/React-NativeModulesApple/React_NativeModulesApple.framework/Headers -I/Users/amrsaied/DerivedData/PaymentsdkExample-fihmfcmcdadiqyacsuppipgwcqpk/Build/Products/Debug-iphonesimulator/React-NativeModulesApple/React_NativeModulesApple.framework/Headers/build/generated/ios -I/Users/amrsaied/DerivedData/PaymentsdkExample-fihmfcmcdadiqyacsuppipgwcqpk/Build/Intermediates.noindex/Pods.build/Debug-iphonesimulator/React-RCTNetwork.build/DerivedSources-normal/arm64 -I/Users/amrsaied/DerivedData/PaymentsdkExample-fihmfcmcdadiqyacsuppipgwcqpk/Build/Intermediates.noindex/Pods.build/Debug-iphonesimulator/React-RCTNetwork.build/DerivedSources/arm64 -I/Users/amrsaied/DerivedData/PaymentsdkExample-fihmfcmcdadiqyacsuppipgwcqpk/Build/Intermediates.noindex/Pods.build/Debug-iphonesimulator/React-RCTNetwork.build/DerivedSources -F/Users/amrsaied/DerivedData/PaymentsdkExample-fihmfcmcdadiqyacsuppipgwcqpk/Build/Products/Debug-iphonesimulator/React-RCTNetwork -F/Users/amrsaied/Documents/Flutter/PayTab/github/react-native-paytabs-library/example/ios/Pods/hermes-engine/destroot/Library/Frameworks/universal -F/Users/amrsaied/DerivedData/PaymentsdkExample-fihmfcmcdadiqyacsuppipgwcqpk/Build/Products/Debug-iphonesimulator/XCFrameworkIntermediates/hermes-engine/Pre-built '-fmodule-map-file=/Users/amrsaied/Documents/Flutter/PayTab/github/react-native-paytabs-library/example/ios/Pods/Headers/Public/RCTDeprecation/RCTDeprecation.modulemap' '-fmodule-map-file=/Users/amrsaied/Documents/Flutter/PayTab/github/react-native-paytabs-library/example/ios/Pods/Headers/Public/RCTTypeSafety/RCTTypeSafety.modulemap' '-fmodule-map-file=/Users/amrsaied/Documents/Flutter/PayTab/github/react-native-paytabs-library/example/ios/Pods/Headers/Public/React/React-Core.modulemap' '-fmodule-map-file=/Users/amrsaied/Documents/Flutter/PayTab/github/react-native-paytabs-library/example/ios/Pods/Headers/Public/ReactCommon/ReactCommon.modulemap' '-fmodule-map-file=/Users/amrsaied/Documents/Flutter/PayTab/github/react-native-paytabs-library/example/ios/Pods/Headers/Public/React_NativeModulesApple/React-NativeModulesApple.modulemap' '-fmodule-map-file=/Users/amrsaied/Documents/Flutter/PayTab/github/react-native-paytabs-library/example/ios/Pods/Headers/Public/folly/RCT-Folly.modulemap' '-fmodule-map-file=/Users/amrsaied/Documents/Flutter/PayTab/github/react-native-paytabs-library/example/ios/Pods/Headers/Public/jsi/React-jsi.modulemap' '-fmodule-map-file=/Users/amrsaied/Documents/Flutter/PayTab/github/react-native-paytabs-library/example/ios/Pods/Headers/Public/jsinspector_modern/React-jsinspector.modulemap' '-fmodule-map-file=/Users/amrsaied/Documents/Flutter/PayTab/github/react-native-paytabs-library/example/ios/Pods/Headers/Public/jsinspector_modern_tracing/React-jsinspectortracing.modulemap' '-fmodule-map-file=/Users/amrsaied/Documents/Flutter/PayTab/github/react-native-paytabs-library/example/ios/Pods/Headers/Public/react_debug/React-debug.modulemap' '-fmodule-map-file=/Users/amrsaied/Documents/Flutter/PayTab/github/react-native-paytabs-library/example/ios/Pods/Headers/Public/react_featureflags/React-featureflags.modulemap' '-fmodule-map-file=/Users/amrsaied/Documents/Flutter/PayTab/github/react-native-paytabs-library/example/ios/Pods/Headers/Public/react_renderer_debug/React-rendererdebug.modulemap' '-fmodule-map-file=/Users/amrsaied/Documents/Flutter/PayTab/github/react-native-paytabs-library/example/ios/Pods/Headers/Public/react_runtime/React-jsitooling.modulemap' '-fmodule-map-file=/Users/amrsaied/Documents/Flutter/PayTab/github/react-native-paytabs-library/example/ios/Pods/Headers/Public/react_utils/React-utils.modulemap' '-fmodule-map-file=/Users/amrsaied/Documents/Flutter/PayTab/github/react-native-paytabs-library/example/ios/Pods/Headers/Public/reacthermes/React-hermes.modulemap' '-fmodule-map-file=/Users/amrsaied/Documents/Flutter/PayTab/github/react-native-paytabs-library/example/ios/Pods/Headers/Public/yoga/Yoga.modulemap'

WriteAuxiliaryFile /Users/amrsaied/DerivedData/PaymentsdkExample-fihmfcmcdadiqyacsuppipgwcqpk/Build/Intermediates.noindex/Pods.build/Debug-iphonesimulator/React-RCTLinking.build/React-RCTLinking.DependencyMetadataFileList (in target 'React-RCTLinking' from project 'Pods')
    cd /Users/amrsaied/Documents/Flutter/PayTab/github/react-native-paytabs-library/example/ios/Pods
    write-file /Users/amrsaied/DerivedData/PaymentsdkExample-fihmfcmcdadiqyacsuppipgwcqpk/Build/Intermediates.noindex/Pods.build/Debug-iphonesimulator/React-RCTLinking.build/React-RCTLinking.DependencyMetadataFileList

WriteAuxiliaryFile /Users/amrsaied/DerivedData/PaymentsdkExample-fihmfcmcdadiqyacsuppipgwcqpk/Build/Intermediates.noindex/Pods.build/Debug-iphonesimulator/React-RCTLinking.build/Objects-normal/arm64/e6072d4f65d7061329687fe24e3d63a7-common-args.resp (in target 'React-RCTLinking' from project 'Pods')
    cd /Users/amrsaied/Documents/Flutter/PayTab/github/react-native-paytabs-library/example/ios/Pods
    write-file /Users/amrsaied/DerivedData/PaymentsdkExample-fihmfcmcdadiqyacsuppipgwcqpk/Build/Intermediates.noindex/Pods.build/Debug-iphonesimulator/React-RCTLinking.build/Objects-normal/arm64/e6072d4f65d7061329687fe24e3d63a7-common-args.resp
-target arm64-apple-ios15.1-simulator '-std=gnu11' -fobjc-arc -fmodules '-fmodules-cache-path=/Users/amrsaied/DerivedData/ModuleCache.noindex' -fpascal-strings -O0 -fno-common '-DPOD_CONFIGURATION_DEBUG=1' '-DDEBUG=1' '-DCOCOAPODS=1' '-DOBJC_OLD_DISPATCH_PROTOTYPES=0' -isysroot /Applications/Xcode.app/Contents/Developer/Platforms/iPhoneSimulator.platform/Developer/SDKs/iPhoneSimulator26.2.sdk -g '-fobjc-abi-version=2' -fobjc-legacy-dispatch -iquote /Users/amrsaied/DerivedData/PaymentsdkExample-fihmfcmcdadiqyacsuppipgwcqpk/Build/Intermediates.noindex/Pods.build/Debug-iphonesimulator/React-RCTLinking.build/React-RCTLinking-generated-files.hmap -I/Users/amrsaied/DerivedData/PaymentsdkExample-fihmfcmcdadiqyacsuppipgwcqpk/Build/Intermediates.noindex/Pods.build/Debug-iphonesimulator/React-RCTLinking.build/React-RCTLinking-own-target-headers.hmap -I/Users/amrsaied/DerivedData/PaymentsdkExample-fihmfcmcdadiqyacsuppipgwcqpk/Build/Intermediates.noindex/Pods.build/Debug-iphonesimulator/React-RCTLinking.build/React-RCTLinking-all-non-framework-target-headers.hmap -ivfsoverlay /Users/amrsaied/DerivedData/PaymentsdkExample-fihmfcmcdadiqyacsuppipgwcqpk/Build/Intermediates.noindex/Pods.build/Debug-iphonesimulator/Pods-8699adb1dd336b26511df848a716bd42-VFS-iphonesimulator/all-product-headers.yaml -iquote /Users/amrsaied/DerivedData/PaymentsdkExample-fihmfcmcdadiqyacsuppipgwcqpk/Build/Intermediates.noindex/Pods.build/Debug-iphonesimulator/React-RCTLinking.build/React-RCTLinking-project-headers.hmap -I/Users/amrsaied/DerivedData/PaymentsdkExample-fihmfcmcdadiqyacsuppipgwcqpk/Build/Products/Debug-iphonesimulator/React-RCTLinking/include -I/Users/amrsaied/Documents/Flutter/PayTab/github/react-native-paytabs-library/example/ios/Pods/Headers/Public -I/Users/amrsaied/Documents/Flutter/PayTab/github/react-native-paytabs-library/example/ios/Pods/Headers/Public/DoubleConversion -I/Users/amrsaied/Documents/Flutter/PayTab/github/react-native-paytabs-library/example/ios/Pods/Headers/Public/FBLazyVector -I/Users/amrsaied/Documents/Flutter/PayTab/github/react-native-paytabs-library/example/ios/Pods/Headers/Public/RCT-Folly -I/Users/amrsaied/Documents/Flutter/PayTab/github/react-native-paytabs-library/example/ios/Pods/Headers/Public/RCTDeprecation -I/Users/amrsaied/Documents/Flutter/PayTab/github/react-native-paytabs-library/example/ios/Pods/Headers/Public/RCTRequired -I/Users/amrsaied/Documents/Flutter/PayTab/github/react-native-paytabs-library/example/ios/Pods/Headers/Public/RCTTypeSafety -I/Users/amrsaied/Documents/Flutter/PayTab/github/react-native-paytabs-library/example/ios/Pods/Headers/Public/React-Core -I/Users/amrsaied/Documents/Flutter/PayTab/github/react-native-paytabs-library/example/ios/Pods/Headers/Public/React-NativeModulesApple -I/Users/amrsaied/Documents/Flutter/PayTab/github/react-native-paytabs-library/example/ios/Pods/Headers/Public/React-RCTFBReactNativeSpec -I/Users/amrsaied/Documents/Flutter/PayTab/github/react-native-paytabs-library/example/ios/Pods/Headers/Public/React-callinvoker -I/Users/amrsaied/Documents/Flutter/PayTab/github/react-native-paytabs-library/example/ios/Pods/Headers/Public/React-cxxreact -I/Users/amrsaied/Documents/Flutter/PayTab/github/react-native-paytabs-library/example/ios/Pods/Headers/Public/React-debug -I/Users/amrsaied/Documents/Flutter/PayTab/github/react-native-paytabs-library/example/ios/Pods/Headers/Public/React-featureflags -I/Users/amrsaied/Documents/Flutter/PayTab/github/react-native-paytabs-library/example/ios/Pods/Headers/Public/React-hermes -I/Users/amrsaied/Documents/Flutter/PayTab/github/react-native-paytabs-library/example/ios/Pods/Headers/Public/React-jsi -I/Users/amrsaied/Documents/Flutter/PayTab/github/react-native-paytabs-library/example/ios/Pods/Headers/Public/React-jsiexecutor -I/Users/amrsaied/Documents/Flutter/PayTab/github/react-native-paytabs-library/example/ios/Pods/Headers/Public/React-jsinspector -I/Users/amrsaied/Documents/Flutter/PayTab/github/react-native-paytabs-library/example/ios/Pods/Headers/Public/React-jsinspectortracing -I/Users/amrsaied/Documents/Flutter/PayTab/github/react-native-paytabs-library/example/ios/Pods/Headers/Public/React-jsitooling -I/Users/amrsaied/Documents/Flutter/PayTab/github/react-native-paytabs-library/example/ios/Pods/Headers/Public/React-logger -I/Users/amrsaied/Documents/Flutter/PayTab/github/react-native-paytabs-library/example/ios/Pods/Headers/Public/React-oscompat -I/Users/amrsaied/Documents/Flutter/PayTab/github/react-native-paytabs-library/example/ios/Pods/Headers/Public/React-perflogger -I/Users/amrsaied/Documents/Flutter/PayTab/github/react-native-paytabs-library/example/ios/Pods/Headers/Public/React-performancetimeline -I/Users/amrsaied/Documents/Flutter/PayTab/github/react-native-paytabs-library/example/ios/Pods/Headers/Public/React-rendererconsistency -I/Users/amrsaied/Documents/Flutter/PayTab/github/react-native-paytabs-library/example/ios/Pods/Headers/Public/React-rendererdebug -I/Users/amrsaied/Documents/Flutter/PayTab/github/react-native-paytabs-library/example/ios/Pods/Headers/Public/React-runtimeexecutor -I/Users/amrsaied/Documents/Flutter/PayTab/github/react-native-paytabs-library/example/ios/Pods/Headers/Public/React-runtimescheduler -I/Users/amrsaied/Documents/Flutter/PayTab/github/react-native-paytabs-library/example/ios/Pods/Headers/Public/React-timing -I/Users/amrsaied/Documents/Flutter/PayTab/github/react-native-paytabs-library/example/ios/Pods/Headers/Public/React-utils -I/Users/amrsaied/Documents/Flutter/PayTab/github/react-native-paytabs-library/example/ios/Pods/Headers/Public/ReactCommon -I/Users/amrsaied/Documents/Flutter/PayTab/github/react-native-paytabs-library/example/ios/Pods/Headers/Public/SocketRocket -I/Users/amrsaied/Documents/Flutter/PayTab/github/react-native-paytabs-library/example/ios/Pods/Headers/Public/Yoga -I/Users/amrsaied/Documents/Flutter/PayTab/github/react-native-paytabs-library/example/ios/Pods/Headers/Public/boost -I/Users/amrsaied/Documents/Flutter/PayTab/github/react-native-paytabs-library/example/ios/Pods/Headers/Public/fast_float -I/Users/amrsaied/Documents/Flutter/PayTab/github/react-native-paytabs-library/example/ios/Pods/Headers/Public/fmt -I/Users/amrsaied/Documents/Flutter/PayTab/github/react-native-paytabs-library/example/ios/Pods/Headers/Public/glog -I/Users/amrsaied/Documents/Flutter/PayTab/github/react-native-paytabs-library/example/ios/Pods/Headers/Public/hermes-engine -I/Users/amrsaied/Documents/Flutter/PayTab/github/react-native-paytabs-library/example/ios/Pods/RCT-Folly -I/Users/amrsaied/Documents/Flutter/PayTab/github/react-native-paytabs-library/example/ios/Pods/Headers/Public/ReactCodegen/react/renderer/components -I/Users/amrsaied/DerivedData/PaymentsdkExample-fihmfcmcdadiqyacsuppipgwcqpk/Build/Products/Debug-iphonesimulator/React-RCTFBReactNativeSpec/React_RCTFBReactNativeSpec.framework/Headers -I/Users/amrsaied/DerivedData/PaymentsdkExample-fihmfcmcdadiqyacsuppipgwcqpk/Build/Products/Debug-iphonesimulator/ReactCommon/ReactCommon.framework/Headers -I/Users/amrsaied/DerivedData/PaymentsdkExample-fihmfcmcdadiqyacsuppipgwcqpk/Build/Products/Debug-iphonesimulator/ReactCommon/ReactCommon.framework/Headers/react/nativemodule/core -I/Users/amrsaied/DerivedData/PaymentsdkExample-fihmfcmcdadiqyacsuppipgwcqpk/Build/Products/Debug-iphonesimulator/React-NativeModulesApple/React_NativeModulesApple.framework/Headers -I/Users/amrsaied/DerivedData/PaymentsdkExample-fihmfcmcdadiqyacsuppipgwcqpk/Build/Products/Debug-iphonesimulator/React-NativeModulesApple/React_NativeModulesApple.framework/Headers/build/generated/ios -I/Users/amrsaied/DerivedData/PaymentsdkExample-fihmfcmcdadiqyacsuppipgwcqpk/Build/Intermediates.noindex/Pods.build/Debug-iphonesimulator/React-RCTLinking.build/DerivedSources-normal/arm64 -I/Users/amrsaied/DerivedData/PaymentsdkExample-fihmfcmcdadiqyacsuppipgwcqpk/Build/Intermediates.noindex/Pods.build/Debug-iphonesimulator/React-RCTLinking.build/DerivedSources/arm64 -I/Users/amrsaied/DerivedData/PaymentsdkExample-fihmfcmcdadiqyacsuppipgwcqpk/Build/Intermediates.noindex/Pods.build/Debug-iphonesimulator/React-RCTLinking.build/DerivedSources -F/Users/amrsaied/DerivedData/PaymentsdkExample-fihmfcmcdadiqyacsuppipgwcqpk/Build/Products/Debug-iphonesimulator/React-RCTLinking -F/Users/amrsaied/Documents/Flutter/PayTab/github/react-native-paytabs-library/example/ios/Pods/hermes-engine/destroot/Library/Frameworks/universal -F/Users/amrsaied/DerivedData/PaymentsdkExample-fihmfcmcdadiqyacsuppipgwcqpk/Build/Products/Debug-iphonesimulator/XCFrameworkIntermediates/hermes-engine/Pre-built '-fmodule-map-file=/Users/amrsaied/Documents/Flutter/PayTab/github/react-native-paytabs-library/example/ios/Pods/Headers/Public/RCTDeprecation/RCTDeprecation.modulemap' '-fmodule-map-file=/Users/amrsaied/Documents/Flutter/PayTab/github/react-native-paytabs-library/example/ios/Pods/Headers/Public/RCTTypeSafety/RCTTypeSafety.modulemap' '-fmodule-map-file=/Users/amrsaied/Documents/Flutter/PayTab/github/react-native-paytabs-library/example/ios/Pods/Headers/Public/React/React-Core.modulemap' '-fmodule-map-file=/Users/amrsaied/Documents/Flutter/PayTab/github/react-native-paytabs-library/example/ios/Pods/Headers/Public/ReactCommon/ReactCommon.modulemap' '-fmodule-map-file=/Users/amrsaied/Documents/Flutter/PayTab/github/react-native-paytabs-library/example/ios/Pods/Headers/Public/React_NativeModulesApple/React-NativeModulesApple.modulemap' '-fmodule-map-file=/Users/amrsaied/Documents/Flutter/PayTab/github/react-native-paytabs-library/example/ios/Pods/Headers/Public/folly/RCT-Folly.modulemap' '-fmodule-map-file=/Users/amrsaied/Documents/Flutter/PayTab/github/react-native-paytabs-library/example/ios/Pods/Headers/Public/jsi/React-jsi.modulemap' '-fmodule-map-file=/Users/amrsaied/Documents/Flutter/PayTab/github/react-native-paytabs-library/example/ios/Pods/Headers/Public/jsinspector_modern/React-jsinspector.modulemap' '-fmodule-map-file=/Users/amrsaied/Documents/Flutter/PayTab/github/react-native-paytabs-library/example/ios/Pods/Headers/Public/jsinspector_modern_tracing/React-jsinspectortracing.modulemap' '-fmodule-map-file=/Users/amrsaied/Documents/Flutter/PayTab/github/react-native-paytabs-library/example/ios/Pods/Headers/Public/react_debug/React-debug.modulemap' '-fmodule-map-file=/Users/amrsaied/Documents/Flutter/PayTab/github/react-native-paytabs-library/example/ios/Pods/Headers/Public/react_featureflags/React-featureflags.modulemap' '-fmodule-map-file=/Users/amrsaied/Documents/Flutter/PayTab/github/react-native-paytabs-library/example/ios/Pods/Headers/Public/react_renderer_debug/React-rendererdebug.modulemap' '-fmodule-map-file=/Users/amrsaied/Documents/Flutter/PayTab/github/react-native-paytabs-library/example/ios/Pods/Headers/Public/react_runtime/React-jsitooling.modulemap' '-fmodule-map-file=/Users/amrsaied/Documents/Flutter/PayTab/github/react-native-paytabs-library/example/ios/Pods/Headers/Public/react_utils/React-utils.modulemap' '-fmodule-map-file=/Users/amrsaied/Documents/Flutter/PayTab/github/react-native-paytabs-library/example/ios/Pods/Headers/Public/reacthermes/React-hermes.modulemap' '-fmodule-map-file=/Users/amrsaied/Documents/Flutter/PayTab/github/react-native-paytabs-library/example/ios/Pods/Headers/Public/yoga/Yoga.modulemap'

WriteAuxiliaryFile /Users/amrsaied/DerivedData/PaymentsdkExample-fihmfcmcdadiqyacsuppipgwcqpk/Build/Intermediates.noindex/Pods.build/Debug-iphonesimulator/React-RCTLinking.build/Objects-normal/arm64/af3fcb34312c57c0f52879cdce924b91-common-args.resp (in target 'React-RCTLinking' from project 'Pods')
    cd /Users/amrsaied/Documents/Flutter/PayTab/github/react-native-paytabs-library/example/ios/Pods
    write-file /Users/amrsaied/DerivedData/PaymentsdkExample-fihmfcmcdadiqyacsuppipgwcqpk/Build/Intermediates.noindex/Pods.build/Debug-iphonesimulator/React-RCTLinking.build/Objects-normal/arm64/af3fcb34312c57c0f52879cdce924b91-common-args.resp
-target arm64-apple-ios15.1-simulator '-std=c++20' '-stdlib=libc++' -fobjc-arc -fmodules -fno-cxx-modules '-fmodules-cache-path=/Users/amrsaied/DerivedData/ModuleCache.noindex' '-D_LIBCPP_HARDENING_MODE=_LIBCPP_HARDENING_MODE_DEBUG' -fpascal-strings -O0 -fno-common '-DPOD_CONFIGURATION_DEBUG=1' '-DDEBUG=1' '-DCOCOAPODS=1' '-DOBJC_OLD_DISPATCH_PROTOTYPES=0' -isysroot /Applications/Xcode.app/Contents/Developer/Platforms/iPhoneSimulator.platform/Developer/SDKs/iPhoneSimulator26.2.sdk -g '-fobjc-abi-version=2' -fobjc-legacy-dispatch -iquote /Users/amrsaied/DerivedData/PaymentsdkExample-fihmfcmcdadiqyacsuppipgwcqpk/Build/Intermediates.noindex/Pods.build/Debug-iphonesimulator/React-RCTLinking.build/React-RCTLinking-generated-files.hmap -I/Users/amrsaied/DerivedData/PaymentsdkExample-fihmfcmcdadiqyacsuppipgwcqpk/Build/Intermediates.noindex/Pods.build/Debug-iphonesimulator/React-RCTLinking.build/React-RCTLinking-own-target-headers.hmap -I/Users/amrsaied/DerivedData/PaymentsdkExample-fihmfcmcdadiqyacsuppipgwcqpk/Build/Intermediates.noindex/Pods.build/Debug-iphonesimulator/React-RCTLinking.build/React-RCTLinking-all-non-framework-target-headers.hmap -ivfsoverlay /Users/amrsaied/DerivedData/PaymentsdkExample-fihmfcmcdadiqyacsuppipgwcqpk/Build/Intermediates.noindex/Pods.build/Debug-iphonesimulator/Pods-8699adb1dd336b26511df848a716bd42-VFS-iphonesimulator/all-product-headers.yaml -iquote /Users/amrsaied/DerivedData/PaymentsdkExample-fihmfcmcdadiqyacsuppipgwcqpk/Build/Intermediates.noindex/Pods.build/Debug-iphonesimulator/React-RCTLinking.build/React-RCTLinking-project-headers.hmap -I/Users/amrsaied/DerivedData/PaymentsdkExample-fihmfcmcdadiqyacsuppipgwcqpk/Build/Products/Debug-iphonesimulator/React-RCTLinking/include -I/Users/amrsaied/Documents/Flutter/PayTab/github/react-native-paytabs-library/example/ios/Pods/Headers/Public -I/Users/amrsaied/Documents/Flutter/PayTab/github/react-native-paytabs-library/example/ios/Pods/Headers/Public/DoubleConversion -I/Users/amrsaied/Documents/Flutter/PayTab/github/react-native-paytabs-library/example/ios/Pods/Headers/Public/FBLazyVector -I/Users/amrsaied/Documents/Flutter/PayTab/github/react-native-paytabs-library/example/ios/Pods/Headers/Public/RCT-Folly -I/Users/amrsaied/Documents/Flutter/PayTab/github/react-native-paytabs-library/example/ios/Pods/Headers/Public/RCTDeprecation -I/Users/amrsaied/Documents/Flutter/PayTab/github/react-native-paytabs-library/example/ios/Pods/Headers/Public/RCTRequired -I/Users/amrsaied/Documents/Flutter/PayTab/github/react-native-paytabs-library/example/ios/Pods/Headers/Public/RCTTypeSafety -I/Users/amrsaied/Documents/Flutter/PayTab/github/react-native-paytabs-library/example/ios/Pods/Headers/Public/React-Core -I/Users/amrsaied/Documents/Flutter/PayTab/github/react-native-paytabs-library/example/ios/Pods/Headers/Public/React-NativeModulesApple -I/Users/amrsaied/Documents/Flutter/PayTab/github/react-native-paytabs-library/example/ios/Pods/Headers/Public/React-RCTFBReactNativeSpec -I/Users/amrsaied/Documents/Flutter/PayTab/github/react-native-paytabs-library/example/ios/Pods/Headers/Public/React-callinvoker -I/Users/amrsaied/Documents/Flutter/PayTab/github/react-native-paytabs-library/example/ios/Pods/Headers/Public/React-cxxreact -I/Users/amrsaied/Documents/Flutter/PayTab/github/react-native-paytabs-library/example/ios/Pods/Headers/Public/React-debug -I/Users/amrsaied/Documents/Flutter/PayTab/github/react-native-paytabs-library/example/ios/Pods/Headers/Public/React-featureflags -I/Users/amrsaied/Documents/Flutter/PayTab/github/react-native-paytabs-library/example/ios/Pods/Headers/Public/React-hermes -I/Users/amrsaied/Documents/Flutter/PayTab/github/react-native-paytabs-library/example/ios/Pods/Headers/Public/React-jsi -I/Users/amrsaied/Documents/Flutter/PayTab/github/react-native-paytabs-library/example/ios/Pods/Headers/Public/React-jsiexecutor -I/Users/amrsaied/Documents/Flutter/PayTab/github/react-native-paytabs-library/example/ios/Pods/Headers/Public/React-jsinspector -I/Users/amrsaied/Documents/Flutter/PayTab/github/react-native-paytabs-library/example/ios/Pods/Headers/Public/React-jsinspectortracing -I/Users/amrsaied/Documents/Flutter/PayTab/github/react-native-paytabs-library/example/ios/Pods/Headers/Public/React-jsitooling -I/Users/amrsaied/Documents/Flutter/PayTab/github/react-native-paytabs-library/example/ios/Pods/Headers/Public/React-logger -I/Users/amrsaied/Documents/Flutter/PayTab/github/react-native-paytabs-library/example/ios/Pods/Headers/Public/React-oscompat -I/Users/amrsaied/Documents/Flutter/PayTab/github/react-native-paytabs-library/example/ios/Pods/Headers/Public/React-perflogger -I/Users/amrsaied/Documents/Flutter/PayTab/github/react-native-paytabs-library/example/ios/Pods/Headers/Public/React-performancetimeline -I/Users/amrsaied/Documents/Flutter/PayTab/github/react-native-paytabs-library/example/ios/Pods/Headers/Public/React-rendererconsistency -I/Users/amrsaied/Documents/Flutter/PayTab/github/react-native-paytabs-library/example/ios/Pods/Headers/Public/React-rendererdebug -I/Users/amrsaied/Documents/Flutter/PayTab/github/react-native-paytabs-library/example/ios/Pods/Headers/Public/React-runtimeexecutor -I/Users/amrsaied/Documents/Flutter/PayTab/github/react-native-paytabs-library/example/ios/Pods/Headers/Public/React-runtimescheduler -I/Users/amrsaied/Documents/Flutter/PayTab/github/react-native-paytabs-library/example/ios/Pods/Headers/Public/React-timing -I/Users/amrsaied/Documents/Flutter/PayTab/github/react-native-paytabs-library/example/ios/Pods/Headers/Public/React-utils -I/Users/amrsaied/Documents/Flutter/PayTab/github/react-native-paytabs-library/example/ios/Pods/Headers/Public/ReactCommon -I/Users/amrsaied/Documents/Flutter/PayTab/github/react-native-paytabs-library/example/ios/Pods/Headers/Public/SocketRocket -I/Users/amrsaied/Documents/Flutter/PayTab/github/react-native-paytabs-library/example/ios/Pods/Headers/Public/Yoga -I/Users/amrsaied/Documents/Flutter/PayTab/github/react-native-paytabs-library/example/ios/Pods/Headers/Public/boost -I/Users/amrsaied/Documents/Flutter/PayTab/github/react-native-paytabs-library/example/ios/Pods/Headers/Public/fast_float -I/Users/amrsaied/Documents/Flutter/PayTab/github/react-native-paytabs-library/example/ios/Pods/Headers/Public/fmt -I/Users/amrsaied/Documents/Flutter/PayTab/github/react-native-paytabs-library/example/ios/Pods/Headers/Public/glog -I/Users/amrsaied/Documents/Flutter/PayTab/github/react-native-paytabs-library/example/ios/Pods/Headers/Public/hermes-engine -I/Users/amrsaied/Documents/Flutter/PayTab/github/react-native-paytabs-library/example/ios/Pods/RCT-Folly -I/Users/amrsaied/Documents/Flutter/PayTab/github/react-native-paytabs-library/example/ios/Pods/Headers/Public/ReactCodegen/react/renderer/components -I/Users/amrsaied/DerivedData/PaymentsdkExample-fihmfcmcdadiqyacsuppipgwcqpk/Build/Products/Debug-iphonesimulator/React-RCTFBReactNativeSpec/React_RCTFBReactNativeSpec.framework/Headers -I/Users/amrsaied/DerivedData/PaymentsdkExample-fihmfcmcdadiqyacsuppipgwcqpk/Build/Products/Debug-iphonesimulator/ReactCommon/ReactCommon.framework/Headers -I/Users/amrsaied/DerivedData/PaymentsdkExample-fihmfcmcdadiqyacsuppipgwcqpk/Build/Products/Debug-iphonesimulator/ReactCommon/ReactCommon.framework/Headers/react/nativemodule/core -I/Users/amrsaied/DerivedData/PaymentsdkExample-fihmfcmcdadiqyacsuppipgwcqpk/Build/Products/Debug-iphonesimulator/React-NativeModulesApple/React_NativeModulesApple.framework/Headers -I/Users/amrsaied/DerivedData/PaymentsdkExample-fihmfcmcdadiqyacsuppipgwcqpk/Build/Products/Debug-iphonesimulator/React-NativeModulesApple/React_NativeModulesApple.framework/Headers/build/generated/ios -I/Users/amrsaied/DerivedData/PaymentsdkExample-fihmfcmcdadiqyacsuppipgwcqpk/Build/Intermediates.noindex/Pods.build/Debug-iphonesimulator/React-RCTLinking.build/DerivedSources-normal/arm64 -I/Users/amrsaied/DerivedData/PaymentsdkExample-fihmfcmcdadiqyacsuppipgwcqpk/Build/Intermediates.noindex/Pods.build/Debug-iphonesimulator/React-RCTLinking.build/DerivedSources/arm64 -I/Users/amrsaied/DerivedData/PaymentsdkExample-fihmfcmcdadiqyacsuppipgwcqpk/Build/Intermediates.noindex/Pods.build/Debug-iphonesimulator/React-RCTLinking.build/DerivedSources -F/Users/amrsaied/DerivedData/PaymentsdkExample-fihmfcmcdadiqyacsuppipgwcqpk/Build/Products/Debug-iphonesimulator/React-RCTLinking -F/Users/amrsaied/Documents/Flutter/PayTab/github/react-native-paytabs-library/example/ios/Pods/hermes-engine/destroot/Library/Frameworks/universal -F/Users/amrsaied/DerivedData/PaymentsdkExample-fihmfcmcdadiqyacsuppipgwcqpk/Build/Products/Debug-iphonesimulator/XCFrameworkIntermediates/hermes-engine/Pre-built '-fmodule-map-file=/Users/amrsaied/Documents/Flutter/PayTab/github/react-native-paytabs-library/example/ios/Pods/Headers/Public/RCTDeprecation/RCTDeprecation.modulemap' '-fmodule-map-file=/Users/amrsaied/Documents/Flutter/PayTab/github/react-native-paytabs-library/example/ios/Pods/Headers/Public/RCTTypeSafety/RCTTypeSafety.modulemap' '-fmodule-map-file=/Users/amrsaied/Documents/Flutter/PayTab/github/react-native-paytabs-library/example/ios/Pods/Headers/Public/React/React-Core.modulemap' '-fmodule-map-file=/Users/amrsaied/Documents/Flutter/PayTab/github/react-native-paytabs-library/example/ios/Pods/Headers/Public/ReactCommon/ReactCommon.modulemap' '-fmodule-map-file=/Users/amrsaied/Documents/Flutter/PayTab/github/react-native-paytabs-library/example/ios/Pods/Headers/Public/React_NativeModulesApple/React-NativeModulesApple.modulemap' '-fmodule-map-file=/Users/amrsaied/Documents/Flutter/PayTab/github/react-native-paytabs-library/example/ios/Pods/Headers/Public/folly/RCT-Folly.modulemap' '-fmodule-map-file=/Users/amrsaied/Documents/Flutter/PayTab/github/react-native-paytabs-library/example/ios/Pods/Headers/Public/jsi/React-jsi.modulemap' '-fmodule-map-file=/Users/amrsaied/Documents/Flutter/PayTab/github/react-native-paytabs-library/example/ios/Pods/Headers/Public/jsinspector_modern/React-jsinspector.modulemap' '-fmodule-map-file=/Users/amrsaied/Documents/Flutter/PayTab/github/react-native-paytabs-library/example/ios/Pods/Headers/Public/jsinspector_modern_tracing/React-jsinspectortracing.modulemap' '-fmodule-map-file=/Users/amrsaied/Documents/Flutter/PayTab/github/react-native-paytabs-library/example/ios/Pods/Headers/Public/react_debug/React-debug.modulemap' '-fmodule-map-file=/Users/amrsaied/Documents/Flutter/PayTab/github/react-native-paytabs-library/example/ios/Pods/Headers/Public/react_featureflags/React-featureflags.modulemap' '-fmodule-map-file=/Users/amrsaied/Documents/Flutter/PayTab/github/react-native-paytabs-library/example/ios/Pods/Headers/Public/react_renderer_debug/React-rendererdebug.modulemap' '-fmodule-map-file=/Users/amrsaied/Documents/Flutter/PayTab/github/react-native-paytabs-library/example/ios/Pods/Headers/Public/react_runtime/React-jsitooling.modulemap' '-fmodule-map-file=/Users/amrsaied/Documents/Flutter/PayTab/github/react-native-paytabs-library/example/ios/Pods/Headers/Public/react_utils/React-utils.modulemap' '-fmodule-map-file=/Users/amrsaied/Documents/Flutter/PayTab/github/react-native-paytabs-library/example/ios/Pods/Headers/Public/reacthermes/React-hermes.modulemap' '-fmodule-map-file=/Users/amrsaied/Documents/Flutter/PayTab/github/react-native-paytabs-library/example/ios/Pods/Headers/Public/yoga/Yoga.modulemap'

WriteAuxiliaryFile /Users/amrsaied/DerivedData/PaymentsdkExample-fihmfcmcdadiqyacsuppipgwcqpk/Build/Intermediates.noindex/Pods.build/Debug-iphonesimulator/React-RCTLinking.build/React-RCTLinking-project-headers.hmap (in target 'React-RCTLinking' from project 'Pods')
    cd /Users/amrsaied/Documents/Flutter/PayTab/github/react-native-paytabs-library/example/ios/Pods
    write-file /Users/amrsaied/DerivedData/PaymentsdkExample-fihmfcmcdadiqyacsuppipgwcqpk/Build/Intermediates.noindex/Pods.build/Debug-iphonesimulator/React-RCTLinking.build/React-RCTLinking-project-headers.hmap

WriteAuxiliaryFile /Users/amrsaied/DerivedData/PaymentsdkExample-fihmfcmcdadiqyacsuppipgwcqpk/Build/Intermediates.noindex/Pods.build/Debug-iphonesimulator/DoubleConversion.build/Objects-normal/arm64/e6072d4f65d7061329687fe24e3d63a7-common-args.resp (in target 'DoubleConversion' from project 'Pods')
    cd /Users/amrsaied/Documents/Flutter/PayTab/github/react-native-paytabs-library/example/ios/Pods
    write-file /Users/amrsaied/DerivedData/PaymentsdkExample-fihmfcmcdadiqyacsuppipgwcqpk/Build/Intermediates.noindex/Pods.build/Debug-iphonesimulator/DoubleConversion.build/Objects-normal/arm64/e6072d4f65d7061329687fe24e3d63a7-common-args.resp
-target arm64-apple-ios15.1-simulator '-std=gnu11' -fobjc-arc -fmodules '-fmodules-cache-path=/Users/amrsaied/DerivedData/ModuleCache.noindex' -fpascal-strings -O0 -fno-common '-DPOD_CONFIGURATION_DEBUG=1' '-DDEBUG=1' '-DCOCOAPODS=1' '-DOBJC_OLD_DISPATCH_PROTOTYPES=0' -isysroot /Applications/Xcode.app/Contents/Developer/Platforms/iPhoneSimulator.platform/Developer/SDKs/iPhoneSimulator26.2.sdk -g '-fobjc-abi-version=2' -fobjc-legacy-dispatch -iquote /Users/amrsaied/DerivedData/PaymentsdkExample-fihmfcmcdadiqyacsuppipgwcqpk/Build/Intermediates.noindex/Pods.build/Debug-iphonesimulator/DoubleConversion.build/DoubleConversion-generated-files.hmap -I/Users/amrsaied/DerivedData/PaymentsdkExample-fihmfcmcdadiqyacsuppipgwcqpk/Build/Intermediates.noindex/Pods.build/Debug-iphonesimulator/DoubleConversion.build/DoubleConversion-own-target-headers.hmap -I/Users/amrsaied/DerivedData/PaymentsdkExample-fihmfcmcdadiqyacsuppipgwcqpk/Build/Intermediates.noindex/Pods.build/Debug-iphonesimulator/DoubleConversion.build/DoubleConversion-all-non-framework-target-headers.hmap -ivfsoverlay /Users/amrsaied/DerivedData/PaymentsdkExample-fihmfcmcdadiqyacsuppipgwcqpk/Build/Intermediates.noindex/Pods.build/Debug-iphonesimulator/Pods-8699adb1dd336b26511df848a716bd42-VFS-iphonesimulator/all-product-headers.yaml -iquote /Users/amrsaied/DerivedData/PaymentsdkExample-fihmfcmcdadiqyacsuppipgwcqpk/Build/Intermediates.noindex/Pods.build/Debug-iphonesimulator/DoubleConversion.build/DoubleConversion-project-headers.hmap -I/Users/amrsaied/DerivedData/PaymentsdkExample-fihmfcmcdadiqyacsuppipgwcqpk/Build/Products/Debug-iphonesimulator/DoubleConversion/include -I/Users/amrsaied/Documents/Flutter/PayTab/github/react-native-paytabs-library/example/ios/Pods/Headers/Private -I/Users/amrsaied/Documents/Flutter/PayTab/github/react-native-paytabs-library/example/ios/Pods/Headers/Private/DoubleConversion -I/Users/amrsaied/Documents/Flutter/PayTab/github/react-native-paytabs-library/example/ios/Pods/Headers/Public -I/Users/amrsaied/Documents/Flutter/PayTab/github/react-native-paytabs-library/example/ios/Pods/Headers/Public/DoubleConversion -I/Users/amrsaied/DerivedData/PaymentsdkExample-fihmfcmcdadiqyacsuppipgwcqpk/Build/Intermediates.noindex/Pods.build/Debug-iphonesimulator/DoubleConversion.build/DerivedSources-normal/arm64 -I/Users/amrsaied/DerivedData/PaymentsdkExample-fihmfcmcdadiqyacsuppipgwcqpk/Build/Intermediates.noindex/Pods.build/Debug-iphonesimulator/DoubleConversion.build/DerivedSources/arm64 -I/Users/amrsaied/DerivedData/PaymentsdkExample-fihmfcmcdadiqyacsuppipgwcqpk/Build/Intermediates.noindex/Pods.build/Debug-iphonesimulator/DoubleConversion.build/DerivedSources -F/Users/amrsaied/DerivedData/PaymentsdkExample-fihmfcmcdadiqyacsuppipgwcqpk/Build/Products/Debug-iphonesimulator/DoubleConversion

WriteAuxiliaryFile /Users/amrsaied/DerivedData/PaymentsdkExample-fihmfcmcdadiqyacsuppipgwcqpk/Build/Intermediates.noindex/Pods.build/Debug-iphonesimulator/DoubleConversion.build/Objects-normal/arm64/82b82416624d2658e5098eb0a28c15c5-common-args.resp (in target 'DoubleConversion' from project 'Pods')
    cd /Users/amrsaied/Documents/Flutter/PayTab/github/react-native-paytabs-library/example/ios/Pods
    write-file /Users/amrsaied/DerivedData/PaymentsdkExample-fihmfcmcdadiqyacsuppipgwcqpk/Build/Intermediates.noindex/Pods.build/Debug-iphonesimulator/DoubleConversion.build/Objects-normal/arm64/82b82416624d2658e5098eb0a28c15c5-common-args.resp
-target arm64-apple-ios15.1-simulator '-std=c++20' '-stdlib=libc++' -fmodules -fno-cxx-modules '-fmodules-cache-path=/Users/amrsaied/DerivedData/ModuleCache.noindex' '-D_LIBCPP_HARDENING_MODE=_LIBCPP_HARDENING_MODE_DEBUG' -fpascal-strings -O0 -fno-common '-DPOD_CONFIGURATION_DEBUG=1' '-DDEBUG=1' '-DCOCOAPODS=1' -isysroot /Applications/Xcode.app/Contents/Developer/Platforms/iPhoneSimulator.platform/Developer/SDKs/iPhoneSimulator26.2.sdk -g -iquote /Users/amrsaied/DerivedData/PaymentsdkExample-fihmfcmcdadiqyacsuppipgwcqpk/Build/Intermediates.noindex/Pods.build/Debug-iphonesimulator/DoubleConversion.build/DoubleConversion-generated-files.hmap -I/Users/amrsaied/DerivedData/PaymentsdkExample-fihmfcmcdadiqyacsuppipgwcqpk/Build/Intermediates.noindex/Pods.build/Debug-iphonesimulator/DoubleConversion.build/DoubleConversion-own-target-headers.hmap -I/Users/amrsaied/DerivedData/PaymentsdkExample-fihmfcmcdadiqyacsuppipgwcqpk/Build/Intermediates.noindex/Pods.build/Debug-iphonesimulator/DoubleConversion.build/DoubleConversion-all-non-framework-target-headers.hmap -ivfsoverlay /Users/amrsaied/DerivedData/PaymentsdkExample-fihmfcmcdadiqyacsuppipgwcqpk/Build/Intermediates.noindex/Pods.build/Debug-iphonesimulator/Pods-8699adb1dd336b26511df848a716bd42-VFS-iphonesimulator/all-product-headers.yaml -iquote /Users/amrsaied/DerivedData/PaymentsdkExample-fihmfcmcdadiqyacsuppipgwcqpk/Build/Intermediates.noindex/Pods.build/Debug-iphonesimulator/DoubleConversion.build/DoubleConversion-project-headers.hmap -I/Users/amrsaied/DerivedData/PaymentsdkExample-fihmfcmcdadiqyacsuppipgwcqpk/Build/Products/Debug-iphonesimulator/DoubleConversion/include -I/Users/amrsaied/Documents/Flutter/PayTab/github/react-native-paytabs-library/example/ios/Pods/Headers/Private -I/Users/amrsaied/Documents/Flutter/PayTab/github/react-native-paytabs-library/example/ios/Pods/Headers/Private/DoubleConversion -I/Users/amrsaied/Documents/Flutter/PayTab/github/react-native-paytabs-library/example/ios/Pods/Headers/Public -I/Users/amrsaied/Documents/Flutter/PayTab/github/react-native-paytabs-library/example/ios/Pods/Headers/Public/DoubleConversion -I/Users/amrsaied/DerivedData/PaymentsdkExample-fihmfcmcdadiqyacsuppipgwcqpk/Build/Intermediates.noindex/Pods.build/Debug-iphonesimulator/DoubleConversion.build/DerivedSources-normal/arm64 -I/Users/amrsaied/DerivedData/PaymentsdkExample-fihmfcmcdadiqyacsuppipgwcqpk/Build/Intermediates.noindex/Pods.build/Debug-iphonesimulator/DoubleConversion.build/DerivedSources/arm64 -I/Users/amrsaied/DerivedData/PaymentsdkExample-fihmfcmcdadiqyacsuppipgwcqpk/Build/Intermediates.noindex/Pods.build/Debug-iphonesimulator/DoubleConversion.build/DerivedSources -F/Users/amrsaied/DerivedData/PaymentsdkExample-fihmfcmcdadiqyacsuppipgwcqpk/Build/Products/Debug-iphonesimulator/DoubleConversion

WriteAuxiliaryFile /Users/amrsaied/DerivedData/PaymentsdkExample-fihmfcmcdadiqyacsuppipgwcqpk/Build/Intermediates.noindex/Pods.build/Debug-iphonesimulator/DoubleConversion.build/DoubleConversion-project-headers.hmap (in target 'DoubleConversion' from project 'Pods')
    cd /Users/amrsaied/Documents/Flutter/PayTab/github/react-native-paytabs-library/example/ios/Pods
    write-file /Users/amrsaied/DerivedData/PaymentsdkExample-fihmfcmcdadiqyacsuppipgwcqpk/Build/Intermediates.noindex/Pods.build/Debug-iphonesimulator/DoubleConversion.build/DoubleConversion-project-headers.hmap

WriteAuxiliaryFile /Users/amrsaied/DerivedData/PaymentsdkExample-fihmfcmcdadiqyacsuppipgwcqpk/Build/Intermediates.noindex/Pods.build/Debug-iphonesimulator/hermes-engine.build/Script-46EB2E0001C2E0.sh (in target 'hermes-engine' from project 'Pods')
    cd /Users/amrsaied/Documents/Flutter/PayTab/github/react-native-paytabs-library/example/ios/Pods
    write-file /Users/amrsaied/DerivedData/PaymentsdkExample-fihmfcmcdadiqyacsuppipgwcqpk/Build/Intermediates.noindex/Pods.build/Debug-iphonesimulator/hermes-engine.build/Script-46EB2E0001C2E0.sh

WriteAuxiliaryFile /Users/amrsaied/DerivedData/PaymentsdkExample-fihmfcmcdadiqyacsuppipgwcqpk/Build/Intermediates.noindex/Pods.build/Debug-iphonesimulator/hermes-engine.build/Script-46EB2E0001C2D0.sh (in target 'hermes-engine' from project 'Pods')
    cd /Users/amrsaied/Documents/Flutter/PayTab/github/react-native-paytabs-library/example/ios/Pods
    write-file /Users/amrsaied/DerivedData/PaymentsdkExample-fihmfcmcdadiqyacsuppipgwcqpk/Build/Intermediates.noindex/Pods.build/Debug-iphonesimulator/hermes-engine.build/Script-46EB2E0001C2D0.sh

WriteAuxiliaryFile /Users/amrsaied/DerivedData/PaymentsdkExample-fihmfcmcdadiqyacsuppipgwcqpk/Build/Intermediates.noindex/Pods.build/Debug-iphonesimulator/hermes-engine.build/OutputFileList-46EB2E0001C2D0-hermes-engine-xcframeworks-output-files-edc9ad01c87f3f20bc0cbd8eaea4cdfc-resolved.xcfilelist (in target 'hermes-engine' from project 'Pods')
    cd /Users/amrsaied/Documents/Flutter/PayTab/github/react-native-paytabs-library/example/ios/Pods
    write-file /Users/amrsaied/DerivedData/PaymentsdkExample-fihmfcmcdadiqyacsuppipgwcqpk/Build/Intermediates.noindex/Pods.build/Debug-iphonesimulator/hermes-engine.build/OutputFileList-46EB2E0001C2D0-hermes-engine-xcframeworks-output-files-edc9ad01c87f3f20bc0cbd8eaea4cdfc-resolved.xcfilelist

WriteAuxiliaryFile /Users/amrsaied/DerivedData/PaymentsdkExample-fihmfcmcdadiqyacsuppipgwcqpk/Build/Intermediates.noindex/Pods.build/Debug-iphonesimulator/hermes-engine.build/InputFileList-46EB2E0001C2D0-hermes-engine-xcframeworks-input-files-bdee3ab636849e43ae73936d86599835-resolved.xcfilelist (in target 'hermes-engine' from project 'Pods')
    cd /Users/amrsaied/Documents/Flutter/PayTab/github/react-native-paytabs-library/example/ios/Pods
    write-file /Users/amrsaied/DerivedData/PaymentsdkExample-fihmfcmcdadiqyacsuppipgwcqpk/Build/Intermediates.noindex/Pods.build/Debug-iphonesimulator/hermes-engine.build/InputFileList-46EB2E0001C2D0-hermes-engine-xcframeworks-input-files-bdee3ab636849e43ae73936d86599835-resolved.xcfilelist

WriteAuxiliaryFile /Users/amrsaied/DerivedData/PaymentsdkExample-fihmfcmcdadiqyacsuppipgwcqpk/Build/Intermediates.noindex/Pods.build/Debug-iphonesimulator/fmt.build/fmt.hmap (in target 'fmt' from project 'Pods')
    cd /Users/amrsaied/Documents/Flutter/PayTab/github/react-native-paytabs-library/example/ios/Pods
    write-file /Users/amrsaied/DerivedData/PaymentsdkExample-fihmfcmcdadiqyacsuppipgwcqpk/Build/Intermediates.noindex/Pods.build/Debug-iphonesimulator/fmt.build/fmt.hmap

WriteAuxiliaryFile /Users/amrsaied/DerivedData/PaymentsdkExample-fihmfcmcdadiqyacsuppipgwcqpk/Build/Intermediates.noindex/Pods.build/Debug-iphonesimulator/fmt.build/fmt-project-headers.hmap (in target 'fmt' from project 'Pods')
    cd /Users/amrsaied/Documents/Flutter/PayTab/github/react-native-paytabs-library/example/ios/Pods
    write-file /Users/amrsaied/DerivedData/PaymentsdkExample-fihmfcmcdadiqyacsuppipgwcqpk/Build/Intermediates.noindex/Pods.build/Debug-iphonesimulator/fmt.build/fmt-project-headers.hmap

WriteAuxiliaryFile /Users/amrsaied/DerivedData/PaymentsdkExample-fihmfcmcdadiqyacsuppipgwcqpk/Build/Intermediates.noindex/Pods.build/Debug-iphonesimulator/fmt.build/fmt-own-target-headers.hmap (in target 'fmt' from project 'Pods')
    cd /Users/amrsaied/Documents/Flutter/PayTab/github/react-native-paytabs-library/example/ios/Pods
    write-file /Users/amrsaied/DerivedData/PaymentsdkExample-fihmfcmcdadiqyacsuppipgwcqpk/Build/Intermediates.noindex/Pods.build/Debug-iphonesimulator/fmt.build/fmt-own-target-headers.hmap

WriteAuxiliaryFile /Users/amrsaied/DerivedData/PaymentsdkExample-fihmfcmcdadiqyacsuppipgwcqpk/Build/Intermediates.noindex/Pods.build/Debug-iphonesimulator/fmt.build/fmt-generated-files.hmap (in target 'fmt' from project 'Pods')
    cd /Users/amrsaied/Documents/Flutter/PayTab/github/react-native-paytabs-library/example/ios/Pods
    write-file /Users/amrsaied/DerivedData/PaymentsdkExample-fihmfcmcdadiqyacsuppipgwcqpk/Build/Intermediates.noindex/Pods.build/Debug-iphonesimulator/fmt.build/fmt-generated-files.hmap

WriteAuxiliaryFile /Users/amrsaied/DerivedData/PaymentsdkExample-fihmfcmcdadiqyacsuppipgwcqpk/Build/Intermediates.noindex/Pods.build/Debug-iphonesimulator/fmt.build/fmt-all-target-headers.hmap (in target 'fmt' from project 'Pods')
    cd /Users/amrsaied/Documents/Flutter/PayTab/github/react-native-paytabs-library/example/ios/Pods
    write-file /Users/amrsaied/DerivedData/PaymentsdkExample-fihmfcmcdadiqyacsuppipgwcqpk/Build/Intermediates.noindex/Pods.build/Debug-iphonesimulator/fmt.build/fmt-all-target-headers.hmap

WriteAuxiliaryFile /Users/amrsaied/DerivedData/PaymentsdkExample-fihmfcmcdadiqyacsuppipgwcqpk/Build/Intermediates.noindex/Pods.build/Debug-iphonesimulator/fmt.build/fmt-all-non-framework-target-headers.hmap (in target 'fmt' from project 'Pods')
    cd /Users/amrsaied/Documents/Flutter/PayTab/github/react-native-paytabs-library/example/ios/Pods
    write-file /Users/amrsaied/DerivedData/PaymentsdkExample-fihmfcmcdadiqyacsuppipgwcqpk/Build/Intermediates.noindex/Pods.build/Debug-iphonesimulator/fmt.build/fmt-all-non-framework-target-headers.hmap

PhaseScriptExecution [CP-User]\ [Hermes]\ Replace\ Hermes\ for\ the\ right\ configuration,\ if\ needed /Users/amrsaied/DerivedData/PaymentsdkExample-fihmfcmcdadiqyacsuppipgwcqpk/Build/Intermediates.noindex/Pods.build/Debug-iphonesimulator/hermes-engine.build/Script-46EB2E0001C2E0.sh (in target 'hermes-engine' from project 'Pods')
    cd /Users/amrsaied/Documents/Flutter/PayTab/github/react-native-paytabs-library/example/ios/Pods
    export ACTION\=build
    export AD_HOC_CODE_SIGNING_ALLOWED\=YES
    export ALLOW_BUILD_REQUEST_OVERRIDES\=NO
    export ALLOW_TARGET_PLATFORM_SPECIALIZATION\=NO
    export ALTERNATE_GROUP\=staff
    export ALTERNATE_MODE\=u+w,go-w,a+rX
    export ALTERNATE_OWNER\=amrsaied
    export ALTERNATIVE_DISTRIBUTION_WEB\=NO
    export ALWAYS_EMBED_SWIFT_STANDARD_LIBRARIES\=NO
    export ALWAYS_SEARCH_USER_PATHS\=NO
    export ALWAYS_USE_SEPARATE_HEADERMAPS\=NO
    export ANDROID_DEPLOYMENT_TARGET\=21.0
    export APPLICATION_EXTENSION_API_ONLY\=NO
    export APPLY_RULES_IN_COPY_FILES\=NO
    export APPLY_RULES_IN_COPY_HEADERS\=NO
    export APP_SHORTCUTS_ENABLE_FLEXIBLE_MATCHING\=YES
    export ARCHS\=arm64
    export ARCHS_STANDARD\=arm64\ x86_64
    export ARCHS_STANDARD_32_64_BIT\=arm64\ x86_64
    export ARCHS_STANDARD_64_BIT\=arm64\ x86_64
    export ARCHS_STANDARD_INCLUDING_64_BIT\=arm64\ x86_64
    export ARCHS_UNIVERSAL_IPHONE_OS\=arm64\ x86_64
    export ASSETCATALOG_COMPILER_APPICON_NAME\=AppIcon
    export ASSETCATALOG_COMPILER_GLOBAL_ACCENT_COLOR_NAME\=AccentColor
    export ASSETCATALOG_FILTER_FOR_DEVICE_MODEL\=iPhone18,3
    export ASSETCATALOG_FILTER_FOR_DEVICE_OS_VERSION\=26.2
    export ASSETCATALOG_FILTER_FOR_THINNING_DEVICE_CONFIGURATION\=iPhone18,3
    export AUTOMATICALLY_MERGE_DEPENDENCIES\=NO
    export AUTOMATION_APPLE_EVENTS\=NO
    export AVAILABLE_PLATFORMS\=android\ appletvos\ appletvsimulator\ driverkit\ iphoneos\ iphonesimulator\ macosx\ qnx\ watchos\ watchsimulator\ webassembly\ xros\ xrsimulator
    export BUILD_ACTIVE_RESOURCES_ONLY\=YES
    export BUILD_COMPONENTS\=headers\ build
    export BUILD_DIR\=/Users/amrsaied/DerivedData/PaymentsdkExample-fihmfcmcdadiqyacsuppipgwcqpk/Build/Products
    export BUILD_LIBRARY_FOR_DISTRIBUTION\=NO
    export BUILD_ROOT\=/Users/amrsaied/DerivedData/PaymentsdkExample-fihmfcmcdadiqyacsuppipgwcqpk/Build/Products
    export BUILD_STYLE\=
    export BUILD_VARIANTS\=normal
    export BUILT_PRODUCTS_DIR\=/Users/amrsaied/DerivedData/PaymentsdkExample-fihmfcmcdadiqyacsuppipgwcqpk/Build/Products/Debug-iphonesimulator/hermes-engine
    export BUNDLE_CONTENTS_FOLDER_PATH_deep\=Contents/
    export BUNDLE_EXECUTABLE_FOLDER_NAME_deep\=MacOS
    export BUNDLE_EXTENSIONS_FOLDER_PATH\=Extensions
    export BUNDLE_FORMAT\=shallow
    export BUNDLE_FRAMEWORKS_FOLDER_PATH\=Frameworks
    export BUNDLE_PLUGINS_FOLDER_PATH\=PlugIns
    export BUNDLE_PRIVATE_HEADERS_FOLDER_PATH\=PrivateHeaders
    export BUNDLE_PUBLIC_HEADERS_FOLDER_PATH\=Headers
    export CACHE_ROOT\=/var/folders/x6/9xnklsm57n554k6fl82l_2wh0000gn/C/com.apple.DeveloperTools/26.2-17C52/Xcode
    export CCHROOT\=/var/folders/x6/9xnklsm57n554k6fl82l_2wh0000gn/C/com.apple.DeveloperTools/26.2-17C52/Xcode
    export CHMOD\=/bin/chmod
    export CHOWN\=/usr/sbin/chown
    export CLANG_ANALYZER_LOCALIZABILITY_NONLOCALIZED\=YES
    export CLANG_ANALYZER_NONNULL\=YES
    export CLANG_ANALYZER_NUMBER_OBJECT_CONVERSION\=YES_AGGRESSIVE
    export CLANG_CACHE_FINE_GRAINED_OUTPUTS\=YES
    export CLANG_CXX_LANGUAGE_STANDARD\=c++20
    export CLANG_CXX_LIBRARY\=compiler-default
    export CLANG_ENABLE_EXPLICIT_MODULES\=YES
    export CLANG_ENABLE_MODULES\=YES
    export CLANG_ENABLE_OBJC_ARC\=YES
    export CLANG_ENABLE_OBJC_WEAK\=NO
    export CLANG_MODULES_BUILD_SESSION_FILE\=/Users/amrsaied/DerivedData/ModuleCache.noindex/Session.modulevalidation
    export CLANG_WARN_BLOCK_CAPTURE_AUTORELEASING\=YES
    export CLANG_WARN_BOOL_CONVERSION\=YES
    export CLANG_WARN_COMMA\=YES
    export CLANG_WARN_CONSTANT_CONVERSION\=YES
    export CLANG_WARN_DEPRECATED_OBJC_IMPLEMENTATIONS\=YES
    export CLANG_WARN_DIRECT_OBJC_ISA_USAGE\=YES_ERROR
    export CLANG_WARN_DOCUMENTATION_COMMENTS\=YES
    export CLANG_WARN_EMPTY_BODY\=YES
    export CLANG_WARN_ENUM_CONVERSION\=YES
    export CLANG_WARN_INFINITE_RECURSION\=YES
    export CLANG_WARN_INT_CONVERSION\=YES
    export CLANG_WARN_NON_LITERAL_NULL_CONVERSION\=YES
    export CLANG_WARN_OBJC_IMPLICIT_RETAIN_SELF\=YES
    export CLANG_WARN_OBJC_LITERAL_CONVERSION\=YES
    export CLANG_WARN_OBJC_ROOT_CLASS\=YES_ERROR
    export CLANG_WARN_QUOTED_INCLUDE_IN_FRAMEWORK_HEADER\=NO
    export CLANG_WARN_RANGE_LOOP_ANALYSIS\=YES
    export CLANG_WARN_STRICT_PROTOTYPES\=YES
    export CLANG_WARN_SUSPICIOUS_MOVE\=YES
    export CLANG_WARN_UNGUARDED_AVAILABILITY\=YES_AGGRESSIVE
    export CLANG_WARN_UNREACHABLE_CODE\=YES
    export CLANG_WARN__DUPLICATE_METHOD_MATCH\=YES
    export CLASS_FILE_DIR\=/Users/amrsaied/DerivedData/PaymentsdkExample-fihmfcmcdadiqyacsuppipgwcqpk/Build/Intermediates.noindex/Pods.build/Debug-iphonesimulator/hermes-engine.build/JavaClasses
    export CLEAN_PRECOMPS\=YES
    export CLONE_HEADERS\=NO
    export CODESIGNING_FOLDER_PATH\=/Users/amrsaied/DerivedData/PaymentsdkExample-fihmfcmcdadiqyacsuppipgwcqpk/Build/Products/Debug-iphonesimulator/hermes-engine/
    export CODE_SIGNING_ALLOWED\=NO
    export CODE_SIGNING_REQUIRED\=YES
    export CODE_SIGN_CONTEXT_CLASS\=XCiPhoneSimulatorCodeSignContext
    export CODE_SIGN_IDENTITY\=-
    export CODE_SIGN_INJECT_BASE_ENTITLEMENTS\=YES
    export COLOR_DIAGNOSTICS\=NO
    export COMBINE_HIDPI_IMAGES\=NO
    export COMPILATION_CACHE_CAS_PATH\=/Users/amrsaied/DerivedData/CompilationCache.noindex
    export COMPILATION_CACHE_KEEP_CAS_DIRECTORY\=YES
    export COMPILER_INDEX_STORE_ENABLE\=Default
    export COMPOSITE_SDK_DIRS\=/Users/amrsaied/DerivedData/PaymentsdkExample-fihmfcmcdadiqyacsuppipgwcqpk/Build/Intermediates.noindex/CompositeSDKs
    export COMPRESS_PNG_FILES\=YES
    export CONFIGURATION\=Debug
    export CONFIGURATION_BUILD_DIR\=/Users/amrsaied/DerivedData/PaymentsdkExample-fihmfcmcdadiqyacsuppipgwcqpk/Build/Products/Debug-iphonesimulator/hermes-engine
    export CONFIGURATION_TEMP_DIR\=/Users/amrsaied/DerivedData/PaymentsdkExample-fihmfcmcdadiqyacsuppipgwcqpk/Build/Intermediates.noindex/Pods.build/Debug-iphonesimulator
    export COPYING_PRESERVES_HFS_DATA\=NO
    export COPY_HEADERS_RUN_UNIFDEF\=NO
    export COPY_PHASE_STRIP\=NO
    export CORRESPONDING_DEVICE_PLATFORM_DIR\=/Applications/Xcode.app/Contents/Developer/Platforms/iPhoneOS.platform
    export CORRESPONDING_DEVICE_PLATFORM_NAME\=iphoneos
    export CORRESPONDING_DEVICE_SDK_DIR\=/Applications/Xcode.app/Contents/Developer/Platforms/iPhoneOS.platform/Developer/SDKs/iPhoneOS26.2.sdk
    export CORRESPONDING_DEVICE_SDK_NAME\=iphoneos26.2
    export CP\=/bin/cp
    export CREATE_INFOPLIST_SECTION_IN_BINARY\=NO
    export CURRENT_ARCH\=undefined_arch
    export CURRENT_VARIANT\=normal
    export DEAD_CODE_STRIPPING\=YES
    export DEBUGGING_SYMBOLS\=YES
    export DEBUG_INFORMATION_FORMAT\=dwarf
    export DEBUG_INFORMATION_VERSION\=compiler-default
    export DEFAULT_COMPILER\=com.apple.compilers.llvm.clang.1_0
    export DEFAULT_DEXT_INSTALL_PATH\=/System/Library/DriverExtensions
    export DEFAULT_KEXT_INSTALL_PATH\=/System/Library/Extensions
    export DEFINES_MODULE\=NO
    export DEPLOYMENT_LOCATION\=NO
    export DEPLOYMENT_POSTPROCESSING\=NO
    export DEPLOYMENT_TARGET_SETTING_NAME\=IPHONEOS_DEPLOYMENT_TARGET
    export DEPLOYMENT_TARGET_SUGGESTED_VALUES\=12.0\ 12.1\ 12.2\ 12.3\ 12.4\ 13.0\ 13.1\ 13.2\ 13.3\ 13.4\ 13.5\ 13.6\ 14.0\ 14.1\ 14.2\ 14.3\ 14.4\ 14.5\ 14.6\ 14.7\ 15.0\ 15.1\ 15.2\ 15.3\ 15.4\ 15.5\ 15.6\ 16.0\ 16.1\ 16.2\ 16.3\ 16.4\ 16.5\ 16.6\ 17.0\ 17.1\ 17.2\ 17.3\ 17.4\ 17.5\ 17.6\ 18.0\ 18.1\ 18.2\ 18.3\ 18.4\ 18.5\ 18.6\ 26.0\ 26.1\ 26.2
    export DERIVED_FILES_DIR\=/Users/amrsaied/DerivedData/PaymentsdkExample-fihmfcmcdadiqyacsuppipgwcqpk/Build/Intermediates.noindex/Pods.build/Debug-iphonesimulator/hermes-engine.build/DerivedSources
    export DERIVED_FILE_DIR\=/Users/amrsaied/DerivedData/PaymentsdkExample-fihmfcmcdadiqyacsuppipgwcqpk/Build/Intermediates.noindex/Pods.build/Debug-iphonesimulator/hermes-engine.build/DerivedSources
    export DERIVED_SOURCES_DIR\=/Users/amrsaied/DerivedData/PaymentsdkExample-fihmfcmcdadiqyacsuppipgwcqpk/Build/Intermediates.noindex/Pods.build/Debug-iphonesimulator/hermes-engine.build/DerivedSources
    export DEVELOPER_APPLICATIONS_DIR\=/Applications/Xcode.app/Contents/Developer/Applications
    export DEVELOPER_BIN_DIR\=/Applications/Xcode.app/Contents/Developer/usr/bin
    export DEVELOPER_DIR\=/Applications/Xcode.app/Contents/Developer
    export DEVELOPER_FRAMEWORKS_DIR\=/Applications/Xcode.app/Contents/Developer/Library/Frameworks
    export DEVELOPER_FRAMEWORKS_DIR_QUOTED\=/Applications/Xcode.app/Contents/Developer/Library/Frameworks
    export DEVELOPER_LIBRARY_DIR\=/Applications/Xcode.app/Contents/Developer/Library
    export DEVELOPER_SDK_DIR\=/Applications/Xcode.app/Contents/Developer/Platforms/MacOSX.platform/Developer/SDKs
    export DEVELOPER_TOOLS_DIR\=/Applications/Xcode.app/Contents/Developer/Tools
    export DEVELOPER_USR_DIR\=/Applications/Xcode.app/Contents/Developer/usr
    export DEVELOPMENT_LANGUAGE\=en
    export DIAGNOSE_MISSING_TARGET_DEPENDENCIES\=YES
    export DIFF\=/usr/bin/diff
    export DONT_GENERATE_INFOPLIST_FILE\=NO
    export DSTROOT\=/tmp/Pods.dst
    export DT_TOOLCHAIN_DIR\=/Applications/Xcode.app/Contents/Developer/Toolchains/XcodeDefault.xctoolchain
    export DWARF_DSYM_FILE_NAME\=.dSYM
    export DWARF_DSYM_FILE_SHOULD_ACCOMPANY_PRODUCT\=NO
    export DWARF_DSYM_FOLDER_PATH\=/Users/amrsaied/DerivedData/PaymentsdkExample-fihmfcmcdadiqyacsuppipgwcqpk/Build/Products/Debug-iphonesimulator/hermes-engine
    export DYNAMIC_LIBRARY_EXTENSION\=dylib
    export EAGER_COMPILATION_ALLOW_SCRIPTS\=NO
    export EAGER_LINKING\=NO
    export EFFECTIVE_PLATFORM_NAME\=-iphonesimulator
    export EMBEDDED_CONTENT_CONTAINS_SWIFT\=NO
    export EMBED_ASSET_PACKS_IN_PRODUCT_BUNDLE\=NO
    export ENABLE_APP_SANDBOX\=NO
    export ENABLE_CODE_COVERAGE\=YES
    export ENABLE_CPLUSPLUS_BOUNDS_SAFE_BUFFERS\=NO
    export ENABLE_C_BOUNDS_SAFETY\=NO
    export ENABLE_DEFAULT_HEADER_SEARCH_PATHS\=YES
    export ENABLE_DEFAULT_SEARCH_PATHS\=YES
    export ENABLE_ENHANCED_SECURITY\=NO
    export ENABLE_HARDENED_RUNTIME\=NO
    export ENABLE_HEADER_DEPENDENCIES\=YES
    export ENABLE_INCOMING_NETWORK_CONNECTIONS\=NO
    export ENABLE_ON_DEMAND_RESOURCES\=NO
    export ENABLE_OUTGOING_NETWORK_CONNECTIONS\=NO
    export ENABLE_POINTER_AUTHENTICATION\=NO
    export ENABLE_PREVIEWS\=NO
    export ENABLE_RESOURCE_ACCESS_AUDIO_INPUT\=NO
    export ENABLE_RESOURCE_ACCESS_BLUETOOTH\=NO
    export ENABLE_RESOURCE_ACCESS_CALENDARS\=NO
    export ENABLE_RESOURCE_ACCESS_CAMERA\=NO
    export ENABLE_RESOURCE_ACCESS_CONTACTS\=NO
    export ENABLE_RESOURCE_ACCESS_LOCATION\=NO
    export ENABLE_RESOURCE_ACCESS_PHOTO_LIBRARY\=NO
    export ENABLE_RESOURCE_ACCESS_PRINTING\=NO
    export ENABLE_RESOURCE_ACCESS_USB\=NO
    export ENABLE_SDK_IMPORTS\=NO
    export ENABLE_SECURITY_COMPILER_WARNINGS\=NO
    export ENABLE_STRICT_OBJC_MSGSEND\=YES
    export ENABLE_TESTABILITY\=YES
    export ENABLE_TESTING_SEARCH_PATHS\=NO
    export ENABLE_USER_SCRIPT_SANDBOXING\=NO
    export ENABLE_XOJIT_PREVIEWS\=YES
    export ENFORCE_VALID_ARCHS\=YES
    export ENTITLEMENTS_DESTINATION\=__entitlements
    export ENTITLEMENTS_REQUIRED\=YES
    export EXCLUDED_INSTALLSRC_SUBDIRECTORY_PATTERNS\=.DS_Store\ .svn\ .git\ .hg\ CVS
    export EXCLUDED_RECURSIVE_SEARCH_PATH_SUBDIRECTORIES\=\*.nib\ \*.lproj\ \*.framework\ \*.gch\ \*.xcode\*\ \*.xcassets\ \*.icon\ \(\*\)\ .DS_Store\ CVS\ .svn\ .git\ .hg\ \*.pbproj\ \*.pbxproj
    export FILE_LIST\=/Users/amrsaied/DerivedData/PaymentsdkExample-fihmfcmcdadiqyacsuppipgwcqpk/Build/Intermediates.noindex/Pods.build/Debug-iphonesimulator/hermes-engine.build/Objects/LinkFileList
    export FIXED_FILES_DIR\=/Users/amrsaied/DerivedData/PaymentsdkExample-fihmfcmcdadiqyacsuppipgwcqpk/Build/Intermediates.noindex/Pods.build/Debug-iphonesimulator/hermes-engine.build/FixedFiles
    export FRAMEWORK_SEARCH_PATHS\=\ \"/Users/amrsaied/Documents/Flutter/PayTab/github/react-native-paytabs-library/example/ios/Pods/hermes-engine/destroot/Library/Frameworks/universal\"\ \"/Users/amrsaied/DerivedData/PaymentsdkExample-fihmfcmcdadiqyacsuppipgwcqpk/Build/Products/Debug-iphonesimulator/XCFrameworkIntermediates/hermes-engine/Pre-built\"
    export FRAMEWORK_VERSION\=A
    export FUSE_BUILD_PHASES\=YES
    export FUSE_BUILD_SCRIPT_PHASES\=NO
    export GCC3_VERSION\=3.3
    export GCC_C_LANGUAGE_STANDARD\=gnu11
    export GCC_DYNAMIC_NO_PIC\=NO
    export GCC_NO_COMMON_BLOCKS\=YES
    export GCC_OBJC_LEGACY_DISPATCH\=YES
    export GCC_OPTIMIZATION_LEVEL\=0
    export GCC_PFE_FILE_C_DIALECTS\=c\ objective-c\ c++\ objective-c++
    export GCC_PREPROCESSOR_DEFINITIONS\=POD_CONFIGURATION_DEBUG\=1\ DEBUG\=1\ \ COCOAPODS\=1\ HERMES_ENABLE_DEBUGGER\=1
    export GCC_TREAT_WARNINGS_AS_ERRORS\=NO
    export GCC_VERSION\=com.apple.compilers.llvm.clang.1_0
    export GCC_VERSION_IDENTIFIER\=com_apple_compilers_llvm_clang_1_0
    export GCC_WARN_64_TO_32_BIT_CONVERSION\=YES
    export GCC_WARN_ABOUT_RETURN_TYPE\=YES_ERROR
    export GCC_WARN_INHIBIT_ALL_WARNINGS\=YES
    export GCC_WARN_UNDECLARED_SELECTOR\=YES
    export GCC_WARN_UNINITIALIZED_AUTOS\=YES_AGGRESSIVE
    export GCC_WARN_UNUSED_FUNCTION\=YES
    export GCC_WARN_UNUSED_VARIABLE\=YES
    export GENERATED_MODULEMAP_DIR\=/Users/amrsaied/DerivedData/PaymentsdkExample-fihmfcmcdadiqyacsuppipgwcqpk/Build/Intermediates.noindex/GeneratedModuleMaps-iphonesimulator
    export GENERATE_INFOPLIST_FILE\=NO
    export GENERATE_INTERMEDIATE_TEXT_BASED_STUBS\=YES
    export GENERATE_PKGINFO_FILE\=NO
    export GENERATE_PRELINK_OBJECT_FILE\=NO
    export GENERATE_PROFILING_CODE\=NO
    export GENERATE_TEXT_BASED_STUBS\=NO
    export GID\=20
    export GROUP\=staff
    export HEADERMAP_INCLUDES_FLAT_ENTRIES_FOR_TARGET_BEING_BUILT\=YES
    export HEADERMAP_INCLUDES_FRAMEWORK_ENTRIES_FOR_ALL_PRODUCT_TYPES\=YES
    export HEADERMAP_INCLUDES_FRAMEWORK_ENTRIES_FOR_TARGETS_NOT_BEING_BUILT\=YES
    export HEADERMAP_INCLUDES_NONPUBLIC_NONPRIVATE_HEADERS\=YES
    export HEADERMAP_INCLUDES_PROJECT_HEADERS\=YES
    export HEADERMAP_USES_FRAMEWORK_PREFIX_ENTRIES\=YES
    export HEADERMAP_USES_VFS\=NO
    export HEADER_SEARCH_PATHS\=\ \"/Users/amrsaied/Documents/Flutter/PayTab/github/react-native-paytabs-library/example/ios/Pods/Headers/Private\"\ \"/Users/amrsaied/Documents/Flutter/PayTab/github/react-native-paytabs-library/example/ios/Pods/Headers/Private/hermes-engine\"\ \"/Users/amrsaied/Documents/Flutter/PayTab/github/react-native-paytabs-library/example/ios/Pods/Headers/Public\"\ \"/Users/amrsaied/Documents/Flutter/PayTab/github/react-native-paytabs-library/example/ios/Pods/Headers/Public/hermes-engine\"
    export HOME\=/Users/amrsaied
    export HOST_ARCH\=x86_64
    export HOST_PLATFORM\=macosx
    export ICONV\=/usr/bin/iconv
    export IMPLICIT_DEPENDENCY_DOMAIN\=default
    export INFOPLIST_ENABLE_CFBUNDLEICONS_MERGE\=YES
    export INFOPLIST_EXPAND_BUILD_SETTINGS\=YES
    export INFOPLIST_OUTPUT_FORMAT\=binary
    export INFOPLIST_PREPROCESS\=NO
    export INLINE_PRIVATE_FRAMEWORKS\=NO
    export INSTALLAPI_IGNORE_SKIP_INSTALL\=YES
    export INSTALLHDRS_COPY_PHASE\=NO
    export INSTALLHDRS_SCRIPT_PHASE\=NO
    export INSTALL_DIR\=/tmp/Pods.dst
    export INSTALL_GROUP\=staff
    export INSTALL_MODE_FLAG\=u+w,go-w,a+rX
    export INSTALL_OWNER\=amrsaied
    export INSTALL_ROOT\=/tmp/Pods.dst
    export IPHONEOS_DEPLOYMENT_TARGET\=15.1
    export IS_UNOPTIMIZED_BUILD\=YES
    export JAVAC_DEFAULT_FLAGS\=-J-Xms64m\ -J-XX:NewSize\=4M\ -J-Dfile.encoding\=UTF8
    export JAVA_APP_STUB\=/System/Library/Frameworks/JavaVM.framework/Resources/MacOS/JavaApplicationStub
    export JAVA_ARCHIVE_CLASSES\=YES
    export JAVA_ARCHIVE_TYPE\=JAR
    export JAVA_COMPILER\=/usr/bin/javac
    export JAVA_FRAMEWORK_RESOURCES_DIRS\=Resources
    export JAVA_JAR_FLAGS\=cv
    export JAVA_SOURCE_SUBDIR\=.
    export JAVA_USE_DEPENDENCIES\=YES
    export JAVA_ZIP_FLAGS\=-urg
    export JIKES_DEFAULT_FLAGS\=+E\ +OLDCSO
    export KEEP_PRIVATE_EXTERNS\=NO
    export LD_DEPENDENCY_INFO_FILE\=/Users/amrsaied/DerivedData/PaymentsdkExample-fihmfcmcdadiqyacsuppipgwcqpk/Build/Intermediates.noindex/Pods.build/Debug-iphonesimulator/hermes-engine.build/Objects-normal/undefined_arch/hermes-engine_dependency_info.dat
    export LD_EXPORT_SYMBOLS\=YES
    export LD_GENERATE_MAP_FILE\=NO
    export LD_MAP_FILE_PATH\=/Users/amrsaied/DerivedData/PaymentsdkExample-fihmfcmcdadiqyacsuppipgwcqpk/Build/Intermediates.noindex/Pods.build/Debug-iphonesimulator/hermes-engine.build/hermes-engine-LinkMap-normal-undefined_arch.txt
    export LD_NO_PIE\=NO
    export LD_QUOTE_LINKER_ARGUMENTS_FOR_COMPILER_DRIVER\=YES
    export LD_RUNPATH_SEARCH_PATHS\=\ @executable_path/Frameworks
    export LD_SHARED_CACHE_ELIGIBLE\=Automatic
    export LD_WARN_DUPLICATE_LIBRARIES\=NO
    export LD_WARN_UNUSED_DYLIBS\=NO
    export LEGACY_DEVELOPER_DIR\=/Applications/Xcode.app/Contents/PlugIns/Xcode3Core.ideplugin/Contents/SharedSupport/Developer
    export LEX\=lex
    export LIBRARY_DEXT_INSTALL_PATH\=/Library/DriverExtensions
    export LIBRARY_FLAG_NOSPACE\=YES
    export LIBRARY_KEXT_INSTALL_PATH\=/Library/Extensions
    export LINKER_DISPLAYS_MANGLED_NAMES\=NO
    export LINK_FILE_LIST_normal_arm64\=/Users/amrsaied/DerivedData/PaymentsdkExample-fihmfcmcdadiqyacsuppipgwcqpk/Build/Intermediates.noindex/Pods.build/Debug-iphonesimulator/hermes-engine.build/Objects-normal/arm64/hermes-engine.LinkFileList
    export LINK_OBJC_RUNTIME\=YES
    export LINK_WITH_STANDARD_LIBRARIES\=YES
    export LLVM_TARGET_TRIPLE_OS_VERSION\=ios15.1
    export LLVM_TARGET_TRIPLE_SUFFIX\=-simulator
    export LLVM_TARGET_TRIPLE_VENDOR\=apple
    export LM_AUX_CONST_METADATA_LIST_PATH_normal_arm64\=/Users/amrsaied/DerivedData/PaymentsdkExample-fihmfcmcdadiqyacsuppipgwcqpk/Build/Intermediates.noindex/Pods.build/Debug-iphonesimulator/hermes-engine.build/Objects-normal/arm64/hermes-engine.SwiftConstValuesFileList
    export LOCALIZATION_EXPORT_SUPPORTED\=YES
    export LOCALIZATION_PREFERS_STRING_CATALOGS\=NO
    export LOCALIZED_STRING_MACRO_NAMES\=NSLocalizedString\ CFCopyLocalizedString
    export LOCALIZED_STRING_SWIFTUI_SUPPORT\=YES
    export LOCAL_ADMIN_APPS_DIR\=/Applications/Utilities
    export LOCAL_APPS_DIR\=/Applications
    export LOCAL_DEVELOPER_DIR\=/Library/Developer
    export LOCAL_LIBRARY_DIR\=/Library
    export LOCROOT\=/Users/amrsaied/Documents/Flutter/PayTab/github/react-native-paytabs-library/example/ios/Pods
    export LOCSYMROOT\=/Users/amrsaied/Documents/Flutter/PayTab/github/react-native-paytabs-library/example/ios/Pods
    export MAC_OS_X_PRODUCT_BUILD_VERSION\=25C56
    export MAC_OS_X_VERSION_ACTUAL\=260200
    export MAC_OS_X_VERSION_MAJOR\=260000
    export MAC_OS_X_VERSION_MINOR\=260200
    export MAKE_MERGEABLE\=NO
    export MERGEABLE_LIBRARY\=NO
    export MERGED_BINARY_TYPE\=none
    export MERGE_LINKED_LIBRARIES\=NO
    export METAL_LIBRARY_FILE_BASE\=default
    export METAL_LIBRARY_OUTPUT_DIR\=/Users/amrsaied/DerivedData/PaymentsdkExample-fihmfcmcdadiqyacsuppipgwcqpk/Build/Products/Debug-iphonesimulator/hermes-engine/
    export MODULE_CACHE_DIR\=/Users/amrsaied/DerivedData/ModuleCache.noindex
    export MTL_ENABLE_DEBUG_INFO\=INCLUDE_SOURCE
    export MTL_FAST_MATH\=YES
    export NATIVE_ARCH\=x86_64
    export NATIVE_ARCH_32_BIT\=i386
    export NATIVE_ARCH_64_BIT\=x86_64
    export NATIVE_ARCH_ACTUAL\=x86_64
    export NO_COMMON\=YES
    export OBJC_ABI_VERSION\=2
    export OBJECT_FILE_DIR\=/Users/amrsaied/DerivedData/PaymentsdkExample-fihmfcmcdadiqyacsuppipgwcqpk/Build/Intermediates.noindex/Pods.build/Debug-iphonesimulator/hermes-engine.build/Objects
    export OBJECT_FILE_DIR_normal\=/Users/amrsaied/DerivedData/PaymentsdkExample-fihmfcmcdadiqyacsuppipgwcqpk/Build/Intermediates.noindex/Pods.build/Debug-iphonesimulator/hermes-engine.build/Objects-normal
    export OBJROOT\=/Users/amrsaied/DerivedData/PaymentsdkExample-fihmfcmcdadiqyacsuppipgwcqpk/Build/Intermediates.noindex
    export ONLY_ACTIVE_ARCH\=YES
    export OS\=MACOS
    export OSAC\=/usr/bin/osacompile
    export OTHER_LDFLAGS\=\ \ 
    export PASCAL_STRINGS\=YES
    export PATH\=/Applications/Xcode.app/Contents/SharedFrameworks/SwiftBuild.framework/Versions/A/PlugIns/SWBBuildService.bundle/Contents/PlugIns/SWBUniversalPlatformPlugin.bundle/Contents/Frameworks/SWBUniversalPlatform.framework/Resources:/Applications/Xcode.app/Contents/Developer/Toolchains/XcodeDefault.xctoolchain/usr/bin:/Applications/Xcode.app/Contents/Developer/Toolchains/XcodeDefault.xctoolchain/usr/local/bin:/Applications/Xcode.app/Contents/Developer/Toolchains/XcodeDefault.xctoolchain/usr/libexec:/Applications/Xcode.app/Contents/Developer/Platforms/iPhoneSimulator.platform/usr/bin:/Applications/Xcode.app/Contents/Developer/Platforms/iPhoneSimulator.platform/usr/local/bin:/Applications/Xcode.app/Contents/Developer/Platforms/iPhoneSimulator.platform/Developer/usr/bin:/Applications/Xcode.app/Contents/Developer/Platforms/iPhoneSimulator.platform/Developer/usr/local/bin:/Applications/Xcode.app/Contents/Developer/usr/bin:/Applications/Xcode.app/Contents/Developer/usr/local/bin:/Library/Frameworks/Python.framework/Versions/2.7/bin:/Users/amrsaied/.nvm/versions/node/v20.19.0/bin:/opt/local/bin:/opt/local/sbin:/opt/homebrew/bin:/opt/homebrew/sbin:/usr/local/bin:/System/Cryptexes/App/usr/bin:/usr/bin:/bin:/usr/sbin:/sbin:/var/run/com.apple.security.cryptexd/codex.system/bootstrap/usr/local/bin:/var/run/com.apple.security.cryptexd/codex.system/bootstrap/usr/bin:/var/run/com.apple.security.cryptexd/codex.system/bootstrap/usr/appleinternal/bin:/opt/pmk/env/global/bin:/Library/Apple/usr/bin:/Applications/VMware\ Fusion.app/Contents/Public:/Users/amrsaied/.antigravity/antigravity/bin:/Users/amrsaied/Documents/Flutter/flutter/bin:/Users/amrsaied/.codeium/windsurf/bin:/Users/amrsaied/.local/bin:/Users/amrsaied/Library/Application\ Support/JetBrains/Toolbox/scripts:/Users/amrsaied/Library/Android/sdk/platform-tools:/Applications/Warp.app/Contents/Resources/bin
    export PATH_PREFIXES_EXCLUDED_FROM_HEADER_DEPENDENCIES\=/usr/include\ /usr/local/include\ /System/Library/Frameworks\ /System/Library/PrivateFrameworks\ /Applications/Xcode.app/Contents/Developer/Headers\ /Applications/Xcode.app/Contents/Developer/SDKs\ /Applications/Xcode.app/Contents/Developer/Platforms
    export PER_ARCH_MODULE_FILE_DIR\=/Users/amrsaied/DerivedData/PaymentsdkExample-fihmfcmcdadiqyacsuppipgwcqpk/Build/Intermediates.noindex/Pods.build/Debug-iphonesimulator/hermes-engine.build/Objects-normal/undefined_arch
    export PER_ARCH_OBJECT_FILE_DIR\=/Users/amrsaied/DerivedData/PaymentsdkExample-fihmfcmcdadiqyacsuppipgwcqpk/Build/Intermediates.noindex/Pods.build/Debug-iphonesimulator/hermes-engine.build/Objects-normal/undefined_arch
    export PER_VARIANT_OBJECT_FILE_DIR\=/Users/amrsaied/DerivedData/PaymentsdkExample-fihmfcmcdadiqyacsuppipgwcqpk/Build/Intermediates.noindex/Pods.build/Debug-iphonesimulator/hermes-engine.build/Objects-normal
    export PKGINFO_FILE_PATH\=/Users/amrsaied/DerivedData/PaymentsdkExample-fihmfcmcdadiqyacsuppipgwcqpk/Build/Intermediates.noindex/Pods.build/Debug-iphonesimulator/hermes-engine.build/PkgInfo
    export PLATFORM_DEVELOPER_APPLICATIONS_DIR\=/Applications/Xcode.app/Contents/Developer/Platforms/iPhoneSimulator.platform/Developer/Applications
    export PLATFORM_DEVELOPER_BIN_DIR\=/Applications/Xcode.app/Contents/Developer/Platforms/iPhoneSimulator.platform/Developer/usr/bin
    export PLATFORM_DEVELOPER_LIBRARY_DIR\=/Applications/Xcode.app/Contents/Developer/Platforms/iPhoneSimulator.platform/Developer/Library
    export PLATFORM_DEVELOPER_SDK_DIR\=/Applications/Xcode.app/Contents/Developer/Platforms/iPhoneSimulator.platform/Developer/SDKs
    export PLATFORM_DEVELOPER_TOOLS_DIR\=/Applications/Xcode.app/Contents/Developer/Platforms/iPhoneSimulator.platform/Developer/Tools
    export PLATFORM_DEVELOPER_USR_DIR\=/Applications/Xcode.app/Contents/Developer/Platforms/iPhoneSimulator.platform/Developer/usr
    export PLATFORM_DIR\=/Applications/Xcode.app/Contents/Developer/Platforms/iPhoneSimulator.platform
    export PLATFORM_DISPLAY_NAME\=iOS\ Simulator
    export PLATFORM_FAMILY_NAME\=iOS
    export PLATFORM_NAME\=iphonesimulator
    export PLATFORM_PREFERRED_ARCH\=x86_64
    export PLATFORM_PRODUCT_BUILD_VERSION\=23C53
    export PLATFORM_REQUIRES_SWIFT_AUTOLINK_EXTRACT\=NO
    export PLATFORM_REQUIRES_SWIFT_MODULEWRAP\=NO
    export PLIST_FILE_OUTPUT_FORMAT\=binary
    export PODS_BUILD_DIR\=/Users/amrsaied/DerivedData/PaymentsdkExample-fihmfcmcdadiqyacsuppipgwcqpk/Build/Products
    export PODS_CONFIGURATION_BUILD_DIR\=/Users/amrsaied/DerivedData/PaymentsdkExample-fihmfcmcdadiqyacsuppipgwcqpk/Build/Products/Debug-iphonesimulator
    export PODS_DEVELOPMENT_LANGUAGE\=en
    export PODS_ROOT\=/Users/amrsaied/Documents/Flutter/PayTab/github/react-native-paytabs-library/example/ios/Pods
    export PODS_TARGET_SRCROOT\=/Users/amrsaied/Documents/Flutter/PayTab/github/react-native-paytabs-library/example/ios/Pods/hermes-engine
    export PODS_XCFRAMEWORKS_BUILD_DIR\=/Users/amrsaied/DerivedData/PaymentsdkExample-fihmfcmcdadiqyacsuppipgwcqpk/Build/Products/Debug-iphonesimulator/XCFrameworkIntermediates
    export PRECOMPS_INCLUDE_HEADERS_FROM_BUILT_PRODUCTS_DIR\=YES
    export PRECOMP_DESTINATION_DIR\=/Users/amrsaied/DerivedData/PaymentsdkExample-fihmfcmcdadiqyacsuppipgwcqpk/Build/Intermediates.noindex/Pods.build/Debug-iphonesimulator/hermes-engine.build/PrefixHeaders
    export PROCESSED_INFOPLIST_PATH\=/Users/amrsaied/DerivedData/PaymentsdkExample-fihmfcmcdadiqyacsuppipgwcqpk/Build/Intermediates.noindex/Pods.build/Debug-iphonesimulator/hermes-engine.build/Objects-normal/undefined_arch/Processed-Info.plist
    export PRODUCT_BUNDLE_IDENTIFIER\=org.cocoapods.hermes-engine
    export PRODUCT_MODULE_NAME\=hermes_engine
    export PRODUCT_NAME\=hermes-engine
    export PRODUCT_SETTINGS_PATH\=
    export PROFILING_CODE\=NO
    export PROJECT\=Pods
    export PROJECT_DERIVED_FILE_DIR\=/Users/amrsaied/DerivedData/PaymentsdkExample-fihmfcmcdadiqyacsuppipgwcqpk/Build/Intermediates.noindex/Pods.build/DerivedSources
    export PROJECT_DIR\=/Users/amrsaied/Documents/Flutter/PayTab/github/react-native-paytabs-library/example/ios/Pods
    export PROJECT_FILE_PATH\=/Users/amrsaied/Documents/Flutter/PayTab/github/react-native-paytabs-library/example/ios/Pods/Pods.xcodeproj
    export PROJECT_GUID\=8699adb1dd336b26511df848a716bd42
    export PROJECT_NAME\=Pods
    export PROJECT_TEMP_DIR\=/Users/amrsaied/DerivedData/PaymentsdkExample-fihmfcmcdadiqyacsuppipgwcqpk/Build/Intermediates.noindex/Pods.build
    export PROJECT_TEMP_ROOT\=/Users/amrsaied/DerivedData/PaymentsdkExample-fihmfcmcdadiqyacsuppipgwcqpk/Build/Intermediates.noindex
    export REACT_NATIVE_PATH\=/Users/amrsaied/Documents/Flutter/PayTab/github/react-native-paytabs-library/example/ios/Pods/../../node_modules/react-native
    export RECOMMENDED_IPHONEOS_DEPLOYMENT_TARGET\=15.0
    export RECURSIVE_SEARCH_PATHS_FOLLOW_SYMLINKS\=YES
    export REMOVE_CVS_FROM_RESOURCES\=YES
    export REMOVE_GIT_FROM_RESOURCES\=YES
    export REMOVE_HEADERS_FROM_EMBEDDED_BUNDLES\=YES
    export REMOVE_HG_FROM_RESOURCES\=YES
    export REMOVE_STATIC_EXECUTABLES_FROM_EMBEDDED_BUNDLES\=YES
    export REMOVE_SVN_FROM_RESOURCES\=YES
    export RESCHEDULE_INDEPENDENT_HEADERS_PHASES\=YES
    export REZ_COLLECTOR_DIR\=/Users/amrsaied/DerivedData/PaymentsdkExample-fihmfcmcdadiqyacsuppipgwcqpk/Build/Intermediates.noindex/Pods.build/Debug-iphonesimulator/hermes-engine.build/ResourceManagerResources
    export REZ_OBJECTS_DIR\=/Users/amrsaied/DerivedData/PaymentsdkExample-fihmfcmcdadiqyacsuppipgwcqpk/Build/Intermediates.noindex/Pods.build/Debug-iphonesimulator/hermes-engine.build/ResourceManagerResources/Objects
    export RUNTIME_EXCEPTION_ALLOW_DYLD_ENVIRONMENT_VARIABLES\=NO
    export RUNTIME_EXCEPTION_ALLOW_JIT\=NO
    export RUNTIME_EXCEPTION_ALLOW_UNSIGNED_EXECUTABLE_MEMORY\=NO
    export RUNTIME_EXCEPTION_DEBUGGING_TOOL\=NO
    export RUNTIME_EXCEPTION_DISABLE_EXECUTABLE_PAGE_PROTECTION\=NO
    export RUNTIME_EXCEPTION_DISABLE_LIBRARY_VALIDATION\=NO
    export SCAN_ALL_SOURCE_FILES_FOR_INCLUDES\=NO
    export SCRIPT_INPUT_FILE_COUNT\=0
    export SCRIPT_INPUT_FILE_LIST_COUNT\=0
    export SCRIPT_OUTPUT_FILE_COUNT\=0
    export SCRIPT_OUTPUT_FILE_LIST_COUNT\=0
    export SDKROOT\=/Applications/Xcode.app/Contents/Developer/Platforms/iPhoneSimulator.platform/Developer/SDKs/iPhoneSimulator26.2.sdk
    export SDK_DIR\=/Applications/Xcode.app/Contents/Developer/Platforms/iPhoneSimulator.platform/Developer/SDKs/iPhoneSimulator26.2.sdk
    export SDK_DIR_iphonesimulator\=/Applications/Xcode.app/Contents/Developer/Platforms/iPhoneSimulator.platform/Developer/SDKs/iPhoneSimulator26.2.sdk
    export SDK_DIR_iphonesimulator26_2\=/Applications/Xcode.app/Contents/Developer/Platforms/iPhoneSimulator.platform/Developer/SDKs/iPhoneSimulator26.2.sdk
    export SDK_NAME\=iphonesimulator26.2
    export SDK_NAMES\=iphonesimulator26.2
    export SDK_PRODUCT_BUILD_VERSION\=23C53
    export SDK_STAT_CACHE_DIR\=/Users/amrsaied/DerivedData
    export SDK_STAT_CACHE_ENABLE\=YES
    export SDK_STAT_CACHE_PATH\=/Users/amrsaied/DerivedData/SDKStatCaches.noindex/iphonesimulator26.2-23C53-7d00a8b37fbd7999ea79df8ebc024bf0.sdkstatcache
    export SDK_VERSION\=26.2
    export SDK_VERSION_ACTUAL\=260200
    export SDK_VERSION_MAJOR\=260000
    export SDK_VERSION_MINOR\=260200
    export SED\=/usr/bin/sed
    export SEPARATE_STRIP\=NO
    export SEPARATE_SYMBOL_EDIT\=NO
    export SET_DIR_MODE_OWNER_GROUP\=YES
    export SET_FILE_MODE_OWNER_GROUP\=NO
    export SHALLOW_BUNDLE\=NO
    export SHARED_DERIVED_FILE_DIR\=/Users/amrsaied/DerivedData/PaymentsdkExample-fihmfcmcdadiqyacsuppipgwcqpk/Build/Products/Debug-iphonesimulator/hermes-engine/DerivedSources
    export SHARED_PRECOMPS_DIR\=/Users/amrsaied/DerivedData/PaymentsdkExample-fihmfcmcdadiqyacsuppipgwcqpk/Build/Intermediates.noindex/PrecompiledHeaders
    export SKIP_INSTALL\=YES
    export SOURCE_ROOT\=/Users/amrsaied/Documents/Flutter/PayTab/github/react-native-paytabs-library/example/ios/Pods
    export SRCROOT\=/Users/amrsaied/Documents/Flutter/PayTab/github/react-native-paytabs-library/example/ios/Pods
    export STRINGSDATA_DIR\=/Users/amrsaied/DerivedData/PaymentsdkExample-fihmfcmcdadiqyacsuppipgwcqpk/Build/Intermediates.noindex/Pods.build/Debug-iphonesimulator/hermes-engine.build/Objects-normal/undefined_arch
    export STRINGSDATA_ROOT\=/Users/amrsaied/DerivedData/PaymentsdkExample-fihmfcmcdadiqyacsuppipgwcqpk/Build/Intermediates.noindex/Pods.build/Debug-iphonesimulator/hermes-engine.build
    export STRINGS_FILE_INFOPLIST_RENAME\=YES
    export STRINGS_FILE_OUTPUT_ENCODING\=binary
    export STRING_CATALOG_GENERATE_SYMBOLS\=NO
    export STRIP_BITCODE_FROM_COPIED_FILES\=NO
    export STRIP_INSTALLED_PRODUCT\=NO
    export STRIP_STYLE\=all
    export STRIP_SWIFT_SYMBOLS\=YES
    export SUPPORTED_DEVICE_FAMILIES\=1,2
    export SUPPORTED_PLATFORMS\=iphoneos\ iphonesimulator
    export SUPPORTS_TEXT_BASED_API\=NO
    export SUPPRESS_WARNINGS\=NO
    export SWIFT_ACTIVE_COMPILATION_CONDITIONS\=\ DEBUG
    export SWIFT_EMIT_CONST_VALUE_PROTOCOLS\=AppIntent\ EntityQuery\ AppEntity\ TransientEntity\ AppEnum\ AppShortcutProviding\ AppShortcutsProvider\ AnyResolverProviding\ AppIntentsPackage\ DynamicOptionsProvider\ _IntentValueRepresentable\ _AssistantIntentsProvider\ _GenerativeFunctionExtractable\ IntentValueQuery\ Resolver\ AppExtension\ ExtensionPointDefining
    export SWIFT_EMIT_LOC_STRINGS\=NO
    export SWIFT_ENABLE_EXPLICIT_MODULES\=YES
    export SWIFT_OPTIMIZATION_LEVEL\=-Onone
    export SWIFT_PLATFORM_TARGET_PREFIX\=ios
    export SWIFT_RESPONSE_FILE_PATH_normal_arm64\=/Users/amrsaied/DerivedData/PaymentsdkExample-fihmfcmcdadiqyacsuppipgwcqpk/Build/Intermediates.noindex/Pods.build/Debug-iphonesimulator/hermes-engine.build/Objects-normal/arm64/hermes-engine.SwiftFileList
    export SWIFT_VERSION\=5.0
    export SYMROOT\=/Users/amrsaied/DerivedData/PaymentsdkExample-fihmfcmcdadiqyacsuppipgwcqpk/Build/Products
    export SYSTEM_ADMIN_APPS_DIR\=/Applications/Utilities
    export SYSTEM_APPS_DIR\=/Applications
    export SYSTEM_CORE_SERVICES_DIR\=/System/Library/CoreServices
    export SYSTEM_DEMOS_DIR\=/Applications/Extras
    export SYSTEM_DEVELOPER_APPS_DIR\=/Applications/Xcode.app/Contents/Developer/Applications
    export SYSTEM_DEVELOPER_BIN_DIR\=/Applications/Xcode.app/Contents/Developer/usr/bin
    export SYSTEM_DEVELOPER_DEMOS_DIR\=/Applications/Xcode.app/Contents/Developer/Applications/Utilities/Built\ Examples
    export SYSTEM_DEVELOPER_DIR\=/Applications/Xcode.app/Contents/Developer
    export SYSTEM_DEVELOPER_DOC_DIR\=/Applications/Xcode.app/Contents/Developer/ADC\ Reference\ Library
    export SYSTEM_DEVELOPER_GRAPHICS_TOOLS_DIR\=/Applications/Xcode.app/Contents/Developer/Applications/Graphics\ Tools
    export SYSTEM_DEVELOPER_JAVA_TOOLS_DIR\=/Applications/Xcode.app/Contents/Developer/Applications/Java\ Tools
    export SYSTEM_DEVELOPER_PERFORMANCE_TOOLS_DIR\=/Applications/Xcode.app/Contents/Developer/Applications/Performance\ Tools
    export SYSTEM_DEVELOPER_RELEASENOTES_DIR\=/Applications/Xcode.app/Contents/Developer/ADC\ Reference\ Library/releasenotes
    export SYSTEM_DEVELOPER_TOOLS\=/Applications/Xcode.app/Contents/Developer/Tools
    export SYSTEM_DEVELOPER_TOOLS_DOC_DIR\=/Applications/Xcode.app/Contents/Developer/ADC\ Reference\ Library/documentation/DeveloperTools
    export SYSTEM_DEVELOPER_TOOLS_RELEASENOTES_DIR\=/Applications/Xcode.app/Contents/Developer/ADC\ Reference\ Library/releasenotes/DeveloperTools
    export SYSTEM_DEVELOPER_USR_DIR\=/Applications/Xcode.app/Contents/Developer/usr
    export SYSTEM_DEVELOPER_UTILITIES_DIR\=/Applications/Xcode.app/Contents/Developer/Applications/Utilities
    export SYSTEM_DEXT_INSTALL_PATH\=/System/Library/DriverExtensions
    export SYSTEM_DOCUMENTATION_DIR\=/Library/Documentation
    export SYSTEM_KEXT_INSTALL_PATH\=/System/Library/Extensions
    export SYSTEM_LIBRARY_DIR\=/System/Library
    export TAPI_DEMANGLE\=YES
    export TAPI_ENABLE_PROJECT_HEADERS\=NO
    export TAPI_LANGUAGE\=objective-c
    export TAPI_LANGUAGE_STANDARD\=compiler-default
    export TAPI_USE_SRCROOT\=YES
    export TAPI_VERIFY_MODE\=Pedantic
    export TARGETED_DEVICE_FAMILY\=1,2
    export TARGETNAME\=hermes-engine
    export TARGET_BUILD_DIR\=/Users/amrsaied/DerivedData/PaymentsdkExample-fihmfcmcdadiqyacsuppipgwcqpk/Build/Products/Debug-iphonesimulator/hermes-engine
    export TARGET_DEVICE_IDENTIFIER\=776A1EEA-438E-442A-8C33-D0873C2CD832
    export TARGET_DEVICE_MODEL\=iPhone18,3
    export TARGET_DEVICE_OS_VERSION\=26.2
    export TARGET_DEVICE_PLATFORM_NAME\=iphonesimulator
    export TARGET_NAME\=hermes-engine
    export TARGET_TEMP_DIR\=/Users/amrsaied/DerivedData/PaymentsdkExample-fihmfcmcdadiqyacsuppipgwcqpk/Build/Intermediates.noindex/Pods.build/Debug-iphonesimulator/hermes-engine.build
    export TEMP_DIR\=/Users/amrsaied/DerivedData/PaymentsdkExample-fihmfcmcdadiqyacsuppipgwcqpk/Build/Intermediates.noindex/Pods.build/Debug-iphonesimulator/hermes-engine.build
    export TEMP_FILES_DIR\=/Users/amrsaied/DerivedData/PaymentsdkExample-fihmfcmcdadiqyacsuppipgwcqpk/Build/Intermediates.noindex/Pods.build/Debug-iphonesimulator/hermes-engine.build
    export TEMP_FILE_DIR\=/Users/amrsaied/DerivedData/PaymentsdkExample-fihmfcmcdadiqyacsuppipgwcqpk/Build/Intermediates.noindex/Pods.build/Debug-iphonesimulator/hermes-engine.build
    export TEMP_ROOT\=/Users/amrsaied/DerivedData/PaymentsdkExample-fihmfcmcdadiqyacsuppipgwcqpk/Build/Intermediates.noindex
    export TEMP_SANDBOX_DIR\=/Users/amrsaied/DerivedData/PaymentsdkExample-fihmfcmcdadiqyacsuppipgwcqpk/Build/Intermediates.noindex/TemporaryTaskSandboxes
    export TEST_FRAMEWORK_SEARCH_PATHS\=\ /Applications/Xcode.app/Contents/Developer/Platforms/iPhoneSimulator.platform/Developer/Library/Frameworks\ /Applications/Xcode.app/Contents/Developer/Platforms/iPhoneSimulator.platform/Developer/SDKs/iPhoneSimulator26.2.sdk/Developer/Library/Frameworks
    export TEST_LIBRARY_SEARCH_PATHS\=\ /Applications/Xcode.app/Contents/Developer/Platforms/iPhoneSimulator.platform/Developer/usr/lib
    export TOOLCHAINS\=com.apple.dt.toolchain.XcodeDefault
    export TOOLCHAIN_DIR\=/Applications/Xcode.app/Contents/Developer/Toolchains/XcodeDefault.xctoolchain
    export TREAT_MISSING_BASELINES_AS_TEST_FAILURES\=NO
    export TREAT_MISSING_SCRIPT_PHASE_OUTPUTS_AS_ERRORS\=NO
    export UID\=501
    export UNINSTALLED_PRODUCTS_DIR\=/Users/amrsaied/DerivedData/PaymentsdkExample-fihmfcmcdadiqyacsuppipgwcqpk/Build/Intermediates.noindex/UninstalledProducts
    export UNSTRIPPED_PRODUCT\=NO
    export USER\=amrsaied
    export USER_APPS_DIR\=/Users/amrsaied/Applications
    export USER_LIBRARY_DIR\=/Users/amrsaied/Library
    export USE_DYNAMIC_NO_PIC\=YES
    export USE_HEADERMAP\=YES
    export USE_HEADER_SYMLINKS\=NO
    export USE_HERMES\=true
    export USE_RECURSIVE_SCRIPT_INPUTS_IN_SCRIPT_PHASES\=YES
    export VALIDATE_DEVELOPMENT_ASSET_PATHS\=YES_ERROR
    export VALIDATE_PRODUCT\=NO
    export VALID_ARCHS\=arm64\ x86_64
    export VERBOSE_PBXCP\=NO
    export VERSION_INFO_BUILDER\=amrsaied
    export VERSION_INFO_FILE\=hermes-engine_vers.c
    export VERSION_INFO_STRING\=\"@\(\#\)PROGRAM:hermes-engine\ \ PROJECT:Pods-\"
    export WORKSPACE_DIR\=/Users/amrsaied/Documents/Flutter/PayTab/github/react-native-paytabs-library/example/ios
    export WRAP_ASSET_PACKS_IN_SEPARATE_DIRECTORIES\=NO
    export XCODE_APP_SUPPORT_DIR\=/Applications/Xcode.app/Contents/Developer/Library/Xcode
    export XCODE_PRODUCT_BUILD_VERSION\=17C52
    export XCODE_VERSION_ACTUAL\=2620
    export XCODE_VERSION_MAJOR\=2600
    export XCODE_VERSION_MINOR\=2620
    export XPCSERVICES_FOLDER_PATH\=/XPCServices
    export YACC\=yacc
    export _DISCOVER_COMMAND_LINE_LINKER_INPUTS\=YES
    export _DISCOVER_COMMAND_LINE_LINKER_INPUTS_INCLUDE_WL\=YES
    export _LD_MULTIARCH\=YES
    export __DIAGNOSE_DEPRECATED_ARCHS\=YES
    export arch\=undefined_arch
    export variant\=normal
    /bin/sh -c /Users/amrsaied/DerivedData/PaymentsdkExample-fihmfcmcdadiqyacsuppipgwcqpk/Build/Intermediates.noindex/Pods.build/Debug-iphonesimulator/hermes-engine.build/Script-46EB2E0001C2E0.sh
Node found at: /Users/amrsaied/.nvm/versions/node/v20.19.0/bin/node
No previous build detected, but Debug Configuration. No need to replace Hermes engine

WriteAuxiliaryFile /Users/amrsaied/DerivedData/PaymentsdkExample-fihmfcmcdadiqyacsuppipgwcqpk/Build/Intermediates.noindex/Pods.build/Debug-iphonesimulator/fmt.build/Objects-normal/arm64/e6072d4f65d7061329687fe24e3d63a7-common-args.resp (in target 'fmt' from project 'Pods')
    cd /Users/amrsaied/Documents/Flutter/PayTab/github/react-native-paytabs-library/example/ios/Pods
    write-file /Users/amrsaied/DerivedData/PaymentsdkExample-fihmfcmcdadiqyacsuppipgwcqpk/Build/Intermediates.noindex/Pods.build/Debug-iphonesimulator/fmt.build/Objects-normal/arm64/e6072d4f65d7061329687fe24e3d63a7-common-args.resp
-target arm64-apple-ios15.1-simulator '-std=gnu11' -fobjc-arc -fmodules '-fmodules-cache-path=/Users/amrsaied/DerivedData/ModuleCache.noindex' -fpascal-strings -O0 -fno-common '-DPOD_CONFIGURATION_DEBUG=1' '-DDEBUG=1' '-DCOCOAPODS=1' '-DOBJC_OLD_DISPATCH_PROTOTYPES=0' -isysroot /Applications/Xcode.app/Contents/Developer/Platforms/iPhoneSimulator.platform/Developer/SDKs/iPhoneSimulator26.2.sdk -g '-fobjc-abi-version=2' -fobjc-legacy-dispatch -iquote /Users/amrsaied/DerivedData/PaymentsdkExample-fihmfcmcdadiqyacsuppipgwcqpk/Build/Intermediates.noindex/Pods.build/Debug-iphonesimulator/fmt.build/fmt-generated-files.hmap -I/Users/amrsaied/DerivedData/PaymentsdkExample-fihmfcmcdadiqyacsuppipgwcqpk/Build/Intermediates.noindex/Pods.build/Debug-iphonesimulator/fmt.build/fmt-own-target-headers.hmap -I/Users/amrsaied/DerivedData/PaymentsdkExample-fihmfcmcdadiqyacsuppipgwcqpk/Build/Intermediates.noindex/Pods.build/Debug-iphonesimulator/fmt.build/fmt-all-non-framework-target-headers.hmap -ivfsoverlay /Users/amrsaied/DerivedData/PaymentsdkExample-fihmfcmcdadiqyacsuppipgwcqpk/Build/Intermediates.noindex/Pods.build/Debug-iphonesimulator/Pods-8699adb1dd336b26511df848a716bd42-VFS-iphonesimulator/all-product-headers.yaml -iquote /Users/amrsaied/DerivedData/PaymentsdkExample-fihmfcmcdadiqyacsuppipgwcqpk/Build/Intermediates.noindex/Pods.build/Debug-iphonesimulator/fmt.build/fmt-project-headers.hmap -I/Users/amrsaied/DerivedData/PaymentsdkExample-fihmfcmcdadiqyacsuppipgwcqpk/Build/Products/Debug-iphonesimulator/fmt/include -I/Users/amrsaied/Documents/Flutter/PayTab/github/react-native-paytabs-library/example/ios/Pods/Headers/Private -I/Users/amrsaied/Documents/Flutter/PayTab/github/react-native-paytabs-library/example/ios/Pods/Headers/Private/fmt -I/Users/amrsaied/Documents/Flutter/PayTab/github/react-native-paytabs-library/example/ios/Pods/Headers/Public -I/Users/amrsaied/Documents/Flutter/PayTab/github/react-native-paytabs-library/example/ios/Pods/Headers/Public/fmt -I/Users/amrsaied/DerivedData/PaymentsdkExample-fihmfcmcdadiqyacsuppipgwcqpk/Build/Intermediates.noindex/Pods.build/Debug-iphonesimulator/fmt.build/DerivedSources-normal/arm64 -I/Users/amrsaied/DerivedData/PaymentsdkExample-fihmfcmcdadiqyacsuppipgwcqpk/Build/Intermediates.noindex/Pods.build/Debug-iphonesimulator/fmt.build/DerivedSources/arm64 -I/Users/amrsaied/DerivedData/PaymentsdkExample-fihmfcmcdadiqyacsuppipgwcqpk/Build/Intermediates.noindex/Pods.build/Debug-iphonesimulator/fmt.build/DerivedSources -F/Users/amrsaied/DerivedData/PaymentsdkExample-fihmfcmcdadiqyacsuppipgwcqpk/Build/Products/Debug-iphonesimulator/fmt

WriteAuxiliaryFile /Users/amrsaied/DerivedData/PaymentsdkExample-fihmfcmcdadiqyacsuppipgwcqpk/Build/Intermediates.noindex/Pods.build/Debug-iphonesimulator/fmt.build/Objects-normal/arm64/82b82416624d2658e5098eb0a28c15c5-common-args.resp (in target 'fmt' from project 'Pods')
    cd /Users/amrsaied/Documents/Flutter/PayTab/github/react-native-paytabs-library/example/ios/Pods
    write-file /Users/amrsaied/DerivedData/PaymentsdkExample-fihmfcmcdadiqyacsuppipgwcqpk/Build/Intermediates.noindex/Pods.build/Debug-iphonesimulator/fmt.build/Objects-normal/arm64/82b82416624d2658e5098eb0a28c15c5-common-args.resp
-target arm64-apple-ios15.1-simulator '-std=c++20' '-stdlib=libc++' -fmodules -fno-cxx-modules '-fmodules-cache-path=/Users/amrsaied/DerivedData/ModuleCache.noindex' '-D_LIBCPP_HARDENING_MODE=_LIBCPP_HARDENING_MODE_DEBUG' -fpascal-strings -O0 -fno-common '-DPOD_CONFIGURATION_DEBUG=1' '-DDEBUG=1' '-DCOCOAPODS=1' -isysroot /Applications/Xcode.app/Contents/Developer/Platforms/iPhoneSimulator.platform/Developer/SDKs/iPhoneSimulator26.2.sdk -g -iquote /Users/amrsaied/DerivedData/PaymentsdkExample-fihmfcmcdadiqyacsuppipgwcqpk/Build/Intermediates.noindex/Pods.build/Debug-iphonesimulator/fmt.build/fmt-generated-files.hmap -I/Users/amrsaied/DerivedData/PaymentsdkExample-fihmfcmcdadiqyacsuppipgwcqpk/Build/Intermediates.noindex/Pods.build/Debug-iphonesimulator/fmt.build/fmt-own-target-headers.hmap -I/Users/amrsaied/DerivedData/PaymentsdkExample-fihmfcmcdadiqyacsuppipgwcqpk/Build/Intermediates.noindex/Pods.build/Debug-iphonesimulator/fmt.build/fmt-all-non-framework-target-headers.hmap -ivfsoverlay /Users/amrsaied/DerivedData/PaymentsdkExample-fihmfcmcdadiqyacsuppipgwcqpk/Build/Intermediates.noindex/Pods.build/Debug-iphonesimulator/Pods-8699adb1dd336b26511df848a716bd42-VFS-iphonesimulator/all-product-headers.yaml -iquote /Users/amrsaied/DerivedData/PaymentsdkExample-fihmfcmcdadiqyacsuppipgwcqpk/Build/Intermediates.noindex/Pods.build/Debug-iphonesimulator/fmt.build/fmt-project-headers.hmap -I/Users/amrsaied/DerivedData/PaymentsdkExample-fihmfcmcdadiqyacsuppipgwcqpk/Build/Products/Debug-iphonesimulator/fmt/include -I/Users/amrsaied/Documents/Flutter/PayTab/github/react-native-paytabs-library/example/ios/Pods/Headers/Private -I/Users/amrsaied/Documents/Flutter/PayTab/github/react-native-paytabs-library/example/ios/Pods/Headers/Private/fmt -I/Users/amrsaied/Documents/Flutter/PayTab/github/react-native-paytabs-library/example/ios/Pods/Headers/Public -I/Users/amrsaied/Documents/Flutter/PayTab/github/react-native-paytabs-library/example/ios/Pods/Headers/Public/fmt -I/Users/amrsaied/DerivedData/PaymentsdkExample-fihmfcmcdadiqyacsuppipgwcqpk/Build/Intermediates.noindex/Pods.build/Debug-iphonesimulator/fmt.build/DerivedSources-normal/arm64 -I/Users/amrsaied/DerivedData/PaymentsdkExample-fihmfcmcdadiqyacsuppipgwcqpk/Build/Intermediates.noindex/Pods.build/Debug-iphonesimulator/fmt.build/DerivedSources/arm64 -I/Users/amrsaied/DerivedData/PaymentsdkExample-fihmfcmcdadiqyacsuppipgwcqpk/Build/Intermediates.noindex/Pods.build/Debug-iphonesimulator/fmt.build/DerivedSources -F/Users/amrsaied/DerivedData/PaymentsdkExample-fihmfcmcdadiqyacsuppipgwcqpk/Build/Products/Debug-iphonesimulator/fmt

WriteAuxiliaryFile /Users/amrsaied/DerivedData/PaymentsdkExample-fihmfcmcdadiqyacsuppipgwcqpk/Build/Intermediates.noindex/Pods.build/Debug-iphonesimulator/boost-boost_privacy.build/boost_privacy.hmap (in target 'boost-boost_privacy' from project 'Pods')
    cd /Users/amrsaied/Documents/Flutter/PayTab/github/react-native-paytabs-library/example/ios/Pods
    write-file /Users/amrsaied/DerivedData/PaymentsdkExample-fihmfcmcdadiqyacsuppipgwcqpk/Build/Intermediates.noindex/Pods.build/Debug-iphonesimulator/boost-boost_privacy.build/boost_privacy.hmap

WriteAuxiliaryFile /Users/amrsaied/DerivedData/PaymentsdkExample-fihmfcmcdadiqyacsuppipgwcqpk/Build/Intermediates.noindex/Pods.build/Debug-iphonesimulator/boost-boost_privacy.build/boost_privacy.DependencyStaticMetadataFileList (in target 'boost-boost_privacy' from project 'Pods')
    cd /Users/amrsaied/Documents/Flutter/PayTab/github/react-native-paytabs-library/example/ios/Pods
    write-file /Users/amrsaied/DerivedData/PaymentsdkExample-fihmfcmcdadiqyacsuppipgwcqpk/Build/Intermediates.noindex/Pods.build/Debug-iphonesimulator/boost-boost_privacy.build/boost_privacy.DependencyStaticMetadataFileList

WriteAuxiliaryFile /Users/amrsaied/DerivedData/PaymentsdkExample-fihmfcmcdadiqyacsuppipgwcqpk/Build/Intermediates.noindex/Pods.build/Debug-iphonesimulator/boost-boost_privacy.build/boost_privacy.DependencyMetadataFileList (in target 'boost-boost_privacy' from project 'Pods')
    cd /Users/amrsaied/Documents/Flutter/PayTab/github/react-native-paytabs-library/example/ios/Pods
    write-file /Users/amrsaied/DerivedData/PaymentsdkExample-fihmfcmcdadiqyacsuppipgwcqpk/Build/Intermediates.noindex/Pods.build/Debug-iphonesimulator/boost-boost_privacy.build/boost_privacy.DependencyMetadataFileList

WriteAuxiliaryFile /Users/amrsaied/DerivedData/PaymentsdkExample-fihmfcmcdadiqyacsuppipgwcqpk/Build/Intermediates.noindex/Pods.build/Debug-iphonesimulator/boost-boost_privacy.build/boost_privacy-project-headers.hmap (in target 'boost-boost_privacy' from project 'Pods')
    cd /Users/amrsaied/Documents/Flutter/PayTab/github/react-native-paytabs-library/example/ios/Pods
    write-file /Users/amrsaied/DerivedData/PaymentsdkExample-fihmfcmcdadiqyacsuppipgwcqpk/Build/Intermediates.noindex/Pods.build/Debug-iphonesimulator/boost-boost_privacy.build/boost_privacy-project-headers.hmap

WriteAuxiliaryFile /Users/amrsaied/DerivedData/PaymentsdkExample-fihmfcmcdadiqyacsuppipgwcqpk/Build/Intermediates.noindex/Pods.build/Debug-iphonesimulator/boost-boost_privacy.build/boost_privacy-own-target-headers.hmap (in target 'boost-boost_privacy' from project 'Pods')
    cd /Users/amrsaied/Documents/Flutter/PayTab/github/react-native-paytabs-library/example/ios/Pods
    write-file /Users/amrsaied/DerivedData/PaymentsdkExample-fihmfcmcdadiqyacsuppipgwcqpk/Build/Intermediates.noindex/Pods.build/Debug-iphonesimulator/boost-boost_privacy.build/boost_privacy-own-target-headers.hmap

WriteAuxiliaryFile /Users/amrsaied/DerivedData/PaymentsdkExample-fihmfcmcdadiqyacsuppipgwcqpk/Build/Intermediates.noindex/Pods.build/Debug-iphonesimulator/boost-boost_privacy.build/boost_privacy-generated-files.hmap (in target 'boost-boost_privacy' from project 'Pods')
    cd /Users/amrsaied/Documents/Flutter/PayTab/github/react-native-paytabs-library/example/ios/Pods
    write-file /Users/amrsaied/DerivedData/PaymentsdkExample-fihmfcmcdadiqyacsuppipgwcqpk/Build/Intermediates.noindex/Pods.build/Debug-iphonesimulator/boost-boost_privacy.build/boost_privacy-generated-files.hmap

WriteAuxiliaryFile /Users/amrsaied/DerivedData/PaymentsdkExample-fihmfcmcdadiqyacsuppipgwcqpk/Build/Intermediates.noindex/Pods.build/Debug-iphonesimulator/boost-boost_privacy.build/boost_privacy-all-target-headers.hmap (in target 'boost-boost_privacy' from project 'Pods')
    cd /Users/amrsaied/Documents/Flutter/PayTab/github/react-native-paytabs-library/example/ios/Pods
    write-file /Users/amrsaied/DerivedData/PaymentsdkExample-fihmfcmcdadiqyacsuppipgwcqpk/Build/Intermediates.noindex/Pods.build/Debug-iphonesimulator/boost-boost_privacy.build/boost_privacy-all-target-headers.hmap

WriteAuxiliaryFile /Users/amrsaied/DerivedData/PaymentsdkExample-fihmfcmcdadiqyacsuppipgwcqpk/Build/Intermediates.noindex/Pods.build/Debug-iphonesimulator/boost-boost_privacy.build/boost_privacy-all-non-framework-target-headers.hmap (in target 'boost-boost_privacy' from project 'Pods')
    cd /Users/amrsaied/Documents/Flutter/PayTab/github/react-native-paytabs-library/example/ios/Pods
    write-file /Users/amrsaied/DerivedData/PaymentsdkExample-fihmfcmcdadiqyacsuppipgwcqpk/Build/Intermediates.noindex/Pods.build/Debug-iphonesimulator/boost-boost_privacy.build/boost_privacy-all-non-framework-target-headers.hmap

WriteAuxiliaryFile /Users/amrsaied/DerivedData/PaymentsdkExample-fihmfcmcdadiqyacsuppipgwcqpk/Build/Intermediates.noindex/Pods.build/Debug-iphonesimulator/Yoga.build/Yoga-project-headers.hmap (in target 'Yoga' from project 'Pods')
    cd /Users/amrsaied/Documents/Flutter/PayTab/github/react-native-paytabs-library/example/ios/Pods
    write-file /Users/amrsaied/DerivedData/PaymentsdkExample-fihmfcmcdadiqyacsuppipgwcqpk/Build/Intermediates.noindex/Pods.build/Debug-iphonesimulator/Yoga.build/Yoga-project-headers.hmap

WriteAuxiliaryFile /Users/amrsaied/DerivedData/PaymentsdkExample-fihmfcmcdadiqyacsuppipgwcqpk/Build/Intermediates.noindex/Pods.build/Debug-iphonesimulator/Yoga.build/Yoga-own-target-headers.hmap (in target 'Yoga' from project 'Pods')
    cd /Users/amrsaied/Documents/Flutter/PayTab/github/react-native-paytabs-library/example/ios/Pods
    write-file /Users/amrsaied/DerivedData/PaymentsdkExample-fihmfcmcdadiqyacsuppipgwcqpk/Build/Intermediates.noindex/Pods.build/Debug-iphonesimulator/Yoga.build/Yoga-own-target-headers.hmap

WriteAuxiliaryFile /Users/amrsaied/DerivedData/PaymentsdkExample-fihmfcmcdadiqyacsuppipgwcqpk/Build/Intermediates.noindex/Pods.build/Debug-iphonesimulator/Yoga.build/Objects-normal/arm64/e6072d4f65d7061329687fe24e3d63a7-common-args.resp (in target 'Yoga' from project 'Pods')
    cd /Users/amrsaied/Documents/Flutter/PayTab/github/react-native-paytabs-library/example/ios/Pods
    write-file /Users/amrsaied/DerivedData/PaymentsdkExample-fihmfcmcdadiqyacsuppipgwcqpk/Build/Intermediates.noindex/Pods.build/Debug-iphonesimulator/Yoga.build/Objects-normal/arm64/e6072d4f65d7061329687fe24e3d63a7-common-args.resp
-target arm64-apple-ios15.1-simulator '-std=gnu11' -fobjc-arc -fmodules '-fmodules-cache-path=/Users/amrsaied/DerivedData/ModuleCache.noindex' '-fmodule-name=yoga' -fpascal-strings -O0 -fno-common '-DPOD_CONFIGURATION_DEBUG=1' '-DDEBUG=1' '-DCOCOAPODS=1' '-DOBJC_OLD_DISPATCH_PROTOTYPES=0' -isysroot /Applications/Xcode.app/Contents/Developer/Platforms/iPhoneSimulator.platform/Developer/SDKs/iPhoneSimulator26.2.sdk -g '-fobjc-abi-version=2' -fobjc-legacy-dispatch -iquote /Users/amrsaied/DerivedData/PaymentsdkExample-fihmfcmcdadiqyacsuppipgwcqpk/Build/Intermediates.noindex/Pods.build/Debug-iphonesimulator/Yoga.build/Yoga-generated-files.hmap -I/Users/amrsaied/DerivedData/PaymentsdkExample-fihmfcmcdadiqyacsuppipgwcqpk/Build/Intermediates.noindex/Pods.build/Debug-iphonesimulator/Yoga.build/Yoga-own-target-headers.hmap -I/Users/amrsaied/DerivedData/PaymentsdkExample-fihmfcmcdadiqyacsuppipgwcqpk/Build/Intermediates.noindex/Pods.build/Debug-iphonesimulator/Yoga.build/Yoga-all-non-framework-target-headers.hmap -ivfsoverlay /Users/amrsaied/DerivedData/PaymentsdkExample-fihmfcmcdadiqyacsuppipgwcqpk/Build/Intermediates.noindex/Pods.build/Debug-iphonesimulator/Pods-8699adb1dd336b26511df848a716bd42-VFS-iphonesimulator/all-product-headers.yaml -iquote /Users/amrsaied/DerivedData/PaymentsdkExample-fihmfcmcdadiqyacsuppipgwcqpk/Build/Intermediates.noindex/Pods.build/Debug-iphonesimulator/Yoga.build/Yoga-project-headers.hmap -I/Users/amrsaied/DerivedData/PaymentsdkExample-fihmfcmcdadiqyacsuppipgwcqpk/Build/Products/Debug-iphonesimulator/Yoga/include -I/Users/amrsaied/Documents/Flutter/PayTab/github/react-native-paytabs-library/example/ios/Pods/Headers/Private -I/Users/amrsaied/Documents/Flutter/PayTab/github/react-native-paytabs-library/example/ios/Pods/Headers/Private/Yoga -I/Users/amrsaied/Documents/Flutter/PayTab/github/react-native-paytabs-library/example/ios/Pods/Headers/Public -I/Users/amrsaied/Documents/Flutter/PayTab/github/react-native-paytabs-library/example/ios/Pods/Headers/Public/Yoga -I/Users/amrsaied/DerivedData/PaymentsdkExample-fihmfcmcdadiqyacsuppipgwcqpk/Build/Intermediates.noindex/Pods.build/Debug-iphonesimulator/Yoga.build/DerivedSources-normal/arm64 -I/Users/amrsaied/DerivedData/PaymentsdkExample-fihmfcmcdadiqyacsuppipgwcqpk/Build/Intermediates.noindex/Pods.build/Debug-iphonesimulator/Yoga.build/DerivedSources/arm64 -I/Users/amrsaied/DerivedData/PaymentsdkExample-fihmfcmcdadiqyacsuppipgwcqpk/Build/Intermediates.noindex/Pods.build/Debug-iphonesimulator/Yoga.build/DerivedSources -F/Users/amrsaied/DerivedData/PaymentsdkExample-fihmfcmcdadiqyacsuppipgwcqpk/Build/Products/Debug-iphonesimulator/Yoga

WriteAuxiliaryFile /Users/amrsaied/DerivedData/PaymentsdkExample-fihmfcmcdadiqyacsuppipgwcqpk/Build/Intermediates.noindex/Pods.build/Debug-iphonesimulator/Yoga.build/Objects-normal/arm64/Yoga.LinkFileList (in target 'Yoga' from project 'Pods')
    cd /Users/amrsaied/Documents/Flutter/PayTab/github/react-native-paytabs-library/example/ios/Pods
    write-file /Users/amrsaied/DerivedData/PaymentsdkExample-fihmfcmcdadiqyacsuppipgwcqpk/Build/Intermediates.noindex/Pods.build/Debug-iphonesimulator/Yoga.build/Objects-normal/arm64/Yoga.LinkFileList

WriteAuxiliaryFile /Users/amrsaied/DerivedData/PaymentsdkExample-fihmfcmcdadiqyacsuppipgwcqpk/Build/Intermediates.noindex/Pods.build/Debug-iphonesimulator/Yoga.build/Objects-normal/arm64/82b82416624d2658e5098eb0a28c15c5-common-args.resp (in target 'Yoga' from project 'Pods')
    cd /Users/amrsaied/Documents/Flutter/PayTab/github/react-native-paytabs-library/example/ios/Pods
    write-file /Users/amrsaied/DerivedData/PaymentsdkExample-fihmfcmcdadiqyacsuppipgwcqpk/Build/Intermediates.noindex/Pods.build/Debug-iphonesimulator/Yoga.build/Objects-normal/arm64/82b82416624d2658e5098eb0a28c15c5-common-args.resp
-target arm64-apple-ios15.1-simulator '-std=c++20' '-stdlib=libc++' -fmodules -fno-cxx-modules '-fmodules-cache-path=/Users/amrsaied/DerivedData/ModuleCache.noindex' '-fmodule-name=yoga' '-D_LIBCPP_HARDENING_MODE=_LIBCPP_HARDENING_MODE_DEBUG' -fpascal-strings -O0 -fno-common '-DPOD_CONFIGURATION_DEBUG=1' '-DDEBUG=1' '-DCOCOAPODS=1' -isysroot /Applications/Xcode.app/Contents/Developer/Platforms/iPhoneSimulator.platform/Developer/SDKs/iPhoneSimulator26.2.sdk -g -iquote /Users/amrsaied/DerivedData/PaymentsdkExample-fihmfcmcdadiqyacsuppipgwcqpk/Build/Intermediates.noindex/Pods.build/Debug-iphonesimulator/Yoga.build/Yoga-generated-files.hmap -I/Users/amrsaied/DerivedData/PaymentsdkExample-fihmfcmcdadiqyacsuppipgwcqpk/Build/Intermediates.noindex/Pods.build/Debug-iphonesimulator/Yoga.build/Yoga-own-target-headers.hmap -I/Users/amrsaied/DerivedData/PaymentsdkExample-fihmfcmcdadiqyacsuppipgwcqpk/Build/Intermediates.noindex/Pods.build/Debug-iphonesimulator/Yoga.build/Yoga-all-non-framework-target-headers.hmap -ivfsoverlay /Users/amrsaied/DerivedData/PaymentsdkExample-fihmfcmcdadiqyacsuppipgwcqpk/Build/Intermediates.noindex/Pods.build/Debug-iphonesimulator/Pods-8699adb1dd336b26511df848a716bd42-VFS-iphonesimulator/all-product-headers.yaml -iquote /Users/amrsaied/DerivedData/PaymentsdkExample-fihmfcmcdadiqyacsuppipgwcqpk/Build/Intermediates.noindex/Pods.build/Debug-iphonesimulator/Yoga.build/Yoga-project-headers.hmap -I/Users/amrsaied/DerivedData/PaymentsdkExample-fihmfcmcdadiqyacsuppipgwcqpk/Build/Products/Debug-iphonesimulator/Yoga/include -I/Users/amrsaied/Documents/Flutter/PayTab/github/react-native-paytabs-library/example/ios/Pods/Headers/Private -I/Users/amrsaied/Documents/Flutter/PayTab/github/react-native-paytabs-library/example/ios/Pods/Headers/Private/Yoga -I/Users/amrsaied/Documents/Flutter/PayTab/github/react-native-paytabs-library/example/ios/Pods/Headers/Public -I/Users/amrsaied/Documents/Flutter/PayTab/github/react-native-paytabs-library/example/ios/Pods/Headers/Public/Yoga -I/Users/amrsaied/DerivedData/PaymentsdkExample-fihmfcmcdadiqyacsuppipgwcqpk/Build/Intermediates.noindex/Pods.build/Debug-iphonesimulator/Yoga.build/DerivedSources-normal/arm64 -I/Users/amrsaied/DerivedData/PaymentsdkExample-fihmfcmcdadiqyacsuppipgwcqpk/Build/Intermediates.noindex/Pods.build/Debug-iphonesimulator/Yoga.build/DerivedSources/arm64 -I/Users/amrsaied/DerivedData/PaymentsdkExample-fihmfcmcdadiqyacsuppipgwcqpk/Build/Intermediates.noindex/Pods.build/Debug-iphonesimulator/Yoga.build/DerivedSources -F/Users/amrsaied/DerivedData/PaymentsdkExample-fihmfcmcdadiqyacsuppipgwcqpk/Build/Products/Debug-iphonesimulator/Yoga

WriteAuxiliaryFile /Users/amrsaied/DerivedData/PaymentsdkExample-fihmfcmcdadiqyacsuppipgwcqpk/Build/Intermediates.noindex/Pods.build/Debug-iphonesimulator/SocketRocket.build/SocketRocket.DependencyStaticMetadataFileList (in target 'SocketRocket' from project 'Pods')
    cd /Users/amrsaied/Documents/Flutter/PayTab/github/react-native-paytabs-library/example/ios/Pods
    write-file /Users/amrsaied/DerivedData/PaymentsdkExample-fihmfcmcdadiqyacsuppipgwcqpk/Build/Intermediates.noindex/Pods.build/Debug-iphonesimulator/SocketRocket.build/SocketRocket.DependencyStaticMetadataFileList

WriteAuxiliaryFile /Users/amrsaied/DerivedData/PaymentsdkExample-fihmfcmcdadiqyacsuppipgwcqpk/Build/Intermediates.noindex/Pods.build/Debug-iphonesimulator/SocketRocket.build/SocketRocket.hmap (in target 'SocketRocket' from project 'Pods')
    cd /Users/amrsaied/Documents/Flutter/PayTab/github/react-native-paytabs-library/example/ios/Pods
    write-file /Users/amrsaied/DerivedData/PaymentsdkExample-fihmfcmcdadiqyacsuppipgwcqpk/Build/Intermediates.noindex/Pods.build/Debug-iphonesimulator/SocketRocket.build/SocketRocket.hmap

WriteAuxiliaryFile /Users/amrsaied/DerivedData/PaymentsdkExample-fihmfcmcdadiqyacsuppipgwcqpk/Build/Intermediates.noindex/Pods.build/Debug-iphonesimulator/SocketRocket.build/SocketRocket.DependencyMetadataFileList (in target 'SocketRocket' from project 'Pods')
    cd /Users/amrsaied/Documents/Flutter/PayTab/github/react-native-paytabs-library/example/ios/Pods
    write-file /Users/amrsaied/DerivedData/PaymentsdkExample-fihmfcmcdadiqyacsuppipgwcqpk/Build/Intermediates.noindex/Pods.build/Debug-iphonesimulator/SocketRocket.build/SocketRocket.DependencyMetadataFileList

WriteAuxiliaryFile /Users/amrsaied/DerivedData/PaymentsdkExample-fihmfcmcdadiqyacsuppipgwcqpk/Build/Intermediates.noindex/Pods.build/Debug-iphonesimulator/SocketRocket.build/SocketRocket-project-headers.hmap (in target 'SocketRocket' from project 'Pods')
    cd /Users/amrsaied/Documents/Flutter/PayTab/github/react-native-paytabs-library/example/ios/Pods
    write-file /Users/amrsaied/DerivedData/PaymentsdkExample-fihmfcmcdadiqyacsuppipgwcqpk/Build/Intermediates.noindex/Pods.build/Debug-iphonesimulator/SocketRocket.build/SocketRocket-project-headers.hmap

WriteAuxiliaryFile /Users/amrsaied/DerivedData/PaymentsdkExample-fihmfcmcdadiqyacsuppipgwcqpk/Build/Intermediates.noindex/Pods.build/Debug-iphonesimulator/SocketRocket.build/SocketRocket-own-target-headers.hmap (in target 'SocketRocket' from project 'Pods')
    cd /Users/amrsaied/Documents/Flutter/PayTab/github/react-native-paytabs-library/example/ios/Pods
    write-file /Users/amrsaied/DerivedData/PaymentsdkExample-fihmfcmcdadiqyacsuppipgwcqpk/Build/Intermediates.noindex/Pods.build/Debug-iphonesimulator/SocketRocket.build/SocketRocket-own-target-headers.hmap

WriteAuxiliaryFile /Users/amrsaied/DerivedData/PaymentsdkExample-fihmfcmcdadiqyacsuppipgwcqpk/Build/Intermediates.noindex/Pods.build/Debug-iphonesimulator/SocketRocket.build/SocketRocket-generated-files.hmap (in target 'SocketRocket' from project 'Pods')
    cd /Users/amrsaied/Documents/Flutter/PayTab/github/react-native-paytabs-library/example/ios/Pods
    write-file /Users/amrsaied/DerivedData/PaymentsdkExample-fihmfcmcdadiqyacsuppipgwcqpk/Build/Intermediates.noindex/Pods.build/Debug-iphonesimulator/SocketRocket.build/SocketRocket-generated-files.hmap

WriteAuxiliaryFile /Users/amrsaied/DerivedData/PaymentsdkExample-fihmfcmcdadiqyacsuppipgwcqpk/Build/Intermediates.noindex/Pods.build/Debug-iphonesimulator/SocketRocket.build/SocketRocket-all-target-headers.hmap (in target 'SocketRocket' from project 'Pods')
    cd /Users/amrsaied/Documents/Flutter/PayTab/github/react-native-paytabs-library/example/ios/Pods
    write-file /Users/amrsaied/DerivedData/PaymentsdkExample-fihmfcmcdadiqyacsuppipgwcqpk/Build/Intermediates.noindex/Pods.build/Debug-iphonesimulator/SocketRocket.build/SocketRocket-all-target-headers.hmap

WriteAuxiliaryFile /Users/amrsaied/DerivedData/PaymentsdkExample-fihmfcmcdadiqyacsuppipgwcqpk/Build/Intermediates.noindex/Pods.build/Debug-iphonesimulator/SocketRocket.build/SocketRocket-all-non-framework-target-headers.hmap (in target 'SocketRocket' from project 'Pods')
    cd /Users/amrsaied/Documents/Flutter/PayTab/github/react-native-paytabs-library/example/ios/Pods
    write-file /Users/amrsaied/DerivedData/PaymentsdkExample-fihmfcmcdadiqyacsuppipgwcqpk/Build/Intermediates.noindex/Pods.build/Debug-iphonesimulator/SocketRocket.build/SocketRocket-all-non-framework-target-headers.hmap

WriteAuxiliaryFile /Users/amrsaied/DerivedData/PaymentsdkExample-fihmfcmcdadiqyacsuppipgwcqpk/Build/Intermediates.noindex/Pods.build/Debug-iphonesimulator/SocketRocket.build/Objects-normal/arm64/e6072d4f65d7061329687fe24e3d63a7-common-args.resp (in target 'SocketRocket' from project 'Pods')
    cd /Users/amrsaied/Documents/Flutter/PayTab/github/react-native-paytabs-library/example/ios/Pods
    write-file /Users/amrsaied/DerivedData/PaymentsdkExample-fihmfcmcdadiqyacsuppipgwcqpk/Build/Intermediates.noindex/Pods.build/Debug-iphonesimulator/SocketRocket.build/Objects-normal/arm64/e6072d4f65d7061329687fe24e3d63a7-common-args.resp
-target arm64-apple-ios15.1-simulator '-std=gnu11' -fobjc-arc -fmodules '-fmodules-cache-path=/Users/amrsaied/DerivedData/ModuleCache.noindex' -fpascal-strings -O0 -fno-common '-DPOD_CONFIGURATION_DEBUG=1' '-DDEBUG=1' '-DCOCOAPODS=1' '-DOBJC_OLD_DISPATCH_PROTOTYPES=0' -isysroot /Applications/Xcode.app/Contents/Developer/Platforms/iPhoneSimulator.platform/Developer/SDKs/iPhoneSimulator26.2.sdk -g '-fobjc-abi-version=2' -fobjc-legacy-dispatch -iquote /Users/amrsaied/DerivedData/PaymentsdkExample-fihmfcmcdadiqyacsuppipgwcqpk/Build/Intermediates.noindex/Pods.build/Debug-iphonesimulator/SocketRocket.build/SocketRocket-generated-files.hmap -I/Users/amrsaied/DerivedData/PaymentsdkExample-fihmfcmcdadiqyacsuppipgwcqpk/Build/Intermediates.noindex/Pods.build/Debug-iphonesimulator/SocketRocket.build/SocketRocket-own-target-headers.hmap -I/Users/amrsaied/DerivedData/PaymentsdkExample-fihmfcmcdadiqyacsuppipgwcqpk/Build/Intermediates.noindex/Pods.build/Debug-iphonesimulator/SocketRocket.build/SocketRocket-all-non-framework-target-headers.hmap -ivfsoverlay /Users/amrsaied/DerivedData/PaymentsdkExample-fihmfcmcdadiqyacsuppipgwcqpk/Build/Intermediates.noindex/Pods.build/Debug-iphonesimulator/Pods-8699adb1dd336b26511df848a716bd42-VFS-iphonesimulator/all-product-headers.yaml -iquote /Users/amrsaied/DerivedData/PaymentsdkExample-fihmfcmcdadiqyacsuppipgwcqpk/Build/Intermediates.noindex/Pods.build/Debug-iphonesimulator/SocketRocket.build/SocketRocket-project-headers.hmap -I/Users/amrsaied/DerivedData/PaymentsdkExample-fihmfcmcdadiqyacsuppipgwcqpk/Build/Products/Debug-iphonesimulator/SocketRocket/include -I/Users/amrsaied/Documents/Flutter/PayTab/github/react-native-paytabs-library/example/ios/Pods/Headers/Private -I/Users/amrsaied/Documents/Flutter/PayTab/github/react-native-paytabs-library/example/ios/Pods/Headers/Private/SocketRocket -I/Users/amrsaied/Documents/Flutter/PayTab/github/react-native-paytabs-library/example/ios/Pods/Headers/Public -I/Users/amrsaied/Documents/Flutter/PayTab/github/react-native-paytabs-library/example/ios/Pods/Headers/Public/SocketRocket -I/Users/amrsaied/DerivedData/PaymentsdkExample-fihmfcmcdadiqyacsuppipgwcqpk/Build/Intermediates.noindex/Pods.build/Debug-iphonesimulator/SocketRocket.build/DerivedSources-normal/arm64 -I/Users/amrsaied/DerivedData/PaymentsdkExample-fihmfcmcdadiqyacsuppipgwcqpk/Build/Intermediates.noindex/Pods.build/Debug-iphonesimulator/SocketRocket.build/DerivedSources/arm64 -I/Users/amrsaied/DerivedData/PaymentsdkExample-fihmfcmcdadiqyacsuppipgwcqpk/Build/Intermediates.noindex/Pods.build/Debug-iphonesimulator/SocketRocket.build/DerivedSources -F/Users/amrsaied/DerivedData/PaymentsdkExample-fihmfcmcdadiqyacsuppipgwcqpk/Build/Products/Debug-iphonesimulator/SocketRocket

WriteAuxiliaryFile /Users/amrsaied/DerivedData/PaymentsdkExample-fihmfcmcdadiqyacsuppipgwcqpk/Build/Intermediates.noindex/Pods.build/Debug-iphonesimulator/SocketRocket.build/Objects-normal/arm64/SocketRocket.LinkFileList (in target 'SocketRocket' from project 'Pods')
    cd /Users/amrsaied/Documents/Flutter/PayTab/github/react-native-paytabs-library/example/ios/Pods
    write-file /Users/amrsaied/DerivedData/PaymentsdkExample-fihmfcmcdadiqyacsuppipgwcqpk/Build/Intermediates.noindex/Pods.build/Debug-iphonesimulator/SocketRocket.build/Objects-normal/arm64/SocketRocket.LinkFileList

MkDir /Users/amrsaied/DerivedData/PaymentsdkExample-fihmfcmcdadiqyacsuppipgwcqpk/Build/Products/Debug-iphonesimulator/boost/boost_privacy.bundle (in target 'boost-boost_privacy' from project 'Pods')
    cd /Users/amrsaied/Documents/Flutter/PayTab/github/react-native-paytabs-library/example/ios/Pods
    /bin/mkdir -p /Users/amrsaied/DerivedData/PaymentsdkExample-fihmfcmcdadiqyacsuppipgwcqpk/Build/Products/Debug-iphonesimulator/boost/boost_privacy.bundle

WriteAuxiliaryFile /Users/amrsaied/DerivedData/PaymentsdkExample-fihmfcmcdadiqyacsuppipgwcqpk/Build/Intermediates.noindex/Pods.build/Debug-iphonesimulator/ReactCommon.build/ReactCommon.DependencyStaticMetadataFileList (in target 'ReactCommon' from project 'Pods')
    cd /Users/amrsaied/Documents/Flutter/PayTab/github/react-native-paytabs-library/example/ios/Pods
    write-file /Users/amrsaied/DerivedData/PaymentsdkExample-fihmfcmcdadiqyacsuppipgwcqpk/Build/Intermediates.noindex/Pods.build/Debug-iphonesimulator/ReactCommon.build/ReactCommon.DependencyStaticMetadataFileList

WriteAuxiliaryFile /Users/amrsaied/DerivedData/PaymentsdkExample-fihmfcmcdadiqyacsuppipgwcqpk/Build/Intermediates.noindex/Pods.build/Debug-iphonesimulator/ReactCommon.build/ReactCommon.DependencyMetadataFileList (in target 'ReactCommon' from project 'Pods')
    cd /Users/amrsaied/Documents/Flutter/PayTab/github/react-native-paytabs-library/example/ios/Pods
    write-file /Users/amrsaied/DerivedData/PaymentsdkExample-fihmfcmcdadiqyacsuppipgwcqpk/Build/Intermediates.noindex/Pods.build/Debug-iphonesimulator/ReactCommon.build/ReactCommon.DependencyMetadataFileList

WriteAuxiliaryFile /Users/amrsaied/DerivedData/PaymentsdkExample-fihmfcmcdadiqyacsuppipgwcqpk/Build/Intermediates.noindex/Pods.build/Debug-iphonesimulator/ReactCommon.build/ReactCommon-project-headers.hmap (in target 'ReactCommon' from project 'Pods')
    cd /Users/amrsaied/Documents/Flutter/PayTab/github/react-native-paytabs-library/example/ios/Pods
    write-file /Users/amrsaied/DerivedData/PaymentsdkExample-fihmfcmcdadiqyacsuppipgwcqpk/Build/Intermediates.noindex/Pods.build/Debug-iphonesimulator/ReactCommon.build/ReactCommon-project-headers.hmap

WriteAuxiliaryFile /Users/amrsaied/DerivedData/PaymentsdkExample-fihmfcmcdadiqyacsuppipgwcqpk/Build/Intermediates.noindex/Pods.build/Debug-iphonesimulator/ReactCommon.build/ReactCommon-own-target-headers.hmap (in target 'ReactCommon' from project 'Pods')
    cd /Users/amrsaied/Documents/Flutter/PayTab/github/react-native-paytabs-library/example/ios/Pods
    write-file /Users/amrsaied/DerivedData/PaymentsdkExample-fihmfcmcdadiqyacsuppipgwcqpk/Build/Intermediates.noindex/Pods.build/Debug-iphonesimulator/ReactCommon.build/ReactCommon-own-target-headers.hmap

WriteAuxiliaryFile /Users/amrsaied/DerivedData/PaymentsdkExample-fihmfcmcdadiqyacsuppipgwcqpk/Build/Intermediates.noindex/Pods.build/Debug-iphonesimulator/ReactCommon.build/Objects-normal/arm64/e6072d4f65d7061329687fe24e3d63a7-common-args.resp (in target 'ReactCommon' from project 'Pods')
    cd /Users/amrsaied/Documents/Flutter/PayTab/github/react-native-paytabs-library/example/ios/Pods
    write-file /Users/amrsaied/DerivedData/PaymentsdkExample-fihmfcmcdadiqyacsuppipgwcqpk/Build/Intermediates.noindex/Pods.build/Debug-iphonesimulator/ReactCommon.build/Objects-normal/arm64/e6072d4f65d7061329687fe24e3d63a7-common-args.resp
-target arm64-apple-ios15.1-simulator '-std=gnu11' -fobjc-arc -fmodules '-fmodules-cache-path=/Users/amrsaied/DerivedData/ModuleCache.noindex' '-fmodule-name=ReactCommon' -fpascal-strings -O0 -fno-common -pedantic '-DPOD_CONFIGURATION_DEBUG=1' '-DDEBUG=1' '-DCOCOAPODS=1' '-DOBJC_OLD_DISPATCH_PROTOTYPES=0' -isysroot /Applications/Xcode.app/Contents/Developer/Platforms/iPhoneSimulator.platform/Developer/SDKs/iPhoneSimulator26.2.sdk -g '-fobjc-abi-version=2' -fobjc-legacy-dispatch -iquote /Users/amrsaied/DerivedData/PaymentsdkExample-fihmfcmcdadiqyacsuppipgwcqpk/Build/Intermediates.noindex/Pods.build/Debug-iphonesimulator/ReactCommon.build/ReactCommon-generated-files.hmap -I/Users/amrsaied/DerivedData/PaymentsdkExample-fihmfcmcdadiqyacsuppipgwcqpk/Build/Intermediates.noindex/Pods.build/Debug-iphonesimulator/ReactCommon.build/ReactCommon-own-target-headers.hmap -I/Users/amrsaied/DerivedData/PaymentsdkExample-fihmfcmcdadiqyacsuppipgwcqpk/Build/Intermediates.noindex/Pods.build/Debug-iphonesimulator/ReactCommon.build/ReactCommon-all-non-framework-target-headers.hmap -ivfsoverlay /Users/amrsaied/DerivedData/PaymentsdkExample-fihmfcmcdadiqyacsuppipgwcqpk/Build/Intermediates.noindex/Pods.build/Debug-iphonesimulator/Pods-8699adb1dd336b26511df848a716bd42-VFS-iphonesimulator/all-product-headers.yaml -iquote /Users/amrsaied/DerivedData/PaymentsdkExample-fihmfcmcdadiqyacsuppipgwcqpk/Build/Intermediates.noindex/Pods.build/Debug-iphonesimulator/ReactCommon.build/ReactCommon-project-headers.hmap -I/Users/amrsaied/DerivedData/PaymentsdkExample-fihmfcmcdadiqyacsuppipgwcqpk/Build/Products/Debug-iphonesimulator/ReactCommon/include -I/Users/amrsaied/Documents/Flutter/PayTab/github/react-native-paytabs-library/example/ios/Pods/Headers/Private -I/Users/amrsaied/Documents/Flutter/PayTab/github/react-native-paytabs-library/example/ios/Pods/Headers/Private/ReactCommon -I/Users/amrsaied/Documents/Flutter/PayTab/github/react-native-paytabs-library/example/ios/Pods/Headers/Public -I/Users/amrsaied/Documents/Flutter/PayTab/github/react-native-paytabs-library/example/ios/Pods/Headers/Public/DoubleConversion -I/Users/amrsaied/Documents/Flutter/PayTab/github/react-native-paytabs-library/example/ios/Pods/Headers/Public/RCT-Folly -I/Users/amrsaied/Documents/Flutter/PayTab/github/react-native-paytabs-library/example/ios/Pods/Headers/Public/React-callinvoker -I/Users/amrsaied/Documents/Flutter/PayTab/github/react-native-paytabs-library/example/ios/Pods/Headers/Public/React-cxxreact -I/Users/amrsaied/Documents/Flutter/PayTab/github/react-native-paytabs-library/example/ios/Pods/Headers/Public/React-debug -I/Users/amrsaied/Documents/Flutter/PayTab/github/react-native-paytabs-library/example/ios/Pods/Headers/Public/React-featureflags -I/Users/amrsaied/Documents/Flutter/PayTab/github/react-native-paytabs-library/example/ios/Pods/Headers/Public/React-hermes -I/Users/amrsaied/Documents/Flutter/PayTab/github/react-native-paytabs-library/example/ios/Pods/Headers/Public/React-jsi -I/Users/amrsaied/Documents/Flutter/PayTab/github/react-native-paytabs-library/example/ios/Pods/Headers/Public/React-jsiexecutor -I/Users/amrsaied/Documents/Flutter/PayTab/github/react-native-paytabs-library/example/ios/Pods/Headers/Public/React-jsinspector -I/Users/amrsaied/Documents/Flutter/PayTab/github/react-native-paytabs-library/example/ios/Pods/Headers/Public/React-jsinspectortracing -I/Users/amrsaied/Documents/Flutter/PayTab/github/react-native-paytabs-library/example/ios/Pods/Headers/Public/React-logger -I/Users/amrsaied/Documents/Flutter/PayTab/github/react-native-paytabs-library/example/ios/Pods/Headers/Public/React-oscompat -I/Users/amrsaied/Documents/Flutter/PayTab/github/react-native-paytabs-library/example/ios/Pods/Headers/Public/React-perflogger -I/Users/amrsaied/Documents/Flutter/PayTab/github/react-native-paytabs-library/example/ios/Pods/Headers/Public/React-runtimeexecutor -I/Users/amrsaied/Documents/Flutter/PayTab/github/react-native-paytabs-library/example/ios/Pods/Headers/Public/React-timing -I/Users/amrsaied/Documents/Flutter/PayTab/github/react-native-paytabs-library/example/ios/Pods/Headers/Public/React-utils -I/Users/amrsaied/Documents/Flutter/PayTab/github/react-native-paytabs-library/example/ios/Pods/Headers/Public/ReactCommon -I/Users/amrsaied/Documents/Flutter/PayTab/github/react-native-paytabs-library/example/ios/Pods/Headers/Public/boost -I/Users/amrsaied/Documents/Flutter/PayTab/github/react-native-paytabs-library/example/ios/Pods/Headers/Public/fast_float -I/Users/amrsaied/Documents/Flutter/PayTab/github/react-native-paytabs-library/example/ios/Pods/Headers/Public/fmt -I/Users/amrsaied/Documents/Flutter/PayTab/github/react-native-paytabs-library/example/ios/Pods/Headers/Public/glog -I/Users/amrsaied/Documents/Flutter/PayTab/github/react-native-paytabs-library/example/ios/Pods/Headers/Public/hermes-engine -I/Users/amrsaied/Documents/Flutter/PayTab/github/react-native-paytabs-library/example/ios/Pods/boost -I/Users/amrsaied/Documents/Flutter/PayTab/github/react-native-paytabs-library/example/ios/Pods/RCT-Folly -I/Users/amrsaied/Documents/Flutter/PayTab/github/react-native-paytabs-library/example/ios/Pods/DoubleConversion -I/Users/amrsaied/Documents/Flutter/PayTab/github/react-native-paytabs-library/example/ios/Pods/fast_float/include -I/Users/amrsaied/Documents/Flutter/PayTab/github/react-native-paytabs-library/example/ios/Pods/fmt/include -I/Users/amrsaied/Documents/Flutter/PayTab/github/react-native-paytabs-library/example/ios/Pods/Headers/Private/React-Core -I/Users/amrsaied/Documents/Flutter/PayTab/github/react-native-paytabs-library/example/ios/Pods/boost -I/Users/amrsaied/Documents/Flutter/PayTab/github/react-native-paytabs-library/example/ios/Pods/RCT-Folly -I/Users/amrsaied/Documents/Flutter/PayTab/github/react-native-paytabs-library/example/ios/Pods/DoubleConversion -I/Users/amrsaied/Documents/Flutter/PayTab/github/react-native-paytabs-library/example/ios/Pods/fast_float/include -I/Users/amrsaied/Documents/Flutter/PayTab/github/react-native-paytabs-library/example/ios/Pods/fmt/include -I/Users/amrsaied/Documents/Flutter/PayTab/github/react-native-paytabs-library/example/ios/Pods/Headers/Private/React-Core -I/Users/amrsaied/Documents/Flutter/PayTab/github/react-native-paytabs-library/example/node_modules/react-native/ReactCommon/ReactCommon -I/Users/amrsaied/Documents/Flutter/PayTab/github/react-native-paytabs-library/example/ios/Pods/RCT-Folly -I/Users/amrsaied/Documents/Flutter/PayTab/github/react-native-paytabs-library/example/ios/Pods/boost -I/Users/amrsaied/Documents/Flutter/PayTab/github/react-native-paytabs-library/example/ios/Pods/RCT-Folly -I/Users/amrsaied/Documents/Flutter/PayTab/github/react-native-paytabs-library/example/ios/Pods/DoubleConversion -I/Users/amrsaied/Documents/Flutter/PayTab/github/react-native-paytabs-library/example/ios/Pods/fast_float/include -I/Users/amrsaied/Documents/Flutter/PayTab/github/react-native-paytabs-library/example/ios/Pods/fmt/include -I/Users/amrsaied/Documents/Flutter/PayTab/github/react-native-paytabs-library/example/ios/Pods/Headers/Private/React-Core -I/Users/amrsaied/Documents/Flutter/PayTab/github/react-native-paytabs-library/example/node_modules/react-native/ReactCommon/ReactCommon -I/Users/amrsaied/DerivedData/PaymentsdkExample-fihmfcmcdadiqyacsuppipgwcqpk/Build/Products/Debug-iphonesimulator/React-debug/React_debug.framework/Headers -I/Users/amrsaied/DerivedData/PaymentsdkExample-fihmfcmcdadiqyacsuppipgwcqpk/Build/Products/Debug-iphonesimulator/React-debug/React_featureflags.framework/Headers -I/Users/amrsaied/DerivedData/PaymentsdkExample-fihmfcmcdadiqyacsuppipgwcqpk/Build/Products/Debug-iphonesimulator/React-utils/React_utils.framework/Headers -I/Users/amrsaied/DerivedData/PaymentsdkExample-fihmfcmcdadiqyacsuppipgwcqpk/Build/Intermediates.noindex/Pods.build/Debug-iphonesimulator/ReactCommon.build/DerivedSources-normal/arm64 -I/Users/amrsaied/DerivedData/PaymentsdkExample-fihmfcmcdadiqyacsuppipgwcqpk/Build/Intermediates.noindex/Pods.build/Debug-iphonesimulator/ReactCommon.build/DerivedSources/arm64 -I/Users/amrsaied/DerivedData/PaymentsdkExample-fihmfcmcdadiqyacsuppipgwcqpk/Build/Intermediates.noindex/Pods.build/Debug-iphonesimulator/ReactCommon.build/DerivedSources -F/Users/amrsaied/DerivedData/PaymentsdkExample-fihmfcmcdadiqyacsuppipgwcqpk/Build/Products/Debug-iphonesimulator/ReactCommon -F/Users/amrsaied/Documents/Flutter/PayTab/github/react-native-paytabs-library/example/ios/Pods/hermes-engine/destroot/Library/Frameworks/universal -F/Users/amrsaied/DerivedData/PaymentsdkExample-fihmfcmcdadiqyacsuppipgwcqpk/Build/Products/Debug-iphonesimulator/XCFrameworkIntermediates/hermes-engine/Pre-built '-fmodule-map-file=/Users/amrsaied/Documents/Flutter/PayTab/github/react-native-paytabs-library/example/ios/Pods/Headers/Public/folly/RCT-Folly.modulemap' '-fmodule-map-file=/Users/amrsaied/Documents/Flutter/PayTab/github/react-native-paytabs-library/example/ios/Pods/Headers/Public/jsi/React-jsi.modulemap' '-fmodule-map-file=/Users/amrsaied/Documents/Flutter/PayTab/github/react-native-paytabs-library/example/ios/Pods/Headers/Public/jsinspector_modern/React-jsinspector.modulemap' '-fmodule-map-file=/Users/amrsaied/Documents/Flutter/PayTab/github/react-native-paytabs-library/example/ios/Pods/Headers/Public/jsinspector_modern_tracing/React-jsinspectortracing.modulemap' '-fmodule-map-file=/Users/amrsaied/Documents/Flutter/PayTab/github/react-native-paytabs-library/example/ios/Pods/Headers/Public/react_debug/React-debug.modulemap' '-fmodule-map-file=/Users/amrsaied/Documents/Flutter/PayTab/github/react-native-paytabs-library/example/ios/Pods/Headers/Public/react_featureflags/React-featureflags.modulemap' '-fmodule-map-file=/Users/amrsaied/Documents/Flutter/PayTab/github/react-native-paytabs-library/example/ios/Pods/Headers/Public/react_utils/React-utils.modulemap' '-fmodule-map-file=/Users/amrsaied/Documents/Flutter/PayTab/github/react-native-paytabs-library/example/ios/Pods/Headers/Public/reacthermes/React-hermes.modulemap'

WriteAuxiliaryFile /Users/amrsaied/DerivedData/PaymentsdkExample-fihmfcmcdadiqyacsuppipgwcqpk/Build/Intermediates.noindex/Pods.build/Debug-iphonesimulator/ReactCommon.build/Objects-normal/arm64/ReactCommon.LinkFileList (in target 'ReactCommon' from project 'Pods')
    cd /Users/amrsaied/Documents/Flutter/PayTab/github/react-native-paytabs-library/example/ios/Pods
    write-file /Users/amrsaied/DerivedData/PaymentsdkExample-fihmfcmcdadiqyacsuppipgwcqpk/Build/Intermediates.noindex/Pods.build/Debug-iphonesimulator/ReactCommon.build/Objects-normal/arm64/ReactCommon.LinkFileList

WriteAuxiliaryFile /Users/amrsaied/DerivedData/PaymentsdkExample-fihmfcmcdadiqyacsuppipgwcqpk/Build/Intermediates.noindex/Pods.build/Debug-iphonesimulator/ReactCommon.build/Objects-normal/arm64/82b82416624d2658e5098eb0a28c15c5-common-args.resp (in target 'ReactCommon' from project 'Pods')
    cd /Users/amrsaied/Documents/Flutter/PayTab/github/react-native-paytabs-library/example/ios/Pods
    write-file /Users/amrsaied/DerivedData/PaymentsdkExample-fihmfcmcdadiqyacsuppipgwcqpk/Build/Intermediates.noindex/Pods.build/Debug-iphonesimulator/ReactCommon.build/Objects-normal/arm64/82b82416624d2658e5098eb0a28c15c5-common-args.resp
-target arm64-apple-ios15.1-simulator '-std=c++20' '-stdlib=libc++' -fmodules -fno-cxx-modules '-fmodules-cache-path=/Users/amrsaied/DerivedData/ModuleCache.noindex' '-fmodule-name=ReactCommon' '-D_LIBCPP_HARDENING_MODE=_LIBCPP_HARDENING_MODE_DEBUG' -fpascal-strings -O0 -fno-common -pedantic '-DPOD_CONFIGURATION_DEBUG=1' '-DDEBUG=1' '-DCOCOAPODS=1' -isysroot /Applications/Xcode.app/Contents/Developer/Platforms/iPhoneSimulator.platform/Developer/SDKs/iPhoneSimulator26.2.sdk -g -iquote /Users/amrsaied/DerivedData/PaymentsdkExample-fihmfcmcdadiqyacsuppipgwcqpk/Build/Intermediates.noindex/Pods.build/Debug-iphonesimulator/ReactCommon.build/ReactCommon-generated-files.hmap -I/Users/amrsaied/DerivedData/PaymentsdkExample-fihmfcmcdadiqyacsuppipgwcqpk/Build/Intermediates.noindex/Pods.build/Debug-iphonesimulator/ReactCommon.build/ReactCommon-own-target-headers.hmap -I/Users/amrsaied/DerivedData/PaymentsdkExample-fihmfcmcdadiqyacsuppipgwcqpk/Build/Intermediates.noindex/Pods.build/Debug-iphonesimulator/ReactCommon.build/ReactCommon-all-non-framework-target-headers.hmap -ivfsoverlay /Users/amrsaied/DerivedData/PaymentsdkExample-fihmfcmcdadiqyacsuppipgwcqpk/Build/Intermediates.noindex/Pods.build/Debug-iphonesimulator/Pods-8699adb1dd336b26511df848a716bd42-VFS-iphonesimulator/all-product-headers.yaml -iquote /Users/amrsaied/DerivedData/PaymentsdkExample-fihmfcmcdadiqyacsuppipgwcqpk/Build/Intermediates.noindex/Pods.build/Debug-iphonesimulator/ReactCommon.build/ReactCommon-project-headers.hmap -I/Users/amrsaied/DerivedData/PaymentsdkExample-fihmfcmcdadiqyacsuppipgwcqpk/Build/Products/Debug-iphonesimulator/ReactCommon/include -I/Users/amrsaied/Documents/Flutter/PayTab/github/react-native-paytabs-library/example/ios/Pods/Headers/Private -I/Users/amrsaied/Documents/Flutter/PayTab/github/react-native-paytabs-library/example/ios/Pods/Headers/Private/ReactCommon -I/Users/amrsaied/Documents/Flutter/PayTab/github/react-native-paytabs-library/example/ios/Pods/Headers/Public -I/Users/amrsaied/Documents/Flutter/PayTab/github/react-native-paytabs-library/example/ios/Pods/Headers/Public/DoubleConversion -I/Users/amrsaied/Documents/Flutter/PayTab/github/react-native-paytabs-library/example/ios/Pods/Headers/Public/RCT-Folly -I/Users/amrsaied/Documents/Flutter/PayTab/github/react-native-paytabs-library/example/ios/Pods/Headers/Public/React-callinvoker -I/Users/amrsaied/Documents/Flutter/PayTab/github/react-native-paytabs-library/example/ios/Pods/Headers/Public/React-cxxreact -I/Users/amrsaied/Documents/Flutter/PayTab/github/react-native-paytabs-library/example/ios/Pods/Headers/Public/React-debug -I/Users/amrsaied/Documents/Flutter/PayTab/github/react-native-paytabs-library/example/ios/Pods/Headers/Public/React-featureflags -I/Users/amrsaied/Documents/Flutter/PayTab/github/react-native-paytabs-library/example/ios/Pods/Headers/Public/React-hermes -I/Users/amrsaied/Documents/Flutter/PayTab/github/react-native-paytabs-library/example/ios/Pods/Headers/Public/React-jsi -I/Users/amrsaied/Documents/Flutter/PayTab/github/react-native-paytabs-library/example/ios/Pods/Headers/Public/React-jsiexecutor -I/Users/amrsaied/Documents/Flutter/PayTab/github/react-native-paytabs-library/example/ios/Pods/Headers/Public/React-jsinspector -I/Users/amrsaied/Documents/Flutter/PayTab/github/react-native-paytabs-library/example/ios/Pods/Headers/Public/React-jsinspectortracing -I/Users/amrsaied/Documents/Flutter/PayTab/github/react-native-paytabs-library/example/ios/Pods/Headers/Public/React-logger -I/Users/amrsaied/Documents/Flutter/PayTab/github/react-native-paytabs-library/example/ios/Pods/Headers/Public/React-oscompat -I/Users/amrsaied/Documents/Flutter/PayTab/github/react-native-paytabs-library/example/ios/Pods/Headers/Public/React-perflogger -I/Users/amrsaied/Documents/Flutter/PayTab/github/react-native-paytabs-library/example/ios/Pods/Headers/Public/React-runtimeexecutor -I/Users/amrsaied/Documents/Flutter/PayTab/github/react-native-paytabs-library/example/ios/Pods/Headers/Public/React-timing -I/Users/amrsaied/Documents/Flutter/PayTab/github/react-native-paytabs-library/example/ios/Pods/Headers/Public/React-utils -I/Users/amrsaied/Documents/Flutter/PayTab/github/react-native-paytabs-library/example/ios/Pods/Headers/Public/ReactCommon -I/Users/amrsaied/Documents/Flutter/PayTab/github/react-native-paytabs-library/example/ios/Pods/Headers/Public/boost -I/Users/amrsaied/Documents/Flutter/PayTab/github/react-native-paytabs-library/example/ios/Pods/Headers/Public/fast_float -I/Users/amrsaied/Documents/Flutter/PayTab/github/react-native-paytabs-library/example/ios/Pods/Headers/Public/fmt -I/Users/amrsaied/Documents/Flutter/PayTab/github/react-native-paytabs-library/example/ios/Pods/Headers/Public/glog -I/Users/amrsaied/Documents/Flutter/PayTab/github/react-native-paytabs-library/example/ios/Pods/Headers/Public/hermes-engine -I/Users/amrsaied/Documents/Flutter/PayTab/github/react-native-paytabs-library/example/ios/Pods/boost -I/Users/amrsaied/Documents/Flutter/PayTab/github/react-native-paytabs-library/example/ios/Pods/RCT-Folly -I/Users/amrsaied/Documents/Flutter/PayTab/github/react-native-paytabs-library/example/ios/Pods/DoubleConversion -I/Users/amrsaied/Documents/Flutter/PayTab/github/react-native-paytabs-library/example/ios/Pods/fast_float/include -I/Users/amrsaied/Documents/Flutter/PayTab/github/react-native-paytabs-library/example/ios/Pods/fmt/include -I/Users/amrsaied/Documents/Flutter/PayTab/github/react-native-paytabs-library/example/ios/Pods/Headers/Private/React-Core -I/Users/amrsaied/Documents/Flutter/PayTab/github/react-native-paytabs-library/example/ios/Pods/boost -I/Users/amrsaied/Documents/Flutter/PayTab/github/react-native-paytabs-library/example/ios/Pods/RCT-Folly -I/Users/amrsaied/Documents/Flutter/PayTab/github/react-native-paytabs-library/example/ios/Pods/DoubleConversion -I/Users/amrsaied/Documents/Flutter/PayTab/github/react-native-paytabs-library/example/ios/Pods/fast_float/include -I/Users/amrsaied/Documents/Flutter/PayTab/github/react-native-paytabs-library/example/ios/Pods/fmt/include -I/Users/amrsaied/Documents/Flutter/PayTab/github/react-native-paytabs-library/example/ios/Pods/Headers/Private/React-Core -I/Users/amrsaied/Documents/Flutter/PayTab/github/react-native-paytabs-library/example/node_modules/react-native/ReactCommon/ReactCommon -I/Users/amrsaied/Documents/Flutter/PayTab/github/react-native-paytabs-library/example/ios/Pods/RCT-Folly -I/Users/amrsaied/Documents/Flutter/PayTab/github/react-native-paytabs-library/example/ios/Pods/boost -I/Users/amrsaied/Documents/Flutter/PayTab/github/react-native-paytabs-library/example/ios/Pods/RCT-Folly -I/Users/amrsaied/Documents/Flutter/PayTab/github/react-native-paytabs-library/example/ios/Pods/DoubleConversion -I/Users/amrsaied/Documents/Flutter/PayTab/github/react-native-paytabs-library/example/ios/Pods/fast_float/include -I/Users/amrsaied/Documents/Flutter/PayTab/github/react-native-paytabs-library/example/ios/Pods/fmt/include -I/Users/amrsaied/Documents/Flutter/PayTab/github/react-native-paytabs-library/example/ios/Pods/Headers/Private/React-Core -I/Users/amrsaied/Documents/Flutter/PayTab/github/react-native-paytabs-library/example/node_modules/react-native/ReactCommon/ReactCommon -I/Users/amrsaied/DerivedData/PaymentsdkExample-fihmfcmcdadiqyacsuppipgwcqpk/Build/Products/Debug-iphonesimulator/React-debug/React_debug.framework/Headers -I/Users/amrsaied/DerivedData/PaymentsdkExample-fihmfcmcdadiqyacsuppipgwcqpk/Build/Products/Debug-iphonesimulator/React-debug/React_featureflags.framework/Headers -I/Users/amrsaied/DerivedData/PaymentsdkExample-fihmfcmcdadiqyacsuppipgwcqpk/Build/Products/Debug-iphonesimulator/React-utils/React_utils.framework/Headers -I/Users/amrsaied/DerivedData/PaymentsdkExample-fihmfcmcdadiqyacsuppipgwcqpk/Build/Intermediates.noindex/Pods.build/Debug-iphonesimulator/ReactCommon.build/DerivedSources-normal/arm64 -I/Users/amrsaied/DerivedData/PaymentsdkExample-fihmfcmcdadiqyacsuppipgwcqpk/Build/Intermediates.noindex/Pods.build/Debug-iphonesimulator/ReactCommon.build/DerivedSources/arm64 -I/Users/amrsaied/DerivedData/PaymentsdkExample-fihmfcmcdadiqyacsuppipgwcqpk/Build/Intermediates.noindex/Pods.build/Debug-iphonesimulator/ReactCommon.build/DerivedSources -F/Users/amrsaied/DerivedData/PaymentsdkExample-fihmfcmcdadiqyacsuppipgwcqpk/Build/Products/Debug-iphonesimulator/ReactCommon -F/Users/amrsaied/Documents/Flutter/PayTab/github/react-native-paytabs-library/example/ios/Pods/hermes-engine/destroot/Library/Frameworks/universal -F/Users/amrsaied/DerivedData/PaymentsdkExample-fihmfcmcdadiqyacsuppipgwcqpk/Build/Products/Debug-iphonesimulator/XCFrameworkIntermediates/hermes-engine/Pre-built '-fmodule-map-file=/Users/amrsaied/Documents/Flutter/PayTab/github/react-native-paytabs-library/example/ios/Pods/Headers/Public/folly/RCT-Folly.modulemap' '-fmodule-map-file=/Users/amrsaied/Documents/Flutter/PayTab/github/react-native-paytabs-library/example/ios/Pods/Headers/Public/jsi/React-jsi.modulemap' '-fmodule-map-file=/Users/amrsaied/Documents/Flutter/PayTab/github/react-native-paytabs-library/example/ios/Pods/Headers/Public/jsinspector_modern/React-jsinspector.modulemap' '-fmodule-map-file=/Users/amrsaied/Documents/Flutter/PayTab/github/react-native-paytabs-library/example/ios/Pods/Headers/Public/jsinspector_modern_tracing/React-jsinspectortracing.modulemap' '-fmodule-map-file=/Users/amrsaied/Documents/Flutter/PayTab/github/react-native-paytabs-library/example/ios/Pods/Headers/Public/react_debug/React-debug.modulemap' '-fmodule-map-file=/Users/amrsaied/Documents/Flutter/PayTab/github/react-native-paytabs-library/example/ios/Pods/Headers/Public/react_featureflags/React-featureflags.modulemap' '-fmodule-map-file=/Users/amrsaied/Documents/Flutter/PayTab/github/react-native-paytabs-library/example/ios/Pods/Headers/Public/react_utils/React-utils.modulemap' '-fmodule-map-file=/Users/amrsaied/Documents/Flutter/PayTab/github/react-native-paytabs-library/example/ios/Pods/Headers/Public/reacthermes/React-hermes.modulemap'

WriteAuxiliaryFile /Users/amrsaied/DerivedData/PaymentsdkExample-fihmfcmcdadiqyacsuppipgwcqpk/Build/Intermediates.noindex/Pods.build/Debug-iphonesimulator/ReactCodegen.build/Script-46EB2E0001C2C0.sh (in target 'ReactCodegen' from project 'Pods')
    cd /Users/amrsaied/Documents/Flutter/PayTab/github/react-native-paytabs-library/example/ios/Pods
    write-file /Users/amrsaied/DerivedData/PaymentsdkExample-fihmfcmcdadiqyacsuppipgwcqpk/Build/Intermediates.noindex/Pods.build/Debug-iphonesimulator/ReactCodegen.build/Script-46EB2E0001C2C0.sh

WriteAuxiliaryFile /Users/amrsaied/DerivedData/PaymentsdkExample-fihmfcmcdadiqyacsuppipgwcqpk/Build/Intermediates.noindex/Pods.build/Debug-iphonesimulator/ReactCodegen.build/ReactCodegen.hmap (in target 'ReactCodegen' from project 'Pods')
    cd /Users/amrsaied/Documents/Flutter/PayTab/github/react-native-paytabs-library/example/ios/Pods
    write-file /Users/amrsaied/DerivedData/PaymentsdkExample-fihmfcmcdadiqyacsuppipgwcqpk/Build/Intermediates.noindex/Pods.build/Debug-iphonesimulator/ReactCodegen.build/ReactCodegen.hmap

WriteAuxiliaryFile /Users/amrsaied/DerivedData/PaymentsdkExample-fihmfcmcdadiqyacsuppipgwcqpk/Build/Intermediates.noindex/Pods.build/Debug-iphonesimulator/ReactCodegen.build/ReactCodegen.DependencyStaticMetadataFileList (in target 'ReactCodegen' from project 'Pods')
    cd /Users/amrsaied/Documents/Flutter/PayTab/github/react-native-paytabs-library/example/ios/Pods
    write-file /Users/amrsaied/DerivedData/PaymentsdkExample-fihmfcmcdadiqyacsuppipgwcqpk/Build/Intermediates.noindex/Pods.build/Debug-iphonesimulator/ReactCodegen.build/ReactCodegen.DependencyStaticMetadataFileList

WriteAuxiliaryFile /Users/amrsaied/DerivedData/PaymentsdkExample-fihmfcmcdadiqyacsuppipgwcqpk/Build/Intermediates.noindex/Pods.build/Debug-iphonesimulator/ReactCodegen.build/ReactCodegen.DependencyMetadataFileList (in target 'ReactCodegen' from project 'Pods')
    cd /Users/amrsaied/Documents/Flutter/PayTab/github/react-native-paytabs-library/example/ios/Pods
    write-file /Users/amrsaied/DerivedData/PaymentsdkExample-fihmfcmcdadiqyacsuppipgwcqpk/Build/Intermediates.noindex/Pods.build/Debug-iphonesimulator/ReactCodegen.build/ReactCodegen.DependencyMetadataFileList

WriteAuxiliaryFile /Users/amrsaied/DerivedData/PaymentsdkExample-fihmfcmcdadiqyacsuppipgwcqpk/Build/Intermediates.noindex/Pods.build/Debug-iphonesimulator/ReactCodegen.build/ReactCodegen-project-headers.hmap (in target 'ReactCodegen' from project 'Pods')
    cd /Users/amrsaied/Documents/Flutter/PayTab/github/react-native-paytabs-library/example/ios/Pods
    write-file /Users/amrsaied/DerivedData/PaymentsdkExample-fihmfcmcdadiqyacsuppipgwcqpk/Build/Intermediates.noindex/Pods.build/Debug-iphonesimulator/ReactCodegen.build/ReactCodegen-project-headers.hmap

WriteAuxiliaryFile /Users/amrsaied/DerivedData/PaymentsdkExample-fihmfcmcdadiqyacsuppipgwcqpk/Build/Intermediates.noindex/Pods.build/Debug-iphonesimulator/ReactCodegen.build/ReactCodegen-own-target-headers.hmap (in target 'ReactCodegen' from project 'Pods')
    cd /Users/amrsaied/Documents/Flutter/PayTab/github/react-native-paytabs-library/example/ios/Pods
    write-file /Users/amrsaied/DerivedData/PaymentsdkExample-fihmfcmcdadiqyacsuppipgwcqpk/Build/Intermediates.noindex/Pods.build/Debug-iphonesimulator/ReactCodegen.build/ReactCodegen-own-target-headers.hmap

WriteAuxiliaryFile /Users/amrsaied/DerivedData/PaymentsdkExample-fihmfcmcdadiqyacsuppipgwcqpk/Build/Intermediates.noindex/Pods.build/Debug-iphonesimulator/ReactCodegen.build/ReactCodegen-generated-files.hmap (in target 'ReactCodegen' from project 'Pods')
    cd /Users/amrsaied/Documents/Flutter/PayTab/github/react-native-paytabs-library/example/ios/Pods
    write-file /Users/amrsaied/DerivedData/PaymentsdkExample-fihmfcmcdadiqyacsuppipgwcqpk/Build/Intermediates.noindex/Pods.build/Debug-iphonesimulator/ReactCodegen.build/ReactCodegen-generated-files.hmap

WriteAuxiliaryFile /Users/amrsaied/DerivedData/PaymentsdkExample-fihmfcmcdadiqyacsuppipgwcqpk/Build/Intermediates.noindex/Pods.build/Debug-iphonesimulator/ReactCodegen.build/ReactCodegen-all-target-headers.hmap (in target 'ReactCodegen' from project 'Pods')
    cd /Users/amrsaied/Documents/Flutter/PayTab/github/react-native-paytabs-library/example/ios/Pods
    write-file /Users/amrsaied/DerivedData/PaymentsdkExample-fihmfcmcdadiqyacsuppipgwcqpk/Build/Intermediates.noindex/Pods.build/Debug-iphonesimulator/ReactCodegen.build/ReactCodegen-all-target-headers.hmap

WriteAuxiliaryFile /Users/amrsaied/DerivedData/PaymentsdkExample-fihmfcmcdadiqyacsuppipgwcqpk/Build/Intermediates.noindex/Pods.build/Debug-iphonesimulator/ReactCodegen.build/ReactCodegen-all-non-framework-target-headers.hmap (in target 'ReactCodegen' from project 'Pods')
    cd /Users/amrsaied/Documents/Flutter/PayTab/github/react-native-paytabs-library/example/ios/Pods
    write-file /Users/amrsaied/DerivedData/PaymentsdkExample-fihmfcmcdadiqyacsuppipgwcqpk/Build/Intermediates.noindex/Pods.build/Debug-iphonesimulator/ReactCodegen.build/ReactCodegen-all-non-framework-target-headers.hmap

WriteAuxiliaryFile /Users/amrsaied/DerivedData/PaymentsdkExample-fihmfcmcdadiqyacsuppipgwcqpk/Build/Intermediates.noindex/Pods.build/Debug-iphonesimulator/ReactCodegen.build/Objects-normal/arm64/e6072d4f65d7061329687fe24e3d63a7-common-args.resp (in target 'ReactCodegen' from project 'Pods')
    cd /Users/amrsaied/Documents/Flutter/PayTab/github/react-native-paytabs-library/example/ios/Pods
    write-file /Users/amrsaied/DerivedData/PaymentsdkExample-fihmfcmcdadiqyacsuppipgwcqpk/Build/Intermediates.noindex/Pods.build/Debug-iphonesimulator/ReactCodegen.build/Objects-normal/arm64/e6072d4f65d7061329687fe24e3d63a7-common-args.resp
-target arm64-apple-ios15.1-simulator '-std=gnu11' -fobjc-arc -fmodules '-fmodules-cache-path=/Users/amrsaied/DerivedData/ModuleCache.noindex' -fpascal-strings -O0 -fno-common '-DPOD_CONFIGURATION_DEBUG=1' '-DDEBUG=1' '-DCOCOAPODS=1' '-DOBJC_OLD_DISPATCH_PROTOTYPES=0' -isysroot /Applications/Xcode.app/Contents/Developer/Platforms/iPhoneSimulator.platform/Developer/SDKs/iPhoneSimulator26.2.sdk -g '-fobjc-abi-version=2' -fobjc-legacy-dispatch -iquote /Users/amrsaied/DerivedData/PaymentsdkExample-fihmfcmcdadiqyacsuppipgwcqpk/Build/Intermediates.noindex/Pods.build/Debug-iphonesimulator/ReactCodegen.build/ReactCodegen-generated-files.hmap -I/Users/amrsaied/DerivedData/PaymentsdkExample-fihmfcmcdadiqyacsuppipgwcqpk/Build/Intermediates.noindex/Pods.build/Debug-iphonesimulator/ReactCodegen.build/ReactCodegen-own-target-headers.hmap -I/Users/amrsaied/DerivedData/PaymentsdkExample-fihmfcmcdadiqyacsuppipgwcqpk/Build/Intermediates.noindex/Pods.build/Debug-iphonesimulator/ReactCodegen.build/ReactCodegen-all-non-framework-target-headers.hmap -ivfsoverlay /Users/amrsaied/DerivedData/PaymentsdkExample-fihmfcmcdadiqyacsuppipgwcqpk/Build/Intermediates.noindex/Pods.build/Debug-iphonesimulator/Pods-8699adb1dd336b26511df848a716bd42-VFS-iphonesimulator/all-product-headers.yaml -iquote /Users/amrsaied/DerivedData/PaymentsdkExample-fihmfcmcdadiqyacsuppipgwcqpk/Build/Intermediates.noindex/Pods.build/Debug-iphonesimulator/ReactCodegen.build/ReactCodegen-project-headers.hmap -I/Users/amrsaied/DerivedData/PaymentsdkExample-fihmfcmcdadiqyacsuppipgwcqpk/Build/Products/Debug-iphonesimulator/ReactCodegen/include -I/Users/amrsaied/Documents/Flutter/PayTab/github/react-native-paytabs-library/example/ios/Pods/Headers/Private -I/Users/amrsaied/Documents/Flutter/PayTab/github/react-native-paytabs-library/example/ios/Pods/Headers/Private/ReactCodegen -I/Users/amrsaied/Documents/Flutter/PayTab/github/react-native-paytabs-library/example/ios/Pods/Headers/Public -I/Users/amrsaied/Documents/Flutter/PayTab/github/react-native-paytabs-library/example/ios/Pods/Headers/Public/DoubleConversion -I/Users/amrsaied/Documents/Flutter/PayTab/github/react-native-paytabs-library/example/ios/Pods/Headers/Public/FBLazyVector -I/Users/amrsaied/Documents/Flutter/PayTab/github/react-native-paytabs-library/example/ios/Pods/Headers/Public/RCT-Folly -I/Users/amrsaied/Documents/Flutter/PayTab/github/react-native-paytabs-library/example/ios/Pods/Headers/Public/RCTRequired -I/Users/amrsaied/Documents/Flutter/PayTab/github/react-native-paytabs-library/example/ios/Pods/Headers/Public/RCTTypeSafety -I/Users/amrsaied/Documents/Flutter/PayTab/github/react-native-paytabs-library/example/ios/Pods/Headers/Public/React-Core -I/Users/amrsaied/Documents/Flutter/PayTab/github/react-native-paytabs-library/example/ios/Pods/Headers/Public/React-Fabric -I/Users/amrsaied/Documents/Flutter/PayTab/github/react-native-paytabs-library/example/ios/Pods/Headers/Public/React-FabricComponents -I/Users/amrsaied/Documents/Flutter/PayTab/github/react-native-paytabs-library/example/ios/Pods/Headers/Public/React-FabricImage -I/Users/amrsaied/Documents/Flutter/PayTab/github/react-native-paytabs-library/example/ios/Pods/Headers/Public/React-ImageManager -I/Users/amrsaied/Documents/Flutter/PayTab/github/react-native-paytabs-library/example/ios/Pods/Headers/Public/React-Mapbuffer -I/Users/amrsaied/Documents/Flutter/PayTab/github/react-native-paytabs-library/example/ios/Pods/Headers/Public/React-NativeModulesApple -I/Users/amrsaied/Documents/Flutter/PayTab/github/react-native-paytabs-library/example/ios/Pods/Headers/Public/React-RCTAnimation -I/Users/amrsaied/Documents/Flutter/PayTab/github/react-native-paytabs-library/example/ios/Pods/Headers/Public/React-RCTBlob -I/Users/amrsaied/Documents/Flutter/PayTab/github/react-native-paytabs-library/example/ios/Pods/Headers/Public/React-RCTFBReactNativeSpec -I/Users/amrsaied/Documents/Flutter/PayTab/github/react-native-paytabs-library/example/ios/Pods/Headers/Public/React-RCTFabric -I/Users/amrsaied/Documents/Flutter/PayTab/github/react-native-paytabs-library/example/ios/Pods/Headers/Public/React-RCTRuntime -I/Users/amrsaied/Documents/Flutter/PayTab/github/react-native-paytabs-library/example/ios/Pods/Headers/Public/React-RCTText -I/Users/amrsaied/Documents/Flutter/PayTab/github/react-native-paytabs-library/example/ios/Pods/Headers/Public/React-RuntimeApple -I/Users/amrsaied/Documents/Flutter/PayTab/github/react-native-paytabs-library/example/ios/Pods/Headers/Public/React-RuntimeCore -I/Users/amrsaied/Documents/Flutter/PayTab/github/react-native-paytabs-library/example/ios/Pods/Headers/Public/React-RuntimeHermes -I/Users/amrsaied/Documents/Flutter/PayTab/github/react-native-paytabs-library/example/ios/Pods/Headers/Public/React-callinvoker -I/Users/amrsaied/Documents/Flutter/PayTab/github/react-native-paytabs-library/example/ios/Pods/Headers/Public/React-cxxreact -I/Users/amrsaied/Documents/Flutter/PayTab/github/react-native-paytabs-library/example/ios/Pods/Headers/Public/React-debug -I/Users/amrsaied/Documents/Flutter/PayTab/github/react-native-paytabs-library/example/ios/Pods/Headers/Public/React-defaultsnativemodule -I/Users/amrsaied/Documents/Flutter/PayTab/github/react-native-paytabs-library/example/ios/Pods/Headers/Public/React-domnativemodule -I/Users/amrsaied/Documents/Flutter/PayTab/github/react-native-paytabs-library/example/ios/Pods/Headers/Public/React-featureflags -I/Users/amrsaied/Documents/Flutter/PayTab/github/react-native-paytabs-library/example/ios/Pods/Headers/Public/React-featureflagsnativemodule -I/Users/amrsaied/Documents/Flutter/PayTab/github/react-native-paytabs-library/example/ios/Pods/Headers/Public/React-graphics -I/Users/amrsaied/Documents/Flutter/PayTab/github/react-native-paytabs-library/example/ios/Pods/Headers/Public/React-hermes -I/Users/amrsaied/Documents/Flutter/PayTab/github/react-native-paytabs-library/example/ios/Pods/Headers/Public/React-idlecallbacksnativemodule -I/Users/amrsaied/Documents/Flutter/PayTab/github/react-native-paytabs-library/example/ios/Pods/Headers/Public/React-jserrorhandler -I/Users/amrsaied/Documents/Flutter/PayTab/github/react-native-paytabs-library/example/ios/Pods/Headers/Public/React-jsi -I/Users/amrsaied/Documents/Flutter/PayTab/github/react-native-paytabs-library/example/ios/Pods/Headers/Public/React-jsiexecutor -I/Users/amrsaied/Documents/Flutter/PayTab/github/react-native-paytabs-library/example/ios/Pods/Headers/Public/React-jsinspector -I/Users/amrsaied/Documents/Flutter/PayTab/github/react-native-paytabs-library/example/ios/Pods/Headers/Public/React-jsinspectortracing -I/Users/amrsaied/Documents/Flutter/PayTab/github/react-native-paytabs-library/example/ios/Pods/Headers/Public/React-jsitooling -I/Users/amrsaied/Documents/Flutter/PayTab/github/react-native-paytabs-library/example/ios/Pods/Headers/Public/React-jsitracing -I/Users/amrsaied/Documents/Flutter/PayTab/github/react-native-paytabs-library/example/ios/Pods/Headers/Public/React-logger -I/Users/amrsaied/Documents/Flutter/PayTab/github/react-native-paytabs-library/example/ios/Pods/Headers/Public/React-microtasksnativemodule -I/Users/amrsaied/Documents/Flutter/PayTab/github/react-native-paytabs-library/example/ios/Pods/Headers/Public/React-oscompat -I/Users/amrsaied/Documents/Flutter/PayTab/github/react-native-paytabs-library/example/ios/Pods/Headers/Public/React-perflogger -I/Users/amrsaied/Documents/Flutter/PayTab/github/react-native-paytabs-library/example/ios/Pods/Headers/Public/React-performancetimeline -I/Users/amrsaied/Documents/Flutter/PayTab/github/react-native-paytabs-library/example/ios/Pods/Headers/Public/React-rendererconsistency -I/Users/amrsaied/Documents/Flutter/PayTab/github/react-native-paytabs-library/example/ios/Pods/Headers/Public/React-renderercss -I/Users/amrsaied/Documents/Flutter/PayTab/github/react-native-paytabs-library/example/ios/Pods/Headers/Public/React-rendererdebug -I/Users/amrsaied/Documents/Flutter/PayTab/github/react-native-paytabs-library/example/ios/Pods/Headers/Public/React-runtimeexecutor -I/Users/amrsaied/Documents/Flutter/PayTab/github/react-native-paytabs-library/example/ios/Pods/Headers/Public/React-runtimescheduler -I/Users/amrsaied/Documents/Flutter/PayTab/github/react-native-paytabs-library/example/ios/Pods/Headers/Public/React-timing -I/Users/amrsaied/Documents/Flutter/PayTab/github/react-native-paytabs-library/example/ios/Pods/Headers/Public/React-utils -I/Users/amrsaied/Documents/Flutter/PayTab/github/react-native-paytabs-library/example/ios/Pods/Headers/Public/ReactCodegen -I/Users/amrsaied/Documents/Flutter/PayTab/github/react-native-paytabs-library/example/ios/Pods/Headers/Public/ReactCommon -I/Users/amrsaied/Documents/Flutter/PayTab/github/react-native-paytabs-library/example/ios/Pods/Headers/Public/Yoga -I/Users/amrsaied/Documents/Flutter/PayTab/github/react-native-paytabs-library/example/ios/Pods/Headers/Public/boost -I/Users/amrsaied/Documents/Flutter/PayTab/github/react-native-paytabs-library/example/ios/Pods/Headers/Public/fast_float -I/Users/amrsaied/Documents/Flutter/PayTab/github/react-native-paytabs-library/example/ios/Pods/Headers/Public/fmt -I/Users/amrsaied/Documents/Flutter/PayTab/github/react-native-paytabs-library/example/ios/Pods/Headers/Public/glog -I/Users/amrsaied/Documents/Flutter/PayTab/github/react-native-paytabs-library/example/ios/Pods/Headers/Public/hermes-engine -I/Users/amrsaied/Documents/Flutter/PayTab/github/react-native-paytabs-library/example/ios/Pods/boost -I/Users/amrsaied/Documents/Flutter/PayTab/github/react-native-paytabs-library/example/ios/Pods/RCT-Folly -I/Users/amrsaied/Documents/Flutter/PayTab/github/react-native-paytabs-library/example/ios/Pods/DoubleConversion -I/Users/amrsaied/Documents/Flutter/PayTab/github/react-native-paytabs-library/example/ios/Pods/fast_float/include -I/Users/amrsaied/Documents/Flutter/PayTab/github/react-native-paytabs-library/example/ios/Pods/fmt/include -I/Users/amrsaied/Documents/Flutter/PayTab/github/react-native-paytabs-library/example/ios/Pods/Headers/Public/ReactCodegen/react/renderer/components -I/Users/amrsaied/Documents/Flutter/PayTab/github/react-native-paytabs-library/example/ios/Pods/Headers/Private/React-Fabric -I/Users/amrsaied/Documents/Flutter/PayTab/github/react-native-paytabs-library/example/ios/Pods/Headers/Private/React-RCTFabric -I/Users/amrsaied/Documents/Flutter/PayTab/github/react-native-paytabs-library/example/ios/Pods/Headers/Private/Yoga -I/Users/amrsaied/Documents/Flutter/PayTab/github/react-native-paytabs-library/example/ios/build/generated/ios -I/Users/amrsaied/DerivedData/PaymentsdkExample-fihmfcmcdadiqyacsuppipgwcqpk/Build/Intermediates.noindex/Pods.build/Debug-iphonesimulator/ReactCodegen.build/DerivedSources-normal/arm64 -I/Users/amrsaied/DerivedData/PaymentsdkExample-fihmfcmcdadiqyacsuppipgwcqpk/Build/Intermediates.noindex/Pods.build/Debug-iphonesimulator/ReactCodegen.build/DerivedSources/arm64 -I/Users/amrsaied/DerivedData/PaymentsdkExample-fihmfcmcdadiqyacsuppipgwcqpk/Build/Intermediates.noindex/Pods.build/Debug-iphonesimulator/ReactCodegen.build/DerivedSources -F/Users/amrsaied/DerivedData/PaymentsdkExample-fihmfcmcdadiqyacsuppipgwcqpk/Build/Products/Debug-iphonesimulator/ReactCodegen -F/Users/amrsaied/Documents/Flutter/PayTab/github/react-native-paytabs-library/example/ios/Pods/hermes-engine/destroot/Library/Frameworks/universal -F/Users/amrsaied/DerivedData/PaymentsdkExample-fihmfcmcdadiqyacsuppipgwcqpk/Build/Products/Debug-iphonesimulator/XCFrameworkIntermediates/hermes-engine/Pre-built '-fmodule-map-file=/Users/amrsaied/Documents/Flutter/PayTab/github/react-native-paytabs-library/example/ios/Pods/Headers/Public/RCTDeprecation/RCTDeprecation.modulemap' '-fmodule-map-file=/Users/amrsaied/Documents/Flutter/PayTab/github/react-native-paytabs-library/example/ios/Pods/Headers/Public/RCTFabric/React-RCTFabric.modulemap' '-fmodule-map-file=/Users/amrsaied/Documents/Flutter/PayTab/github/react-native-paytabs-library/example/ios/Pods/Headers/Public/RCTRuntime/React-RCTRuntime.modulemap' '-fmodule-map-file=/Users/amrsaied/Documents/Flutter/PayTab/github/react-native-paytabs-library/example/ios/Pods/Headers/Public/RCTTypeSafety/RCTTypeSafety.modulemap' '-fmodule-map-file=/Users/amrsaied/Documents/Flutter/PayTab/github/react-native-paytabs-library/example/ios/Pods/Headers/Public/React/React-Core.modulemap' '-fmodule-map-file=/Users/amrsaied/Documents/Flutter/PayTab/github/react-native-paytabs-library/example/ios/Pods/Headers/Public/ReactCommon/ReactCommon.modulemap' '-fmodule-map-file=/Users/amrsaied/Documents/Flutter/PayTab/github/react-native-paytabs-library/example/ios/Pods/Headers/Public/React_Fabric/React-Fabric.modulemap' '-fmodule-map-file=/Users/amrsaied/Documents/Flutter/PayTab/github/react-native-paytabs-library/example/ios/Pods/Headers/Public/React_FabricComponents/React-FabricComponents.modulemap' '-fmodule-map-file=/Users/amrsaied/Documents/Flutter/PayTab/github/react-native-paytabs-library/example/ios/Pods/Headers/Public/React_NativeModulesApple/React-NativeModulesApple.modulemap' '-fmodule-map-file=/Users/amrsaied/Documents/Flutter/PayTab/github/react-native-paytabs-library/example/ios/Pods/Headers/Public/React_RCTAppDelegate/React-RCTAppDelegate.modulemap' '-fmodule-map-file=/Users/amrsaied/Documents/Flutter/PayTab/github/react-native-paytabs-library/example/ios/Pods/Headers/Public/folly/RCT-Folly.modulemap' '-fmodule-map-file=/Users/amrsaied/Documents/Flutter/PayTab/github/react-native-paytabs-library/example/ios/Pods/Headers/Public/jsi/React-jsi.modulemap' '-fmodule-map-file=/Users/amrsaied/Documents/Flutter/PayTab/github/react-native-paytabs-library/example/ios/Pods/Headers/Public/jsinspector_modern/React-jsinspector.modulemap' '-fmodule-map-file=/Users/amrsaied/Documents/Flutter/PayTab/github/react-native-paytabs-library/example/ios/Pods/Headers/Public/jsinspector_modern_tracing/React-jsinspectortracing.modulemap' '-fmodule-map-file=/Users/amrsaied/Documents/Flutter/PayTab/github/react-native-paytabs-library/example/ios/Pods/Headers/Public/react_debug/React-debug.modulemap' '-fmodule-map-file=/Users/amrsaied/Documents/Flutter/PayTab/github/react-native-paytabs-library/example/ios/Pods/Headers/Public/react_featureflags/React-featureflags.modulemap' '-fmodule-map-file=/Users/amrsaied/Documents/Flutter/PayTab/github/react-native-paytabs-library/example/ios/Pods/Headers/Public/react_nativemodule_defaults/React-defaultsnativemodule.modulemap' '-fmodule-map-file=/Users/amrsaied/Documents/Flutter/PayTab/github/react-native-paytabs-library/example/ios/Pods/Headers/Public/react_nativemodule_dom/React-domnativemodule.modulemap' '-fmodule-map-file=/Users/amrsaied/Documents/Flutter/PayTab/github/react-native-paytabs-library/example/ios/Pods/Headers/Public/react_nativemodule_featureflags/React-featureflagsnativemodule.modulemap' '-fmodule-map-file=/Users/amrsaied/Documents/Flutter/PayTab/github/react-native-paytabs-library/example/ios/Pods/Headers/Public/react_nativemodule_idlecallbacks/React-idlecallbacksnativemodule.modulemap' '-fmodule-map-file=/Users/amrsaied/Documents/Flutter/PayTab/github/react-native-paytabs-library/example/ios/Pods/Headers/Public/react_nativemodule_microtasks/React-microtasksnativemodule.modulemap' '-fmodule-map-file=/Users/amrsaied/Documents/Flutter/PayTab/github/react-native-paytabs-library/example/ios/Pods/Headers/Public/react_renderer_css/React-renderercss.modulemap' '-fmodule-map-file=/Users/amrsaied/Documents/Flutter/PayTab/github/react-native-paytabs-library/example/ios/Pods/Headers/Public/react_renderer_debug/React-rendererdebug.modulemap' '-fmodule-map-file=/Users/amrsaied/Documents/Flutter/PayTab/github/react-native-paytabs-library/example/ios/Pods/Headers/Public/react_renderer_graphics/React-graphics.modulemap' '-fmodule-map-file=/Users/amrsaied/Documents/Flutter/PayTab/github/react-native-paytabs-library/example/ios/Pods/Headers/Public/react_renderer_imagemanager/React-ImageManager.modulemap' '-fmodule-map-file=/Users/amrsaied/Documents/Flutter/PayTab/github/react-native-paytabs-library/example/ios/Pods/Headers/Public/react_runtime/React-jsitooling.modulemap' '-fmodule-map-file=/Users/amrsaied/Documents/Flutter/PayTab/github/react-native-paytabs-library/example/ios/Pods/Headers/Public/react_utils/React-utils.modulemap' '-fmodule-map-file=/Users/amrsaied/Documents/Flutter/PayTab/github/react-native-paytabs-library/example/ios/Pods/Headers/Public/reacthermes/React-hermes.modulemap' '-fmodule-map-file=/Users/amrsaied/Documents/Flutter/PayTab/github/react-native-paytabs-library/example/ios/Pods/Headers/Public/yoga/Yoga.modulemap'

WriteAuxiliaryFile /Users/amrsaied/DerivedData/PaymentsdkExample-fihmfcmcdadiqyacsuppipgwcqpk/Build/Intermediates.noindex/Pods.build/Debug-iphonesimulator/ReactCodegen.build/Objects-normal/arm64/af3fcb34312c57c0f52879cdce924b91-common-args.resp (in target 'ReactCodegen' from project 'Pods')
    cd /Users/amrsaied/Documents/Flutter/PayTab/github/react-native-paytabs-library/example/ios/Pods
    write-file /Users/amrsaied/DerivedData/PaymentsdkExample-fihmfcmcdadiqyacsuppipgwcqpk/Build/Intermediates.noindex/Pods.build/Debug-iphonesimulator/ReactCodegen.build/Objects-normal/arm64/af3fcb34312c57c0f52879cdce924b91-common-args.resp
-target arm64-apple-ios15.1-simulator '-std=c++20' '-stdlib=libc++' -fobjc-arc -fmodules -fno-cxx-modules '-fmodules-cache-path=/Users/amrsaied/DerivedData/ModuleCache.noindex' '-D_LIBCPP_HARDENING_MODE=_LIBCPP_HARDENING_MODE_DEBUG' -fpascal-strings -O0 -fno-common '-DPOD_CONFIGURATION_DEBUG=1' '-DDEBUG=1' '-DCOCOAPODS=1' '-DOBJC_OLD_DISPATCH_PROTOTYPES=0' -isysroot /Applications/Xcode.app/Contents/Developer/Platforms/iPhoneSimulator.platform/Developer/SDKs/iPhoneSimulator26.2.sdk -g '-fobjc-abi-version=2' -fobjc-legacy-dispatch -iquote /Users/amrsaied/DerivedData/PaymentsdkExample-fihmfcmcdadiqyacsuppipgwcqpk/Build/Intermediates.noindex/Pods.build/Debug-iphonesimulator/ReactCodegen.build/ReactCodegen-generated-files.hmap -I/Users/amrsaied/DerivedData/PaymentsdkExample-fihmfcmcdadiqyacsuppipgwcqpk/Build/Intermediates.noindex/Pods.build/Debug-iphonesimulator/ReactCodegen.build/ReactCodegen-own-target-headers.hmap -I/Users/amrsaied/DerivedData/PaymentsdkExample-fihmfcmcdadiqyacsuppipgwcqpk/Build/Intermediates.noindex/Pods.build/Debug-iphonesimulator/ReactCodegen.build/ReactCodegen-all-non-framework-target-headers.hmap -ivfsoverlay /Users/amrsaied/DerivedData/PaymentsdkExample-fihmfcmcdadiqyacsuppipgwcqpk/Build/Intermediates.noindex/Pods.build/Debug-iphonesimulator/Pods-8699adb1dd336b26511df848a716bd42-VFS-iphonesimulator/all-product-headers.yaml -iquote /Users/amrsaied/DerivedData/PaymentsdkExample-fihmfcmcdadiqyacsuppipgwcqpk/Build/Intermediates.noindex/Pods.build/Debug-iphonesimulator/ReactCodegen.build/ReactCodegen-project-headers.hmap -I/Users/amrsaied/DerivedData/PaymentsdkExample-fihmfcmcdadiqyacsuppipgwcqpk/Build/Products/Debug-iphonesimulator/ReactCodegen/include -I/Users/amrsaied/Documents/Flutter/PayTab/github/react-native-paytabs-library/example/ios/Pods/Headers/Private -I/Users/amrsaied/Documents/Flutter/PayTab/github/react-native-paytabs-library/example/ios/Pods/Headers/Private/ReactCodegen -I/Users/amrsaied/Documents/Flutter/PayTab/github/react-native-paytabs-library/example/ios/Pods/Headers/Public -I/Users/amrsaied/Documents/Flutter/PayTab/github/react-native-paytabs-library/example/ios/Pods/Headers/Public/DoubleConversion -I/Users/amrsaied/Documents/Flutter/PayTab/github/react-native-paytabs-library/example/ios/Pods/Headers/Public/FBLazyVector -I/Users/amrsaied/Documents/Flutter/PayTab/github/react-native-paytabs-library/example/ios/Pods/Headers/Public/RCT-Folly -I/Users/amrsaied/Documents/Flutter/PayTab/github/react-native-paytabs-library/example/ios/Pods/Headers/Public/RCTRequired -I/Users/amrsaied/Documents/Flutter/PayTab/github/react-native-paytabs-library/example/ios/Pods/Headers/Public/RCTTypeSafety -I/Users/amrsaied/Documents/Flutter/PayTab/github/react-native-paytabs-library/example/ios/Pods/Headers/Public/React-Core -I/Users/amrsaied/Documents/Flutter/PayTab/github/react-native-paytabs-library/example/ios/Pods/Headers/Public/React-Fabric -I/Users/amrsaied/Documents/Flutter/PayTab/github/react-native-paytabs-library/example/ios/Pods/Headers/Public/React-FabricComponents -I/Users/amrsaied/Documents/Flutter/PayTab/github/react-native-paytabs-library/example/ios/Pods/Headers/Public/React-FabricImage -I/Users/amrsaied/Documents/Flutter/PayTab/github/react-native-paytabs-library/example/ios/Pods/Headers/Public/React-ImageManager -I/Users/amrsaied/Documents/Flutter/PayTab/github/react-native-paytabs-library/example/ios/Pods/Headers/Public/React-Mapbuffer -I/Users/amrsaied/Documents/Flutter/PayTab/github/react-native-paytabs-library/example/ios/Pods/Headers/Public/React-NativeModulesApple -I/Users/amrsaied/Documents/Flutter/PayTab/github/react-native-paytabs-library/example/ios/Pods/Headers/Public/React-RCTAnimation -I/Users/amrsaied/Documents/Flutter/PayTab/github/react-native-paytabs-library/example/ios/Pods/Headers/Public/React-RCTBlob -I/Users/amrsaied/Documents/Flutter/PayTab/github/react-native-paytabs-library/example/ios/Pods/Headers/Public/React-RCTFBReactNativeSpec -I/Users/amrsaied/Documents/Flutter/PayTab/github/react-native-paytabs-library/example/ios/Pods/Headers/Public/React-RCTFabric -I/Users/amrsaied/Documents/Flutter/PayTab/github/react-native-paytabs-library/example/ios/Pods/Headers/Public/React-RCTRuntime -I/Users/amrsaied/Documents/Flutter/PayTab/github/react-native-paytabs-library/example/ios/Pods/Headers/Public/React-RCTText -I/Users/amrsaied/Documents/Flutter/PayTab/github/react-native-paytabs-library/example/ios/Pods/Headers/Public/React-RuntimeApple -I/Users/amrsaied/Documents/Flutter/PayTab/github/react-native-paytabs-library/example/ios/Pods/Headers/Public/React-RuntimeCore -I/Users/amrsaied/Documents/Flutter/PayTab/github/react-native-paytabs-library/example/ios/Pods/Headers/Public/React-RuntimeHermes -I/Users/amrsaied/Documents/Flutter/PayTab/github/react-native-paytabs-library/example/ios/Pods/Headers/Public/React-callinvoker -I/Users/amrsaied/Documents/Flutter/PayTab/github/react-native-paytabs-library/example/ios/Pods/Headers/Public/React-cxxreact -I/Users/amrsaied/Documents/Flutter/PayTab/github/react-native-paytabs-library/example/ios/Pods/Headers/Public/React-debug -I/Users/amrsaied/Documents/Flutter/PayTab/github/react-native-paytabs-library/example/ios/Pods/Headers/Public/React-defaultsnativemodule -I/Users/amrsaied/Documents/Flutter/PayTab/github/react-native-paytabs-library/example/ios/Pods/Headers/Public/React-domnativemodule -I/Users/amrsaied/Documents/Flutter/PayTab/github/react-native-paytabs-library/example/ios/Pods/Headers/Public/React-featureflags -I/Users/amrsaied/Documents/Flutter/PayTab/github/react-native-paytabs-library/example/ios/Pods/Headers/Public/React-featureflagsnativemodule -I/Users/amrsaied/Documents/Flutter/PayTab/github/react-native-paytabs-library/example/ios/Pods/Headers/Public/React-graphics -I/Users/amrsaied/Documents/Flutter/PayTab/github/react-native-paytabs-library/example/ios/Pods/Headers/Public/React-hermes -I/Users/amrsaied/Documents/Flutter/PayTab/github/react-native-paytabs-library/example/ios/Pods/Headers/Public/React-idlecallbacksnativemodule -I/Users/amrsaied/Documents/Flutter/PayTab/github/react-native-paytabs-library/example/ios/Pods/Headers/Public/React-jserrorhandler -I/Users/amrsaied/Documents/Flutter/PayTab/github/react-native-paytabs-library/example/ios/Pods/Headers/Public/React-jsi -I/Users/amrsaied/Documents/Flutter/PayTab/github/react-native-paytabs-library/example/ios/Pods/Headers/Public/React-jsiexecutor -I/Users/amrsaied/Documents/Flutter/PayTab/github/react-native-paytabs-library/example/ios/Pods/Headers/Public/React-jsinspector -I/Users/amrsaied/Documents/Flutter/PayTab/github/react-native-paytabs-library/example/ios/Pods/Headers/Public/React-jsinspectortracing -I/Users/amrsaied/Documents/Flutter/PayTab/github/react-native-paytabs-library/example/ios/Pods/Headers/Public/React-jsitooling -I/Users/amrsaied/Documents/Flutter/PayTab/github/react-native-paytabs-library/example/ios/Pods/Headers/Public/React-jsitracing -I/Users/amrsaied/Documents/Flutter/PayTab/github/react-native-paytabs-library/example/ios/Pods/Headers/Public/React-logger -I/Users/amrsaied/Documents/Flutter/PayTab/github/react-native-paytabs-library/example/ios/Pods/Headers/Public/React-microtasksnativemodule -I/Users/amrsaied/Documents/Flutter/PayTab/github/react-native-paytabs-library/example/ios/Pods/Headers/Public/React-oscompat -I/Users/amrsaied/Documents/Flutter/PayTab/github/react-native-paytabs-library/example/ios/Pods/Headers/Public/React-perflogger -I/Users/amrsaied/Documents/Flutter/PayTab/github/react-native-paytabs-library/example/ios/Pods/Headers/Public/React-performancetimeline -I/Users/amrsaied/Documents/Flutter/PayTab/github/react-native-paytabs-library/example/ios/Pods/Headers/Public/React-rendererconsistency -I/Users/amrsaied/Documents/Flutter/PayTab/github/react-native-paytabs-library/example/ios/Pods/Headers/Public/React-renderercss -I/Users/amrsaied/Documents/Flutter/PayTab/github/react-native-paytabs-library/example/ios/Pods/Headers/Public/React-rendererdebug -I/Users/amrsaied/Documents/Flutter/PayTab/github/react-native-paytabs-library/example/ios/Pods/Headers/Public/React-runtimeexecutor -I/Users/amrsaied/Documents/Flutter/PayTab/github/react-native-paytabs-library/example/ios/Pods/Headers/Public/React-runtimescheduler -I/Users/amrsaied/Documents/Flutter/PayTab/github/react-native-paytabs-library/example/ios/Pods/Headers/Public/React-timing -I/Users/amrsaied/Documents/Flutter/PayTab/github/react-native-paytabs-library/example/ios/Pods/Headers/Public/React-utils -I/Users/amrsaied/Documents/Flutter/PayTab/github/react-native-paytabs-library/example/ios/Pods/Headers/Public/ReactCodegen -I/Users/amrsaied/Documents/Flutter/PayTab/github/react-native-paytabs-library/example/ios/Pods/Headers/Public/ReactCommon -I/Users/amrsaied/Documents/Flutter/PayTab/github/react-native-paytabs-library/example/ios/Pods/Headers/Public/Yoga -I/Users/amrsaied/Documents/Flutter/PayTab/github/react-native-paytabs-library/example/ios/Pods/Headers/Public/boost -I/Users/amrsaied/Documents/Flutter/PayTab/github/react-native-paytabs-library/example/ios/Pods/Headers/Public/fast_float -I/Users/amrsaied/Documents/Flutter/PayTab/github/react-native-paytabs-library/example/ios/Pods/Headers/Public/fmt -I/Users/amrsaied/Documents/Flutter/PayTab/github/react-native-paytabs-library/example/ios/Pods/Headers/Public/glog -I/Users/amrsaied/Documents/Flutter/PayTab/github/react-native-paytabs-library/example/ios/Pods/Headers/Public/hermes-engine -I/Users/amrsaied/Documents/Flutter/PayTab/github/react-native-paytabs-library/example/ios/Pods/boost -I/Users/amrsaied/Documents/Flutter/PayTab/github/react-native-paytabs-library/example/ios/Pods/RCT-Folly -I/Users/amrsaied/Documents/Flutter/PayTab/github/react-native-paytabs-library/example/ios/Pods/DoubleConversion -I/Users/amrsaied/Documents/Flutter/PayTab/github/react-native-paytabs-library/example/ios/Pods/fast_float/include -I/Users/amrsaied/Documents/Flutter/PayTab/github/react-native-paytabs-library/example/ios/Pods/fmt/include -I/Users/amrsaied/Documents/Flutter/PayTab/github/react-native-paytabs-library/example/ios/Pods/Headers/Public/ReactCodegen/react/renderer/components -I/Users/amrsaied/Documents/Flutter/PayTab/github/react-native-paytabs-library/example/ios/Pods/Headers/Private/React-Fabric -I/Users/amrsaied/Documents/Flutter/PayTab/github/react-native-paytabs-library/example/ios/Pods/Headers/Private/React-RCTFabric -I/Users/amrsaied/Documents/Flutter/PayTab/github/react-native-paytabs-library/example/ios/Pods/Headers/Private/Yoga -I/Users/amrsaied/Documents/Flutter/PayTab/github/react-native-paytabs-library/example/ios/build/generated/ios -I/Users/amrsaied/DerivedData/PaymentsdkExample-fihmfcmcdadiqyacsuppipgwcqpk/Build/Intermediates.noindex/Pods.build/Debug-iphonesimulator/ReactCodegen.build/DerivedSources-normal/arm64 -I/Users/amrsaied/DerivedData/PaymentsdkExample-fihmfcmcdadiqyacsuppipgwcqpk/Build/Intermediates.noindex/Pods.build/Debug-iphonesimulator/ReactCodegen.build/DerivedSources/arm64 -I/Users/amrsaied/DerivedData/PaymentsdkExample-fihmfcmcdadiqyacsuppipgwcqpk/Build/Intermediates.noindex/Pods.build/Debug-iphonesimulator/ReactCodegen.build/DerivedSources -F/Users/amrsaied/DerivedData/PaymentsdkExample-fihmfcmcdadiqyacsuppipgwcqpk/Build/Products/Debug-iphonesimulator/ReactCodegen -F/Users/amrsaied/Documents/Flutter/PayTab/github/react-native-paytabs-library/example/ios/Pods/hermes-engine/destroot/Library/Frameworks/universal -F/Users/amrsaied/DerivedData/PaymentsdkExample-fihmfcmcdadiqyacsuppipgwcqpk/Build/Products/Debug-iphonesimulator/XCFrameworkIntermediates/hermes-engine/Pre-built '-fmodule-map-file=/Users/amrsaied/Documents/Flutter/PayTab/github/react-native-paytabs-library/example/ios/Pods/Headers/Public/RCTDeprecation/RCTDeprecation.modulemap' '-fmodule-map-file=/Users/amrsaied/Documents/Flutter/PayTab/github/react-native-paytabs-library/example/ios/Pods/Headers/Public/RCTFabric/React-RCTFabric.modulemap' '-fmodule-map-file=/Users/amrsaied/Documents/Flutter/PayTab/github/react-native-paytabs-library/example/ios/Pods/Headers/Public/RCTRuntime/React-RCTRuntime.modulemap' '-fmodule-map-file=/Users/amrsaied/Documents/Flutter/PayTab/github/react-native-paytabs-library/example/ios/Pods/Headers/Public/RCTTypeSafety/RCTTypeSafety.modulemap' '-fmodule-map-file=/Users/amrsaied/Documents/Flutter/PayTab/github/react-native-paytabs-library/example/ios/Pods/Headers/Public/React/React-Core.modulemap' '-fmodule-map-file=/Users/amrsaied/Documents/Flutter/PayTab/github/react-native-paytabs-library/example/ios/Pods/Headers/Public/ReactCommon/ReactCommon.modulemap' '-fmodule-map-file=/Users/amrsaied/Documents/Flutter/PayTab/github/react-native-paytabs-library/example/ios/Pods/Headers/Public/React_Fabric/React-Fabric.modulemap' '-fmodule-map-file=/Users/amrsaied/Documents/Flutter/PayTab/github/react-native-paytabs-library/example/ios/Pods/Headers/Public/React_FabricComponents/React-FabricComponents.modulemap' '-fmodule-map-file=/Users/amrsaied/Documents/Flutter/PayTab/github/react-native-paytabs-library/example/ios/Pods/Headers/Public/React_NativeModulesApple/React-NativeModulesApple.modulemap' '-fmodule-map-file=/Users/amrsaied/Documents/Flutter/PayTab/github/react-native-paytabs-library/example/ios/Pods/Headers/Public/React_RCTAppDelegate/React-RCTAppDelegate.modulemap' '-fmodule-map-file=/Users/amrsaied/Documents/Flutter/PayTab/github/react-native-paytabs-library/example/ios/Pods/Headers/Public/folly/RCT-Folly.modulemap' '-fmodule-map-file=/Users/amrsaied/Documents/Flutter/PayTab/github/react-native-paytabs-library/example/ios/Pods/Headers/Public/jsi/React-jsi.modulemap' '-fmodule-map-file=/Users/amrsaied/Documents/Flutter/PayTab/github/react-native-paytabs-library/example/ios/Pods/Headers/Public/jsinspector_modern/React-jsinspector.modulemap' '-fmodule-map-file=/Users/amrsaied/Documents/Flutter/PayTab/github/react-native-paytabs-library/example/ios/Pods/Headers/Public/jsinspector_modern_tracing/React-jsinspectortracing.modulemap' '-fmodule-map-file=/Users/amrsaied/Documents/Flutter/PayTab/github/react-native-paytabs-library/example/ios/Pods/Headers/Public/react_debug/React-debug.modulemap' '-fmodule-map-file=/Users/amrsaied/Documents/Flutter/PayTab/github/react-native-paytabs-library/example/ios/Pods/Headers/Public/react_featureflags/React-featureflags.modulemap' '-fmodule-map-file=/Users/amrsaied/Documents/Flutter/PayTab/github/react-native-paytabs-library/example/ios/Pods/Headers/Public/react_nativemodule_defaults/React-defaultsnativemodule.modulemap' '-fmodule-map-file=/Users/amrsaied/Documents/Flutter/PayTab/github/react-native-paytabs-library/example/ios/Pods/Headers/Public/react_nativemodule_dom/React-domnativemodule.modulemap' '-fmodule-map-file=/Users/amrsaied/Documents/Flutter/PayTab/github/react-native-paytabs-library/example/ios/Pods/Headers/Public/react_nativemodule_featureflags/React-featureflagsnativemodule.modulemap' '-fmodule-map-file=/Users/amrsaied/Documents/Flutter/PayTab/github/react-native-paytabs-library/example/ios/Pods/Headers/Public/react_nativemodule_idlecallbacks/React-idlecallbacksnativemodule.modulemap' '-fmodule-map-file=/Users/amrsaied/Documents/Flutter/PayTab/github/react-native-paytabs-library/example/ios/Pods/Headers/Public/react_nativemodule_microtasks/React-microtasksnativemodule.modulemap' '-fmodule-map-file=/Users/amrsaied/Documents/Flutter/PayTab/github/react-native-paytabs-library/example/ios/Pods/Headers/Public/react_renderer_css/React-renderercss.modulemap' '-fmodule-map-file=/Users/amrsaied/Documents/Flutter/PayTab/github/react-native-paytabs-library/example/ios/Pods/Headers/Public/react_renderer_debug/React-rendererdebug.modulemap' '-fmodule-map-file=/Users/amrsaied/Documents/Flutter/PayTab/github/react-native-paytabs-library/example/ios/Pods/Headers/Public/react_renderer_graphics/React-graphics.modulemap' '-fmodule-map-file=/Users/amrsaied/Documents/Flutter/PayTab/github/react-native-paytabs-library/example/ios/Pods/Headers/Public/react_renderer_imagemanager/React-ImageManager.modulemap' '-fmodule-map-file=/Users/amrsaied/Documents/Flutter/PayTab/github/react-native-paytabs-library/example/ios/Pods/Headers/Public/react_runtime/React-jsitooling.modulemap' '-fmodule-map-file=/Users/amrsaied/Documents/Flutter/PayTab/github/react-native-paytabs-library/example/ios/Pods/Headers/Public/react_utils/React-utils.modulemap' '-fmodule-map-file=/Users/amrsaied/Documents/Flutter/PayTab/github/react-native-paytabs-library/example/ios/Pods/Headers/Public/reacthermes/React-hermes.modulemap' '-fmodule-map-file=/Users/amrsaied/Documents/Flutter/PayTab/github/react-native-paytabs-library/example/ios/Pods/Headers/Public/yoga/Yoga.modulemap' -DFOLLY_NO_CONFIG '-DFOLLY_MOBILE=1' '-DFOLLY_USE_LIBCPP=1' '-DFOLLY_CFG_NO_COROUTINES=1' '-DFOLLY_HAVE_CLOCK_GETTIME=1'

WriteAuxiliaryFile /Users/amrsaied/DerivedData/PaymentsdkExample-fihmfcmcdadiqyacsuppipgwcqpk/Build/Intermediates.noindex/Pods.build/Debug-iphonesimulator/ReactCodegen.build/Objects-normal/arm64/ReactCodegen.LinkFileList (in target 'ReactCodegen' from project 'Pods')
    cd /Users/amrsaied/Documents/Flutter/PayTab/github/react-native-paytabs-library/example/ios/Pods
    write-file /Users/amrsaied/DerivedData/PaymentsdkExample-fihmfcmcdadiqyacsuppipgwcqpk/Build/Intermediates.noindex/Pods.build/Debug-iphonesimulator/ReactCodegen.build/Objects-normal/arm64/ReactCodegen.LinkFileList

WriteAuxiliaryFile /Users/amrsaied/DerivedData/PaymentsdkExample-fihmfcmcdadiqyacsuppipgwcqpk/Build/Intermediates.noindex/Pods.build/Debug-iphonesimulator/ReactAppDependencyProvider.build/ReactAppDependencyProvider.hmap (in target 'ReactAppDependencyProvider' from project 'Pods')
    cd /Users/amrsaied/Documents/Flutter/PayTab/github/react-native-paytabs-library/example/ios/Pods
    write-file /Users/amrsaied/DerivedData/PaymentsdkExample-fihmfcmcdadiqyacsuppipgwcqpk/Build/Intermediates.noindex/Pods.build/Debug-iphonesimulator/ReactAppDependencyProvider.build/ReactAppDependencyProvider.hmap

WriteAuxiliaryFile /Users/amrsaied/DerivedData/PaymentsdkExample-fihmfcmcdadiqyacsuppipgwcqpk/Build/Intermediates.noindex/Pods.build/Debug-iphonesimulator/ReactAppDependencyProvider.build/ReactAppDependencyProvider.DependencyStaticMetadataFileList (in target 'ReactAppDependencyProvider' from project 'Pods')
    cd /Users/amrsaied/Documents/Flutter/PayTab/github/react-native-paytabs-library/example/ios/Pods
    write-file /Users/amrsaied/DerivedData/PaymentsdkExample-fihmfcmcdadiqyacsuppipgwcqpk/Build/Intermediates.noindex/Pods.build/Debug-iphonesimulator/ReactAppDependencyProvider.build/ReactAppDependencyProvider.DependencyStaticMetadataFileList

WriteAuxiliaryFile /Users/amrsaied/DerivedData/PaymentsdkExample-fihmfcmcdadiqyacsuppipgwcqpk/Build/Intermediates.noindex/Pods.build/Debug-iphonesimulator/ReactAppDependencyProvider.build/ReactAppDependencyProvider.DependencyMetadataFileList (in target 'ReactAppDependencyProvider' from project 'Pods')
    cd /Users/amrsaied/Documents/Flutter/PayTab/github/react-native-paytabs-library/example/ios/Pods
    write-file /Users/amrsaied/DerivedData/PaymentsdkExample-fihmfcmcdadiqyacsuppipgwcqpk/Build/Intermediates.noindex/Pods.build/Debug-iphonesimulator/ReactAppDependencyProvider.build/ReactAppDependencyProvider.DependencyMetadataFileList

WriteAuxiliaryFile /Users/amrsaied/DerivedData/PaymentsdkExample-fihmfcmcdadiqyacsuppipgwcqpk/Build/Intermediates.noindex/Pods.build/Debug-iphonesimulator/ReactAppDependencyProvider.build/ReactAppDependencyProvider-project-headers.hmap (in target 'ReactAppDependencyProvider' from project 'Pods')
    cd /Users/amrsaied/Documents/Flutter/PayTab/github/react-native-paytabs-library/example/ios/Pods
    write-file /Users/amrsaied/DerivedData/PaymentsdkExample-fihmfcmcdadiqyacsuppipgwcqpk/Build/Intermediates.noindex/Pods.build/Debug-iphonesimulator/ReactAppDependencyProvider.build/ReactAppDependencyProvider-project-headers.hmap

WriteAuxiliaryFile /Users/amrsaied/DerivedData/PaymentsdkExample-fihmfcmcdadiqyacsuppipgwcqpk/Build/Intermediates.noindex/Pods.build/Debug-iphonesimulator/ReactAppDependencyProvider.build/ReactAppDependencyProvider-own-target-headers.hmap (in target 'ReactAppDependencyProvider' from project 'Pods')
    cd /Users/amrsaied/Documents/Flutter/PayTab/github/react-native-paytabs-library/example/ios/Pods
    write-file /Users/amrsaied/DerivedData/PaymentsdkExample-fihmfcmcdadiqyacsuppipgwcqpk/Build/Intermediates.noindex/Pods.build/Debug-iphonesimulator/ReactAppDependencyProvider.build/ReactAppDependencyProvider-own-target-headers.hmap

WriteAuxiliaryFile /Users/amrsaied/DerivedData/PaymentsdkExample-fihmfcmcdadiqyacsuppipgwcqpk/Build/Intermediates.noindex/Pods.build/Debug-iphonesimulator/ReactAppDependencyProvider.build/ReactAppDependencyProvider-generated-files.hmap (in target 'ReactAppDependencyProvider' from project 'Pods')
    cd /Users/amrsaied/Documents/Flutter/PayTab/github/react-native-paytabs-library/example/ios/Pods
    write-file /Users/amrsaied/DerivedData/PaymentsdkExample-fihmfcmcdadiqyacsuppipgwcqpk/Build/Intermediates.noindex/Pods.build/Debug-iphonesimulator/ReactAppDependencyProvider.build/ReactAppDependencyProvider-generated-files.hmap

WriteAuxiliaryFile /Users/amrsaied/DerivedData/PaymentsdkExample-fihmfcmcdadiqyacsuppipgwcqpk/Build/Intermediates.noindex/Pods.build/Debug-iphonesimulator/ReactAppDependencyProvider.build/ReactAppDependencyProvider-all-target-headers.hmap (in target 'ReactAppDependencyProvider' from project 'Pods')
    cd /Users/amrsaied/Documents/Flutter/PayTab/github/react-native-paytabs-library/example/ios/Pods
    write-file /Users/amrsaied/DerivedData/PaymentsdkExample-fihmfcmcdadiqyacsuppipgwcqpk/Build/Intermediates.noindex/Pods.build/Debug-iphonesimulator/ReactAppDependencyProvider.build/ReactAppDependencyProvider-all-target-headers.hmap

WriteAuxiliaryFile /Users/amrsaied/DerivedData/PaymentsdkExample-fihmfcmcdadiqyacsuppipgwcqpk/Build/Intermediates.noindex/Pods.build/Debug-iphonesimulator/ReactAppDependencyProvider.build/ReactAppDependencyProvider-all-non-framework-target-headers.hmap (in target 'ReactAppDependencyProvider' from project 'Pods')
    cd /Users/amrsaied/Documents/Flutter/PayTab/github/react-native-paytabs-library/example/ios/Pods
    write-file /Users/amrsaied/DerivedData/PaymentsdkExample-fihmfcmcdadiqyacsuppipgwcqpk/Build/Intermediates.noindex/Pods.build/Debug-iphonesimulator/ReactAppDependencyProvider.build/ReactAppDependencyProvider-all-non-framework-target-headers.hmap

WriteAuxiliaryFile /Users/amrsaied/DerivedData/PaymentsdkExample-fihmfcmcdadiqyacsuppipgwcqpk/Build/Intermediates.noindex/Pods.build/Debug-iphonesimulator/ReactAppDependencyProvider.build/Objects-normal/arm64/e6072d4f65d7061329687fe24e3d63a7-common-args.resp (in target 'ReactAppDependencyProvider' from project 'Pods')
    cd /Users/amrsaied/Documents/Flutter/PayTab/github/react-native-paytabs-library/example/ios/Pods
    write-file /Users/amrsaied/DerivedData/PaymentsdkExample-fihmfcmcdadiqyacsuppipgwcqpk/Build/Intermediates.noindex/Pods.build/Debug-iphonesimulator/ReactAppDependencyProvider.build/Objects-normal/arm64/e6072d4f65d7061329687fe24e3d63a7-common-args.resp
-target arm64-apple-ios15.1-simulator '-std=gnu11' -fobjc-arc -fmodules '-fmodules-cache-path=/Users/amrsaied/DerivedData/ModuleCache.noindex' '-fmodule-name=ReactAppDependencyProvider' -fpascal-strings -O0 -fno-common '-DPOD_CONFIGURATION_DEBUG=1' '-DDEBUG=1' '-DCOCOAPODS=1' '-DOBJC_OLD_DISPATCH_PROTOTYPES=0' -isysroot /Applications/Xcode.app/Contents/Developer/Platforms/iPhoneSimulator.platform/Developer/SDKs/iPhoneSimulator26.2.sdk -g '-fobjc-abi-version=2' -fobjc-legacy-dispatch -iquote /Users/amrsaied/DerivedData/PaymentsdkExample-fihmfcmcdadiqyacsuppipgwcqpk/Build/Intermediates.noindex/Pods.build/Debug-iphonesimulator/ReactAppDependencyProvider.build/ReactAppDependencyProvider-generated-files.hmap -I/Users/amrsaied/DerivedData/PaymentsdkExample-fihmfcmcdadiqyacsuppipgwcqpk/Build/Intermediates.noindex/Pods.build/Debug-iphonesimulator/ReactAppDependencyProvider.build/ReactAppDependencyProvider-own-target-headers.hmap -I/Users/amrsaied/DerivedData/PaymentsdkExample-fihmfcmcdadiqyacsuppipgwcqpk/Build/Intermediates.noindex/Pods.build/Debug-iphonesimulator/ReactAppDependencyProvider.build/ReactAppDependencyProvider-all-non-framework-target-headers.hmap -ivfsoverlay /Users/amrsaied/DerivedData/PaymentsdkExample-fihmfcmcdadiqyacsuppipgwcqpk/Build/Intermediates.noindex/Pods.build/Debug-iphonesimulator/Pods-8699adb1dd336b26511df848a716bd42-VFS-iphonesimulator/all-product-headers.yaml -iquote /Users/amrsaied/DerivedData/PaymentsdkExample-fihmfcmcdadiqyacsuppipgwcqpk/Build/Intermediates.noindex/Pods.build/Debug-iphonesimulator/ReactAppDependencyProvider.build/ReactAppDependencyProvider-project-headers.hmap -I/Users/amrsaied/DerivedData/PaymentsdkExample-fihmfcmcdadiqyacsuppipgwcqpk/Build/Products/Debug-iphonesimulator/ReactAppDependencyProvider/include -I/Users/amrsaied/Documents/Flutter/PayTab/github/react-native-paytabs-library/example/ios/Pods/Headers/Private -I/Users/amrsaied/Documents/Flutter/PayTab/github/react-native-paytabs-library/example/ios/Pods/Headers/Private/ReactAppDependencyProvider -I/Users/amrsaied/Documents/Flutter/PayTab/github/react-native-paytabs-library/example/ios/Pods/Headers/Public -I/Users/amrsaied/Documents/Flutter/PayTab/github/react-native-paytabs-library/example/ios/Pods/Headers/Public/DoubleConversion -I/Users/amrsaied/Documents/Flutter/PayTab/github/react-native-paytabs-library/example/ios/Pods/Headers/Public/FBLazyVector -I/Users/amrsaied/Documents/Flutter/PayTab/github/react-native-paytabs-library/example/ios/Pods/Headers/Public/RCT-Folly -I/Users/amrsaied/Documents/Flutter/PayTab/github/react-native-paytabs-library/example/ios/Pods/Headers/Public/RCTRequired -I/Users/amrsaied/Documents/Flutter/PayTab/github/react-native-paytabs-library/example/ios/Pods/Headers/Public/RCTTypeSafety -I/Users/amrsaied/Documents/Flutter/PayTab/github/react-native-paytabs-library/example/ios/Pods/Headers/Public/React-Core -I/Users/amrsaied/Documents/Flutter/PayTab/github/react-native-paytabs-library/example/ios/Pods/Headers/Public/React-Fabric -I/Users/amrsaied/Documents/Flutter/PayTab/github/react-native-paytabs-library/example/ios/Pods/Headers/Public/React-FabricComponents -I/Users/amrsaied/Documents/Flutter/PayTab/github/react-native-paytabs-library/example/ios/Pods/Headers/Public/React-FabricImage -I/Users/amrsaied/Documents/Flutter/PayTab/github/react-native-paytabs-library/example/ios/Pods/Headers/Public/React-ImageManager -I/Users/amrsaied/Documents/Flutter/PayTab/github/react-native-paytabs-library/example/ios/Pods/Headers/Public/React-Mapbuffer -I/Users/amrsaied/Documents/Flutter/PayTab/github/react-native-paytabs-library/example/ios/Pods/Headers/Public/React-NativeModulesApple -I/Users/amrsaied/Documents/Flutter/PayTab/github/react-native-paytabs-library/example/ios/Pods/Headers/Public/React-RCTAnimation -I/Users/amrsaied/Documents/Flutter/PayTab/github/react-native-paytabs-library/example/ios/Pods/Headers/Public/React-RCTBlob -I/Users/amrsaied/Documents/Flutter/PayTab/github/react-native-paytabs-library/example/ios/Pods/Headers/Public/React-RCTFBReactNativeSpec -I/Users/amrsaied/Documents/Flutter/PayTab/github/react-native-paytabs-library/example/ios/Pods/Headers/Public/React-RCTFabric -I/Users/amrsaied/Documents/Flutter/PayTab/github/react-native-paytabs-library/example/ios/Pods/Headers/Public/React-RCTRuntime -I/Users/amrsaied/Documents/Flutter/PayTab/github/react-native-paytabs-library/example/ios/Pods/Headers/Public/React-RCTText -I/Users/amrsaied/Documents/Flutter/PayTab/github/react-native-paytabs-library/example/ios/Pods/Headers/Public/React-RuntimeApple -I/Users/amrsaied/Documents/Flutter/PayTab/github/react-native-paytabs-library/example/ios/Pods/Headers/Public/React-RuntimeCore -I/Users/amrsaied/Documents/Flutter/PayTab/github/react-native-paytabs-library/example/ios/Pods/Headers/Public/React-RuntimeHermes -I/Users/amrsaied/Documents/Flutter/PayTab/github/react-native-paytabs-library/example/ios/Pods/Headers/Public/React-callinvoker -I/Users/amrsaied/Documents/Flutter/PayTab/github/react-native-paytabs-library/example/ios/Pods/Headers/Public/React-cxxreact -I/Users/amrsaied/Documents/Flutter/PayTab/github/react-native-paytabs-library/example/ios/Pods/Headers/Public/React-debug -I/Users/amrsaied/Documents/Flutter/PayTab/github/react-native-paytabs-library/example/ios/Pods/Headers/Public/React-defaultsnativemodule -I/Users/amrsaied/Documents/Flutter/PayTab/github/react-native-paytabs-library/example/ios/Pods/Headers/Public/React-domnativemodule -I/Users/amrsaied/Documents/Flutter/PayTab/github/react-native-paytabs-library/example/ios/Pods/Headers/Public/React-featureflags -I/Users/amrsaied/Documents/Flutter/PayTab/github/react-native-paytabs-library/example/ios/Pods/Headers/Public/React-featureflagsnativemodule -I/Users/amrsaied/Documents/Flutter/PayTab/github/react-native-paytabs-library/example/ios/Pods/Headers/Public/React-graphics -I/Users/amrsaied/Documents/Flutter/PayTab/github/react-native-paytabs-library/example/ios/Pods/Headers/Public/React-hermes -I/Users/amrsaied/Documents/Flutter/PayTab/github/react-native-paytabs-library/example/ios/Pods/Headers/Public/React-idlecallbacksnativemodule -I/Users/amrsaied/Documents/Flutter/PayTab/github/react-native-paytabs-library/example/ios/Pods/Headers/Public/React-jserrorhandler -I/Users/amrsaied/Documents/Flutter/PayTab/github/react-native-paytabs-library/example/ios/Pods/Headers/Public/React-jsi -I/Users/amrsaied/Documents/Flutter/PayTab/github/react-native-paytabs-library/example/ios/Pods/Headers/Public/React-jsiexecutor -I/Users/amrsaied/Documents/Flutter/PayTab/github/react-native-paytabs-library/example/ios/Pods/Headers/Public/React-jsinspector -I/Users/amrsaied/Documents/Flutter/PayTab/github/react-native-paytabs-library/example/ios/Pods/Headers/Public/React-jsinspectortracing -I/Users/amrsaied/Documents/Flutter/PayTab/github/react-native-paytabs-library/example/ios/Pods/Headers/Public/React-jsitooling -I/Users/amrsaied/Documents/Flutter/PayTab/github/react-native-paytabs-library/example/ios/Pods/Headers/Public/React-jsitracing -I/Users/amrsaied/Documents/Flutter/PayTab/github/react-native-paytabs-library/example/ios/Pods/Headers/Public/React-logger -I/Users/amrsaied/Documents/Flutter/PayTab/github/react-native-paytabs-library/example/ios/Pods/Headers/Public/React-microtasksnativemodule -I/Users/amrsaied/Documents/Flutter/PayTab/github/react-native-paytabs-library/example/ios/Pods/Headers/Public/React-oscompat -I/Users/amrsaied/Documents/Flutter/PayTab/github/react-native-paytabs-library/example/ios/Pods/Headers/Public/React-perflogger -I/Users/amrsaied/Documents/Flutter/PayTab/github/react-native-paytabs-library/example/ios/Pods/Headers/Public/React-performancetimeline -I/Users/amrsaied/Documents/Flutter/PayTab/github/react-native-paytabs-library/example/ios/Pods/Headers/Public/React-rendererconsistency -I/Users/amrsaied/Documents/Flutter/PayTab/github/react-native-paytabs-library/example/ios/Pods/Headers/Public/React-renderercss -I/Users/amrsaied/Documents/Flutter/PayTab/github/react-native-paytabs-library/example/ios/Pods/Headers/Public/React-rendererdebug -I/Users/amrsaied/Documents/Flutter/PayTab/github/react-native-paytabs-library/example/ios/Pods/Headers/Public/React-runtimeexecutor -I/Users/amrsaied/Documents/Flutter/PayTab/github/react-native-paytabs-library/example/ios/Pods/Headers/Public/React-runtimescheduler -I/Users/amrsaied/Documents/Flutter/PayTab/github/react-native-paytabs-library/example/ios/Pods/Headers/Public/React-timing -I/Users/amrsaied/Documents/Flutter/PayTab/github/react-native-paytabs-library/example/ios/Pods/Headers/Public/React-utils -I/Users/amrsaied/Documents/Flutter/PayTab/github/react-native-paytabs-library/example/ios/Pods/Headers/Public/ReactCodegen -I/Users/amrsaied/Documents/Flutter/PayTab/github/react-native-paytabs-library/example/ios/Pods/Headers/Public/ReactCommon -I/Users/amrsaied/Documents/Flutter/PayTab/github/react-native-paytabs-library/example/ios/Pods/Headers/Public/Yoga -I/Users/amrsaied/Documents/Flutter/PayTab/github/react-native-paytabs-library/example/ios/Pods/Headers/Public/boost -I/Users/amrsaied/Documents/Flutter/PayTab/github/react-native-paytabs-library/example/ios/Pods/Headers/Public/fast_float -I/Users/amrsaied/Documents/Flutter/PayTab/github/react-native-paytabs-library/example/ios/Pods/Headers/Public/fmt -I/Users/amrsaied/Documents/Flutter/PayTab/github/react-native-paytabs-library/example/ios/Pods/Headers/Public/glog -I/Users/amrsaied/Documents/Flutter/PayTab/github/react-native-paytabs-library/example/ios/Pods/Headers/Public/hermes-engine -I/Users/amrsaied/DerivedData/PaymentsdkExample-fihmfcmcdadiqyacsuppipgwcqpk/Build/Intermediates.noindex/Pods.build/Debug-iphonesimulator/ReactAppDependencyProvider.build/DerivedSources-normal/arm64 -I/Users/amrsaied/DerivedData/PaymentsdkExample-fihmfcmcdadiqyacsuppipgwcqpk/Build/Intermediates.noindex/Pods.build/Debug-iphonesimulator/ReactAppDependencyProvider.build/DerivedSources/arm64 -I/Users/amrsaied/DerivedData/PaymentsdkExample-fihmfcmcdadiqyacsuppipgwcqpk/Build/Intermediates.noindex/Pods.build/Debug-iphonesimulator/ReactAppDependencyProvider.build/DerivedSources -F/Users/amrsaied/DerivedData/PaymentsdkExample-fihmfcmcdadiqyacsuppipgwcqpk/Build/Products/Debug-iphonesimulator/ReactAppDependencyProvider -F/Users/amrsaied/Documents/Flutter/PayTab/github/react-native-paytabs-library/example/ios/Pods/hermes-engine/destroot/Library/Frameworks/universal -F/Users/amrsaied/DerivedData/PaymentsdkExample-fihmfcmcdadiqyacsuppipgwcqpk/Build/Products/Debug-iphonesimulator/XCFrameworkIntermediates/hermes-engine/Pre-built '-fmodule-map-file=/Users/amrsaied/Documents/Flutter/PayTab/github/react-native-paytabs-library/example/ios/Pods/Headers/Public/RCTDeprecation/RCTDeprecation.modulemap' '-fmodule-map-file=/Users/amrsaied/Documents/Flutter/PayTab/github/react-native-paytabs-library/example/ios/Pods/Headers/Public/RCTFabric/React-RCTFabric.modulemap' '-fmodule-map-file=/Users/amrsaied/Documents/Flutter/PayTab/github/react-native-paytabs-library/example/ios/Pods/Headers/Public/RCTRuntime/React-RCTRuntime.modulemap' '-fmodule-map-file=/Users/amrsaied/Documents/Flutter/PayTab/github/react-native-paytabs-library/example/ios/Pods/Headers/Public/RCTTypeSafety/RCTTypeSafety.modulemap' '-fmodule-map-file=/Users/amrsaied/Documents/Flutter/PayTab/github/react-native-paytabs-library/example/ios/Pods/Headers/Public/React/React-Core.modulemap' '-fmodule-map-file=/Users/amrsaied/Documents/Flutter/PayTab/github/react-native-paytabs-library/example/ios/Pods/Headers/Public/ReactCodegen/ReactCodegen.modulemap' '-fmodule-map-file=/Users/amrsaied/Documents/Flutter/PayTab/github/react-native-paytabs-library/example/ios/Pods/Headers/Public/ReactCommon/ReactCommon.modulemap' '-fmodule-map-file=/Users/amrsaied/Documents/Flutter/PayTab/github/react-native-paytabs-library/example/ios/Pods/Headers/Public/React_Fabric/React-Fabric.modulemap' '-fmodule-map-file=/Users/amrsaied/Documents/Flutter/PayTab/github/react-native-paytabs-library/example/ios/Pods/Headers/Public/React_FabricComponents/React-FabricComponents.modulemap' '-fmodule-map-file=/Users/amrsaied/Documents/Flutter/PayTab/github/react-native-paytabs-library/example/ios/Pods/Headers/Public/React_NativeModulesApple/React-NativeModulesApple.modulemap' '-fmodule-map-file=/Users/amrsaied/Documents/Flutter/PayTab/github/react-native-paytabs-library/example/ios/Pods/Headers/Public/React_RCTAppDelegate/React-RCTAppDelegate.modulemap' '-fmodule-map-file=/Users/amrsaied/Documents/Flutter/PayTab/github/react-native-paytabs-library/example/ios/Pods/Headers/Public/folly/RCT-Folly.modulemap' '-fmodule-map-file=/Users/amrsaied/Documents/Flutter/PayTab/github/react-native-paytabs-library/example/ios/Pods/Headers/Public/jsi/React-jsi.modulemap' '-fmodule-map-file=/Users/amrsaied/Documents/Flutter/PayTab/github/react-native-paytabs-library/example/ios/Pods/Headers/Public/jsinspector_modern/React-jsinspector.modulemap' '-fmodule-map-file=/Users/amrsaied/Documents/Flutter/PayTab/github/react-native-paytabs-library/example/ios/Pods/Headers/Public/jsinspector_modern_tracing/React-jsinspectortracing.modulemap' '-fmodule-map-file=/Users/amrsaied/Documents/Flutter/PayTab/github/react-native-paytabs-library/example/ios/Pods/Headers/Public/react_debug/React-debug.modulemap' '-fmodule-map-file=/Users/amrsaied/Documents/Flutter/PayTab/github/react-native-paytabs-library/example/ios/Pods/Headers/Public/react_featureflags/React-featureflags.modulemap' '-fmodule-map-file=/Users/amrsaied/Documents/Flutter/PayTab/github/react-native-paytabs-library/example/ios/Pods/Headers/Public/react_nativemodule_defaults/React-defaultsnativemodule.modulemap' '-fmodule-map-file=/Users/amrsaied/Documents/Flutter/PayTab/github/react-native-paytabs-library/example/ios/Pods/Headers/Public/react_nativemodule_dom/React-domnativemodule.modulemap' '-fmodule-map-file=/Users/amrsaied/Documents/Flutter/PayTab/github/react-native-paytabs-library/example/ios/Pods/Headers/Public/react_nativemodule_featureflags/React-featureflagsnativemodule.modulemap' '-fmodule-map-file=/Users/amrsaied/Documents/Flutter/PayTab/github/react-native-paytabs-library/example/ios/Pods/Headers/Public/react_nativemodule_idlecallbacks/React-idlecallbacksnativemodule.modulemap' '-fmodule-map-file=/Users/amrsaied/Documents/Flutter/PayTab/github/react-native-paytabs-library/example/ios/Pods/Headers/Public/react_nativemodule_microtasks/React-microtasksnativemodule.modulemap' '-fmodule-map-file=/Users/amrsaied/Documents/Flutter/PayTab/github/react-native-paytabs-library/example/ios/Pods/Headers/Public/react_renderer_css/React-renderercss.modulemap' '-fmodule-map-file=/Users/amrsaied/Documents/Flutter/PayTab/github/react-native-paytabs-library/example/ios/Pods/Headers/Public/react_renderer_debug/React-rendererdebug.modulemap' '-fmodule-map-file=/Users/amrsaied/Documents/Flutter/PayTab/github/react-native-paytabs-library/example/ios/Pods/Headers/Public/react_renderer_graphics/React-graphics.modulemap' '-fmodule-map-file=/Users/amrsaied/Documents/Flutter/PayTab/github/react-native-paytabs-library/example/ios/Pods/Headers/Public/react_renderer_imagemanager/React-ImageManager.modulemap' '-fmodule-map-file=/Users/amrsaied/Documents/Flutter/PayTab/github/react-native-paytabs-library/example/ios/Pods/Headers/Public/react_runtime/React-jsitooling.modulemap' '-fmodule-map-file=/Users/amrsaied/Documents/Flutter/PayTab/github/react-native-paytabs-library/example/ios/Pods/Headers/Public/react_utils/React-utils.modulemap' '-fmodule-map-file=/Users/amrsaied/Documents/Flutter/PayTab/github/react-native-paytabs-library/example/ios/Pods/Headers/Public/reacthermes/React-hermes.modulemap' '-fmodule-map-file=/Users/amrsaied/Documents/Flutter/PayTab/github/react-native-paytabs-library/example/ios/Pods/Headers/Public/yoga/Yoga.modulemap'

WriteAuxiliaryFile /Users/amrsaied/DerivedData/PaymentsdkExample-fihmfcmcdadiqyacsuppipgwcqpk/Build/Intermediates.noindex/Pods.build/Debug-iphonesimulator/ReactAppDependencyProvider.build/Objects-normal/arm64/af3fcb34312c57c0f52879cdce924b91-common-args.resp (in target 'ReactAppDependencyProvider' from project 'Pods')
    cd /Users/amrsaied/Documents/Flutter/PayTab/github/react-native-paytabs-library/example/ios/Pods
    write-file /Users/amrsaied/DerivedData/PaymentsdkExample-fihmfcmcdadiqyacsuppipgwcqpk/Build/Intermediates.noindex/Pods.build/Debug-iphonesimulator/ReactAppDependencyProvider.build/Objects-normal/arm64/af3fcb34312c57c0f52879cdce924b91-common-args.resp
-target arm64-apple-ios15.1-simulator '-std=c++20' '-stdlib=libc++' -fobjc-arc -fmodules -fno-cxx-modules '-fmodules-cache-path=/Users/amrsaied/DerivedData/ModuleCache.noindex' '-fmodule-name=ReactAppDependencyProvider' '-D_LIBCPP_HARDENING_MODE=_LIBCPP_HARDENING_MODE_DEBUG' -fpascal-strings -O0 -fno-common '-DPOD_CONFIGURATION_DEBUG=1' '-DDEBUG=1' '-DCOCOAPODS=1' '-DOBJC_OLD_DISPATCH_PROTOTYPES=0' -isysroot /Applications/Xcode.app/Contents/Developer/Platforms/iPhoneSimulator.platform/Developer/SDKs/iPhoneSimulator26.2.sdk -g '-fobjc-abi-version=2' -fobjc-legacy-dispatch -iquote /Users/amrsaied/DerivedData/PaymentsdkExample-fihmfcmcdadiqyacsuppipgwcqpk/Build/Intermediates.noindex/Pods.build/Debug-iphonesimulator/ReactAppDependencyProvider.build/ReactAppDependencyProvider-generated-files.hmap -I/Users/amrsaied/DerivedData/PaymentsdkExample-fihmfcmcdadiqyacsuppipgwcqpk/Build/Intermediates.noindex/Pods.build/Debug-iphonesimulator/ReactAppDependencyProvider.build/ReactAppDependencyProvider-own-target-headers.hmap -I/Users/amrsaied/DerivedData/PaymentsdkExample-fihmfcmcdadiqyacsuppipgwcqpk/Build/Intermediates.noindex/Pods.build/Debug-iphonesimulator/ReactAppDependencyProvider.build/ReactAppDependencyProvider-all-non-framework-target-headers.hmap -ivfsoverlay /Users/amrsaied/DerivedData/PaymentsdkExample-fihmfcmcdadiqyacsuppipgwcqpk/Build/Intermediates.noindex/Pods.build/Debug-iphonesimulator/Pods-8699adb1dd336b26511df848a716bd42-VFS-iphonesimulator/all-product-headers.yaml -iquote /Users/amrsaied/DerivedData/PaymentsdkExample-fihmfcmcdadiqyacsuppipgwcqpk/Build/Intermediates.noindex/Pods.build/Debug-iphonesimulator/ReactAppDependencyProvider.build/ReactAppDependencyProvider-project-headers.hmap -I/Users/amrsaied/DerivedData/PaymentsdkExample-fihmfcmcdadiqyacsuppipgwcqpk/Build/Products/Debug-iphonesimulator/ReactAppDependencyProvider/include -I/Users/amrsaied/Documents/Flutter/PayTab/github/react-native-paytabs-library/example/ios/Pods/Headers/Private -I/Users/amrsaied/Documents/Flutter/PayTab/github/react-native-paytabs-library/example/ios/Pods/Headers/Private/ReactAppDependencyProvider -I/Users/amrsaied/Documents/Flutter/PayTab/github/react-native-paytabs-library/example/ios/Pods/Headers/Public -I/Users/amrsaied/Documents/Flutter/PayTab/github/react-native-paytabs-library/example/ios/Pods/Headers/Public/DoubleConversion -I/Users/amrsaied/Documents/Flutter/PayTab/github/react-native-paytabs-library/example/ios/Pods/Headers/Public/FBLazyVector -I/Users/amrsaied/Documents/Flutter/PayTab/github/react-native-paytabs-library/example/ios/Pods/Headers/Public/RCT-Folly -I/Users/amrsaied/Documents/Flutter/PayTab/github/react-native-paytabs-library/example/ios/Pods/Headers/Public/RCTRequired -I/Users/amrsaied/Documents/Flutter/PayTab/github/react-native-paytabs-library/example/ios/Pods/Headers/Public/RCTTypeSafety -I/Users/amrsaied/Documents/Flutter/PayTab/github/react-native-paytabs-library/example/ios/Pods/Headers/Public/React-Core -I/Users/amrsaied/Documents/Flutter/PayTab/github/react-native-paytabs-library/example/ios/Pods/Headers/Public/React-Fabric -I/Users/amrsaied/Documents/Flutter/PayTab/github/react-native-paytabs-library/example/ios/Pods/Headers/Public/React-FabricComponents -I/Users/amrsaied/Documents/Flutter/PayTab/github/react-native-paytabs-library/example/ios/Pods/Headers/Public/React-FabricImage -I/Users/amrsaied/Documents/Flutter/PayTab/github/react-native-paytabs-library/example/ios/Pods/Headers/Public/React-ImageManager -I/Users/amrsaied/Documents/Flutter/PayTab/github/react-native-paytabs-library/example/ios/Pods/Headers/Public/React-Mapbuffer -I/Users/amrsaied/Documents/Flutter/PayTab/github/react-native-paytabs-library/example/ios/Pods/Headers/Public/React-NativeModulesApple -I/Users/amrsaied/Documents/Flutter/PayTab/github/react-native-paytabs-library/example/ios/Pods/Headers/Public/React-RCTAnimation -I/Users/amrsaied/Documents/Flutter/PayTab/github/react-native-paytabs-library/example/ios/Pods/Headers/Public/React-RCTBlob -I/Users/amrsaied/Documents/Flutter/PayTab/github/react-native-paytabs-library/example/ios/Pods/Headers/Public/React-RCTFBReactNativeSpec -I/Users/amrsaied/Documents/Flutter/PayTab/github/react-native-paytabs-library/example/ios/Pods/Headers/Public/React-RCTFabric -I/Users/amrsaied/Documents/Flutter/PayTab/github/react-native-paytabs-library/example/ios/Pods/Headers/Public/React-RCTRuntime -I/Users/amrsaied/Documents/Flutter/PayTab/github/react-native-paytabs-library/example/ios/Pods/Headers/Public/React-RCTText -I/Users/amrsaied/Documents/Flutter/PayTab/github/react-native-paytabs-library/example/ios/Pods/Headers/Public/React-RuntimeApple -I/Users/amrsaied/Documents/Flutter/PayTab/github/react-native-paytabs-library/example/ios/Pods/Headers/Public/React-RuntimeCore -I/Users/amrsaied/Documents/Flutter/PayTab/github/react-native-paytabs-library/example/ios/Pods/Headers/Public/React-RuntimeHermes -I/Users/amrsaied/Documents/Flutter/PayTab/github/react-native-paytabs-library/example/ios/Pods/Headers/Public/React-callinvoker -I/Users/amrsaied/Documents/Flutter/PayTab/github/react-native-paytabs-library/example/ios/Pods/Headers/Public/React-cxxreact -I/Users/amrsaied/Documents/Flutter/PayTab/github/react-native-paytabs-library/example/ios/Pods/Headers/Public/React-debug -I/Users/amrsaied/Documents/Flutter/PayTab/github/react-native-paytabs-library/example/ios/Pods/Headers/Public/React-defaultsnativemodule -I/Users/amrsaied/Documents/Flutter/PayTab/github/react-native-paytabs-library/example/ios/Pods/Headers/Public/React-domnativemodule -I/Users/amrsaied/Documents/Flutter/PayTab/github/react-native-paytabs-library/example/ios/Pods/Headers/Public/React-featureflags -I/Users/amrsaied/Documents/Flutter/PayTab/github/react-native-paytabs-library/example/ios/Pods/Headers/Public/React-featureflagsnativemodule -I/Users/amrsaied/Documents/Flutter/PayTab/github/react-native-paytabs-library/example/ios/Pods/Headers/Public/React-graphics -I/Users/amrsaied/Documents/Flutter/PayTab/github/react-native-paytabs-library/example/ios/Pods/Headers/Public/React-hermes -I/Users/amrsaied/Documents/Flutter/PayTab/github/react-native-paytabs-library/example/ios/Pods/Headers/Public/React-idlecallbacksnativemodule -I/Users/amrsaied/Documents/Flutter/PayTab/github/react-native-paytabs-library/example/ios/Pods/Headers/Public/React-jserrorhandler -I/Users/amrsaied/Documents/Flutter/PayTab/github/react-native-paytabs-library/example/ios/Pods/Headers/Public/React-jsi -I/Users/amrsaied/Documents/Flutter/PayTab/github/react-native-paytabs-library/example/ios/Pods/Headers/Public/React-jsiexecutor -I/Users/amrsaied/Documents/Flutter/PayTab/github/react-native-paytabs-library/example/ios/Pods/Headers/Public/React-jsinspector -I/Users/amrsaied/Documents/Flutter/PayTab/github/react-native-paytabs-library/example/ios/Pods/Headers/Public/React-jsinspectortracing -I/Users/amrsaied/Documents/Flutter/PayTab/github/react-native-paytabs-library/example/ios/Pods/Headers/Public/React-jsitooling -I/Users/amrsaied/Documents/Flutter/PayTab/github/react-native-paytabs-library/example/ios/Pods/Headers/Public/React-jsitracing -I/Users/amrsaied/Documents/Flutter/PayTab/github/react-native-paytabs-library/example/ios/Pods/Headers/Public/React-logger -I/Users/amrsaied/Documents/Flutter/PayTab/github/react-native-paytabs-library/example/ios/Pods/Headers/Public/React-microtasksnativemodule -I/Users/amrsaied/Documents/Flutter/PayTab/github/react-native-paytabs-library/example/ios/Pods/Headers/Public/React-oscompat -I/Users/amrsaied/Documents/Flutter/PayTab/github/react-native-paytabs-library/example/ios/Pods/Headers/Public/React-perflogger -I/Users/amrsaied/Documents/Flutter/PayTab/github/react-native-paytabs-library/example/ios/Pods/Headers/Public/React-performancetimeline -I/Users/amrsaied/Documents/Flutter/PayTab/github/react-native-paytabs-library/example/ios/Pods/Headers/Public/React-rendererconsistency -I/Users/amrsaied/Documents/Flutter/PayTab/github/react-native-paytabs-library/example/ios/Pods/Headers/Public/React-renderercss -I/Users/amrsaied/Documents/Flutter/PayTab/github/react-native-paytabs-library/example/ios/Pods/Headers/Public/React-rendererdebug -I/Users/amrsaied/Documents/Flutter/PayTab/github/react-native-paytabs-library/example/ios/Pods/Headers/Public/React-runtimeexecutor -I/Users/amrsaied/Documents/Flutter/PayTab/github/react-native-paytabs-library/example/ios/Pods/Headers/Public/React-runtimescheduler -I/Users/amrsaied/Documents/Flutter/PayTab/github/react-native-paytabs-library/example/ios/Pods/Headers/Public/React-timing -I/Users/amrsaied/Documents/Flutter/PayTab/github/react-native-paytabs-library/example/ios/Pods/Headers/Public/React-utils -I/Users/amrsaied/Documents/Flutter/PayTab/github/react-native-paytabs-library/example/ios/Pods/Headers/Public/ReactCodegen -I/Users/amrsaied/Documents/Flutter/PayTab/github/react-native-paytabs-library/example/ios/Pods/Headers/Public/ReactCommon -I/Users/amrsaied/Documents/Flutter/PayTab/github/react-native-paytabs-library/example/ios/Pods/Headers/Public/Yoga -I/Users/amrsaied/Documents/Flutter/PayTab/github/react-native-paytabs-library/example/ios/Pods/Headers/Public/boost -I/Users/amrsaied/Documents/Flutter/PayTab/github/react-native-paytabs-library/example/ios/Pods/Headers/Public/fast_float -I/Users/amrsaied/Documents/Flutter/PayTab/github/react-native-paytabs-library/example/ios/Pods/Headers/Public/fmt -I/Users/amrsaied/Documents/Flutter/PayTab/github/react-native-paytabs-library/example/ios/Pods/Headers/Public/glog -I/Users/amrsaied/Documents/Flutter/PayTab/github/react-native-paytabs-library/example/ios/Pods/Headers/Public/hermes-engine -I/Users/amrsaied/DerivedData/PaymentsdkExample-fihmfcmcdadiqyacsuppipgwcqpk/Build/Intermediates.noindex/Pods.build/Debug-iphonesimulator/ReactAppDependencyProvider.build/DerivedSources-normal/arm64 -I/Users/amrsaied/DerivedData/PaymentsdkExample-fihmfcmcdadiqyacsuppipgwcqpk/Build/Intermediates.noindex/Pods.build/Debug-iphonesimulator/ReactAppDependencyProvider.build/DerivedSources/arm64 -I/Users/amrsaied/DerivedData/PaymentsdkExample-fihmfcmcdadiqyacsuppipgwcqpk/Build/Intermediates.noindex/Pods.build/Debug-iphonesimulator/ReactAppDependencyProvider.build/DerivedSources -F/Users/amrsaied/DerivedData/PaymentsdkExample-fihmfcmcdadiqyacsuppipgwcqpk/Build/Products/Debug-iphonesimulator/ReactAppDependencyProvider -F/Users/amrsaied/Documents/Flutter/PayTab/github/react-native-paytabs-library/example/ios/Pods/hermes-engine/destroot/Library/Frameworks/universal -F/Users/amrsaied/DerivedData/PaymentsdkExample-fihmfcmcdadiqyacsuppipgwcqpk/Build/Products/Debug-iphonesimulator/XCFrameworkIntermediates/hermes-engine/Pre-built '-fmodule-map-file=/Users/amrsaied/Documents/Flutter/PayTab/github/react-native-paytabs-library/example/ios/Pods/Headers/Public/RCTDeprecation/RCTDeprecation.modulemap' '-fmodule-map-file=/Users/amrsaied/Documents/Flutter/PayTab/github/react-native-paytabs-library/example/ios/Pods/Headers/Public/RCTFabric/React-RCTFabric.modulemap' '-fmodule-map-file=/Users/amrsaied/Documents/Flutter/PayTab/github/react-native-paytabs-library/example/ios/Pods/Headers/Public/RCTRuntime/React-RCTRuntime.modulemap' '-fmodule-map-file=/Users/amrsaied/Documents/Flutter/PayTab/github/react-native-paytabs-library/example/ios/Pods/Headers/Public/RCTTypeSafety/RCTTypeSafety.modulemap' '-fmodule-map-file=/Users/amrsaied/Documents/Flutter/PayTab/github/react-native-paytabs-library/example/ios/Pods/Headers/Public/React/React-Core.modulemap' '-fmodule-map-file=/Users/amrsaied/Documents/Flutter/PayTab/github/react-native-paytabs-library/example/ios/Pods/Headers/Public/ReactCodegen/ReactCodegen.modulemap' '-fmodule-map-file=/Users/amrsaied/Documents/Flutter/PayTab/github/react-native-paytabs-library/example/ios/Pods/Headers/Public/ReactCommon/ReactCommon.modulemap' '-fmodule-map-file=/Users/amrsaied/Documents/Flutter/PayTab/github/react-native-paytabs-library/example/ios/Pods/Headers/Public/React_Fabric/React-Fabric.modulemap' '-fmodule-map-file=/Users/amrsaied/Documents/Flutter/PayTab/github/react-native-paytabs-library/example/ios/Pods/Headers/Public/React_FabricComponents/React-FabricComponents.modulemap' '-fmodule-map-file=/Users/amrsaied/Documents/Flutter/PayTab/github/react-native-paytabs-library/example/ios/Pods/Headers/Public/React_NativeModulesApple/React-NativeModulesApple.modulemap' '-fmodule-map-file=/Users/amrsaied/Documents/Flutter/PayTab/github/react-native-paytabs-library/example/ios/Pods/Headers/Public/React_RCTAppDelegate/React-RCTAppDelegate.modulemap' '-fmodule-map-file=/Users/amrsaied/Documents/Flutter/PayTab/github/react-native-paytabs-library/example/ios/Pods/Headers/Public/folly/RCT-Folly.modulemap' '-fmodule-map-file=/Users/amrsaied/Documents/Flutter/PayTab/github/react-native-paytabs-library/example/ios/Pods/Headers/Public/jsi/React-jsi.modulemap' '-fmodule-map-file=/Users/amrsaied/Documents/Flutter/PayTab/github/react-native-paytabs-library/example/ios/Pods/Headers/Public/jsinspector_modern/React-jsinspector.modulemap' '-fmodule-map-file=/Users/amrsaied/Documents/Flutter/PayTab/github/react-native-paytabs-library/example/ios/Pods/Headers/Public/jsinspector_modern_tracing/React-jsinspectortracing.modulemap' '-fmodule-map-file=/Users/amrsaied/Documents/Flutter/PayTab/github/react-native-paytabs-library/example/ios/Pods/Headers/Public/react_debug/React-debug.modulemap' '-fmodule-map-file=/Users/amrsaied/Documents/Flutter/PayTab/github/react-native-paytabs-library/example/ios/Pods/Headers/Public/react_featureflags/React-featureflags.modulemap' '-fmodule-map-file=/Users/amrsaied/Documents/Flutter/PayTab/github/react-native-paytabs-library/example/ios/Pods/Headers/Public/react_nativemodule_defaults/React-defaultsnativemodule.modulemap' '-fmodule-map-file=/Users/amrsaied/Documents/Flutter/PayTab/github/react-native-paytabs-library/example/ios/Pods/Headers/Public/react_nativemodule_dom/React-domnativemodule.modulemap' '-fmodule-map-file=/Users/amrsaied/Documents/Flutter/PayTab/github/react-native-paytabs-library/example/ios/Pods/Headers/Public/react_nativemodule_featureflags/React-featureflagsnativemodule.modulemap' '-fmodule-map-file=/Users/amrsaied/Documents/Flutter/PayTab/github/react-native-paytabs-library/example/ios/Pods/Headers/Public/react_nativemodule_idlecallbacks/React-idlecallbacksnativemodule.modulemap' '-fmodule-map-file=/Users/amrsaied/Documents/Flutter/PayTab/github/react-native-paytabs-library/example/ios/Pods/Headers/Public/react_nativemodule_microtasks/React-microtasksnativemodule.modulemap' '-fmodule-map-file=/Users/amrsaied/Documents/Flutter/PayTab/github/react-native-paytabs-library/example/ios/Pods/Headers/Public/react_renderer_css/React-renderercss.modulemap' '-fmodule-map-file=/Users/amrsaied/Documents/Flutter/PayTab/github/react-native-paytabs-library/example/ios/Pods/Headers/Public/react_renderer_debug/React-rendererdebug.modulemap' '-fmodule-map-file=/Users/amrsaied/Documents/Flutter/PayTab/github/react-native-paytabs-library/example/ios/Pods/Headers/Public/react_renderer_graphics/React-graphics.modulemap' '-fmodule-map-file=/Users/amrsaied/Documents/Flutter/PayTab/github/react-native-paytabs-library/example/ios/Pods/Headers/Public/react_renderer_imagemanager/React-ImageManager.modulemap' '-fmodule-map-file=/Users/amrsaied/Documents/Flutter/PayTab/github/react-native-paytabs-library/example/ios/Pods/Headers/Public/react_runtime/React-jsitooling.modulemap' '-fmodule-map-file=/Users/amrsaied/Documents/Flutter/PayTab/github/react-native-paytabs-library/example/ios/Pods/Headers/Public/react_utils/React-utils.modulemap' '-fmodule-map-file=/Users/amrsaied/Documents/Flutter/PayTab/github/react-native-paytabs-library/example/ios/Pods/Headers/Public/reacthermes/React-hermes.modulemap' '-fmodule-map-file=/Users/amrsaied/Documents/Flutter/PayTab/github/react-native-paytabs-library/example/ios/Pods/Headers/Public/yoga/Yoga.modulemap'

WriteAuxiliaryFile /Users/amrsaied/DerivedData/PaymentsdkExample-fihmfcmcdadiqyacsuppipgwcqpk/Build/Intermediates.noindex/Pods.build/Debug-iphonesimulator/ReactAppDependencyProvider.build/Objects-normal/arm64/ReactAppDependencyProvider.LinkFileList (in target 'ReactAppDependencyProvider' from project 'Pods')
    cd /Users/amrsaied/Documents/Flutter/PayTab/github/react-native-paytabs-library/example/ios/Pods
    write-file /Users/amrsaied/DerivedData/PaymentsdkExample-fihmfcmcdadiqyacsuppipgwcqpk/Build/Intermediates.noindex/Pods.build/Debug-iphonesimulator/ReactAppDependencyProvider.build/Objects-normal/arm64/ReactAppDependencyProvider.LinkFileList

WriteAuxiliaryFile /Users/amrsaied/DerivedData/PaymentsdkExample-fihmfcmcdadiqyacsuppipgwcqpk/Build/Intermediates.noindex/Pods.build/Debug-iphonesimulator/React-perflogger.build/React-perflogger.DependencyStaticMetadataFileList (in target 'React-perflogger' from project 'Pods')
    cd /Users/amrsaied/Documents/Flutter/PayTab/github/react-native-paytabs-library/example/ios/Pods
    write-file /Users/amrsaied/DerivedData/PaymentsdkExample-fihmfcmcdadiqyacsuppipgwcqpk/Build/Intermediates.noindex/Pods.build/Debug-iphonesimulator/React-perflogger.build/React-perflogger.DependencyStaticMetadataFileList

WriteAuxiliaryFile /Users/amrsaied/DerivedData/PaymentsdkExample-fihmfcmcdadiqyacsuppipgwcqpk/Build/Intermediates.noindex/Pods.build/Debug-iphonesimulator/React-perflogger.build/React-perflogger.DependencyMetadataFileList (in target 'React-perflogger' from project 'Pods')
    cd /Users/amrsaied/Documents/Flutter/PayTab/github/react-native-paytabs-library/example/ios/Pods
    write-file /Users/amrsaied/DerivedData/PaymentsdkExample-fihmfcmcdadiqyacsuppipgwcqpk/Build/Intermediates.noindex/Pods.build/Debug-iphonesimulator/React-perflogger.build/React-perflogger.DependencyMetadataFileList

WriteAuxiliaryFile /Users/amrsaied/DerivedData/PaymentsdkExample-fihmfcmcdadiqyacsuppipgwcqpk/Build/Intermediates.noindex/Pods.build/Debug-iphonesimulator/React-perflogger.build/React-perflogger-project-headers.hmap (in target 'React-perflogger' from project 'Pods')
    cd /Users/amrsaied/Documents/Flutter/PayTab/github/react-native-paytabs-library/example/ios/Pods
    write-file /Users/amrsaied/DerivedData/PaymentsdkExample-fihmfcmcdadiqyacsuppipgwcqpk/Build/Intermediates.noindex/Pods.build/Debug-iphonesimulator/React-perflogger.build/React-perflogger-project-headers.hmap

WriteAuxiliaryFile /Users/amrsaied/DerivedData/PaymentsdkExample-fihmfcmcdadiqyacsuppipgwcqpk/Build/Intermediates.noindex/Pods.build/Debug-iphonesimulator/React-perflogger.build/React-perflogger-own-target-headers.hmap (in target 'React-perflogger' from project 'Pods')
    cd /Users/amrsaied/Documents/Flutter/PayTab/github/react-native-paytabs-library/example/ios/Pods
    write-file /Users/amrsaied/DerivedData/PaymentsdkExample-fihmfcmcdadiqyacsuppipgwcqpk/Build/Intermediates.noindex/Pods.build/Debug-iphonesimulator/React-perflogger.build/React-perflogger-own-target-headers.hmap

WriteAuxiliaryFile /Users/amrsaied/DerivedData/PaymentsdkExample-fihmfcmcdadiqyacsuppipgwcqpk/Build/Intermediates.noindex/Pods.build/Debug-iphonesimulator/React-perflogger.build/Objects-normal/arm64/e6072d4f65d7061329687fe24e3d63a7-common-args.resp (in target 'React-perflogger' from project 'Pods')
    cd /Users/amrsaied/Documents/Flutter/PayTab/github/react-native-paytabs-library/example/ios/Pods
    write-file /Users/amrsaied/DerivedData/PaymentsdkExample-fihmfcmcdadiqyacsuppipgwcqpk/Build/Intermediates.noindex/Pods.build/Debug-iphonesimulator/React-perflogger.build/Objects-normal/arm64/e6072d4f65d7061329687fe24e3d63a7-common-args.resp
-target arm64-apple-ios15.1-simulator '-std=gnu11' -fobjc-arc -fmodules '-fmodules-cache-path=/Users/amrsaied/DerivedData/ModuleCache.noindex' -fpascal-strings -O0 -fno-common '-DPOD_CONFIGURATION_DEBUG=1' '-DDEBUG=1' '-DCOCOAPODS=1' '-DOBJC_OLD_DISPATCH_PROTOTYPES=0' -isysroot /Applications/Xcode.app/Contents/Developer/Platforms/iPhoneSimulator.platform/Developer/SDKs/iPhoneSimulator26.2.sdk -g '-fobjc-abi-version=2' -fobjc-legacy-dispatch -iquote /Users/amrsaied/DerivedData/PaymentsdkExample-fihmfcmcdadiqyacsuppipgwcqpk/Build/Intermediates.noindex/Pods.build/Debug-iphonesimulator/React-perflogger.build/React-perflogger-generated-files.hmap -I/Users/amrsaied/DerivedData/PaymentsdkExample-fihmfcmcdadiqyacsuppipgwcqpk/Build/Intermediates.noindex/Pods.build/Debug-iphonesimulator/React-perflogger.build/React-perflogger-own-target-headers.hmap -I/Users/amrsaied/DerivedData/PaymentsdkExample-fihmfcmcdadiqyacsuppipgwcqpk/Build/Intermediates.noindex/Pods.build/Debug-iphonesimulator/React-perflogger.build/React-perflogger-all-non-framework-target-headers.hmap -ivfsoverlay /Users/amrsaied/DerivedData/PaymentsdkExample-fihmfcmcdadiqyacsuppipgwcqpk/Build/Intermediates.noindex/Pods.build/Debug-iphonesimulator/Pods-8699adb1dd336b26511df848a716bd42-VFS-iphonesimulator/all-product-headers.yaml -iquote /Users/amrsaied/DerivedData/PaymentsdkExample-fihmfcmcdadiqyacsuppipgwcqpk/Build/Intermediates.noindex/Pods.build/Debug-iphonesimulator/React-perflogger.build/React-perflogger-project-headers.hmap -I/Users/amrsaied/DerivedData/PaymentsdkExample-fihmfcmcdadiqyacsuppipgwcqpk/Build/Products/Debug-iphonesimulator/React-perflogger/include -I/Users/amrsaied/Documents/Flutter/PayTab/github/react-native-paytabs-library/example/ios/Pods/Headers/Private -I/Users/amrsaied/Documents/Flutter/PayTab/github/react-native-paytabs-library/example/ios/Pods/Headers/Private/React-perflogger -I/Users/amrsaied/Documents/Flutter/PayTab/github/react-native-paytabs-library/example/ios/Pods/Headers/Public -I/Users/amrsaied/Documents/Flutter/PayTab/github/react-native-paytabs-library/example/ios/Pods/Headers/Public/DoubleConversion -I/Users/amrsaied/Documents/Flutter/PayTab/github/react-native-paytabs-library/example/ios/Pods/Headers/Public/RCT-Folly -I/Users/amrsaied/Documents/Flutter/PayTab/github/react-native-paytabs-library/example/ios/Pods/Headers/Public/React-perflogger -I/Users/amrsaied/Documents/Flutter/PayTab/github/react-native-paytabs-library/example/ios/Pods/Headers/Public/boost -I/Users/amrsaied/Documents/Flutter/PayTab/github/react-native-paytabs-library/example/ios/Pods/Headers/Public/fast_float -I/Users/amrsaied/Documents/Flutter/PayTab/github/react-native-paytabs-library/example/ios/Pods/Headers/Public/fmt -I/Users/amrsaied/Documents/Flutter/PayTab/github/react-native-paytabs-library/example/ios/Pods/Headers/Public/glog -I/Users/amrsaied/Documents/Flutter/PayTab/github/react-native-paytabs-library/example/node_modules/react-native/ReactCommon -I/Users/amrsaied/Documents/Flutter/PayTab/github/react-native-paytabs-library/example/ios/Pods/RCT-Folly -I/Users/amrsaied/Documents/Flutter/PayTab/github/react-native-paytabs-library/example/ios/Pods/DoubleConversion -I/Users/amrsaied/Documents/Flutter/PayTab/github/react-native-paytabs-library/example/ios/Pods/fast_float/include -I/Users/amrsaied/Documents/Flutter/PayTab/github/react-native-paytabs-library/example/ios/Pods/fmt/include -I/Users/amrsaied/DerivedData/PaymentsdkExample-fihmfcmcdadiqyacsuppipgwcqpk/Build/Intermediates.noindex/Pods.build/Debug-iphonesimulator/React-perflogger.build/DerivedSources-normal/arm64 -I/Users/amrsaied/DerivedData/PaymentsdkExample-fihmfcmcdadiqyacsuppipgwcqpk/Build/Intermediates.noindex/Pods.build/Debug-iphonesimulator/React-perflogger.build/DerivedSources/arm64 -I/Users/amrsaied/DerivedData/PaymentsdkExample-fihmfcmcdadiqyacsuppipgwcqpk/Build/Intermediates.noindex/Pods.build/Debug-iphonesimulator/React-perflogger.build/DerivedSources -F/Users/amrsaied/DerivedData/PaymentsdkExample-fihmfcmcdadiqyacsuppipgwcqpk/Build/Products/Debug-iphonesimulator/React-perflogger '-fmodule-map-file=/Users/amrsaied/Documents/Flutter/PayTab/github/react-native-paytabs-library/example/ios/Pods/Headers/Public/folly/RCT-Folly.modulemap'

WriteAuxiliaryFile /Users/amrsaied/DerivedData/PaymentsdkExample-fihmfcmcdadiqyacsuppipgwcqpk/Build/Intermediates.noindex/Pods.build/Debug-iphonesimulator/React-perflogger.build/Objects-normal/arm64/React-perflogger.LinkFileList (in target 'React-perflogger' from project 'Pods')
    cd /Users/amrsaied/Documents/Flutter/PayTab/github/react-native-paytabs-library/example/ios/Pods
    write-file /Users/amrsaied/DerivedData/PaymentsdkExample-fihmfcmcdadiqyacsuppipgwcqpk/Build/Intermediates.noindex/Pods.build/Debug-iphonesimulator/React-perflogger.build/Objects-normal/arm64/React-perflogger.LinkFileList

WriteAuxiliaryFile /Users/amrsaied/DerivedData/PaymentsdkExample-fihmfcmcdadiqyacsuppipgwcqpk/Build/Intermediates.noindex/Pods.build/Debug-iphonesimulator/React-perflogger.build/Objects-normal/arm64/82b82416624d2658e5098eb0a28c15c5-common-args.resp (in target 'React-perflogger' from project 'Pods')
    cd /Users/amrsaied/Documents/Flutter/PayTab/github/react-native-paytabs-library/example/ios/Pods
    write-file /Users/amrsaied/DerivedData/PaymentsdkExample-fihmfcmcdadiqyacsuppipgwcqpk/Build/Intermediates.noindex/Pods.build/Debug-iphonesimulator/React-perflogger.build/Objects-normal/arm64/82b82416624d2658e5098eb0a28c15c5-common-args.resp
-target arm64-apple-ios15.1-simulator '-std=c++20' '-stdlib=libc++' -fmodules -fno-cxx-modules '-fmodules-cache-path=/Users/amrsaied/DerivedData/ModuleCache.noindex' '-D_LIBCPP_HARDENING_MODE=_LIBCPP_HARDENING_MODE_DEBUG' -fpascal-strings -O0 -fno-common '-DPOD_CONFIGURATION_DEBUG=1' '-DDEBUG=1' '-DCOCOAPODS=1' -isysroot /Applications/Xcode.app/Contents/Developer/Platforms/iPhoneSimulator.platform/Developer/SDKs/iPhoneSimulator26.2.sdk -g -iquote /Users/amrsaied/DerivedData/PaymentsdkExample-fihmfcmcdadiqyacsuppipgwcqpk/Build/Intermediates.noindex/Pods.build/Debug-iphonesimulator/React-perflogger.build/React-perflogger-generated-files.hmap -I/Users/amrsaied/DerivedData/PaymentsdkExample-fihmfcmcdadiqyacsuppipgwcqpk/Build/Intermediates.noindex/Pods.build/Debug-iphonesimulator/React-perflogger.build/React-perflogger-own-target-headers.hmap -I/Users/amrsaied/DerivedData/PaymentsdkExample-fihmfcmcdadiqyacsuppipgwcqpk/Build/Intermediates.noindex/Pods.build/Debug-iphonesimulator/React-perflogger.build/React-perflogger-all-non-framework-target-headers.hmap -ivfsoverlay /Users/amrsaied/DerivedData/PaymentsdkExample-fihmfcmcdadiqyacsuppipgwcqpk/Build/Intermediates.noindex/Pods.build/Debug-iphonesimulator/Pods-8699adb1dd336b26511df848a716bd42-VFS-iphonesimulator/all-product-headers.yaml -iquote /Users/amrsaied/DerivedData/PaymentsdkExample-fihmfcmcdadiqyacsuppipgwcqpk/Build/Intermediates.noindex/Pods.build/Debug-iphonesimulator/React-perflogger.build/React-perflogger-project-headers.hmap -I/Users/amrsaied/DerivedData/PaymentsdkExample-fihmfcmcdadiqyacsuppipgwcqpk/Build/Products/Debug-iphonesimulator/React-perflogger/include -I/Users/amrsaied/Documents/Flutter/PayTab/github/react-native-paytabs-library/example/ios/Pods/Headers/Private -I/Users/amrsaied/Documents/Flutter/PayTab/github/react-native-paytabs-library/example/ios/Pods/Headers/Private/React-perflogger -I/Users/amrsaied/Documents/Flutter/PayTab/github/react-native-paytabs-library/example/ios/Pods/Headers/Public -I/Users/amrsaied/Documents/Flutter/PayTab/github/react-native-paytabs-library/example/ios/Pods/Headers/Public/DoubleConversion -I/Users/amrsaied/Documents/Flutter/PayTab/github/react-native-paytabs-library/example/ios/Pods/Headers/Public/RCT-Folly -I/Users/amrsaied/Documents/Flutter/PayTab/github/react-native-paytabs-library/example/ios/Pods/Headers/Public/React-perflogger -I/Users/amrsaied/Documents/Flutter/PayTab/github/react-native-paytabs-library/example/ios/Pods/Headers/Public/boost -I/Users/amrsaied/Documents/Flutter/PayTab/github/react-native-paytabs-library/example/ios/Pods/Headers/Public/fast_float -I/Users/amrsaied/Documents/Flutter/PayTab/github/react-native-paytabs-library/example/ios/Pods/Headers/Public/fmt -I/Users/amrsaied/Documents/Flutter/PayTab/github/react-native-paytabs-library/example/ios/Pods/Headers/Public/glog -I/Users/amrsaied/Documents/Flutter/PayTab/github/react-native-paytabs-library/example/node_modules/react-native/ReactCommon -I/Users/amrsaied/Documents/Flutter/PayTab/github/react-native-paytabs-library/example/ios/Pods/RCT-Folly -I/Users/amrsaied/Documents/Flutter/PayTab/github/react-native-paytabs-library/example/ios/Pods/DoubleConversion -I/Users/amrsaied/Documents/Flutter/PayTab/github/react-native-paytabs-library/example/ios/Pods/fast_float/include -I/Users/amrsaied/Documents/Flutter/PayTab/github/react-native-paytabs-library/example/ios/Pods/fmt/include -I/Users/amrsaied/DerivedData/PaymentsdkExample-fihmfcmcdadiqyacsuppipgwcqpk/Build/Intermediates.noindex/Pods.build/Debug-iphonesimulator/React-perflogger.build/DerivedSources-normal/arm64 -I/Users/amrsaied/DerivedData/PaymentsdkExample-fihmfcmcdadiqyacsuppipgwcqpk/Build/Intermediates.noindex/Pods.build/Debug-iphonesimulator/React-perflogger.build/DerivedSources/arm64 -I/Users/amrsaied/DerivedData/PaymentsdkExample-fihmfcmcdadiqyacsuppipgwcqpk/Build/Intermediates.noindex/Pods.build/Debug-iphonesimulator/React-perflogger.build/DerivedSources -F/Users/amrsaied/DerivedData/PaymentsdkExample-fihmfcmcdadiqyacsuppipgwcqpk/Build/Products/Debug-iphonesimulator/React-perflogger '-fmodule-map-file=/Users/amrsaied/Documents/Flutter/PayTab/github/react-native-paytabs-library/example/ios/Pods/Headers/Public/folly/RCT-Folly.modulemap'

WriteAuxiliaryFile /Users/amrsaied/DerivedData/PaymentsdkExample-fihmfcmcdadiqyacsuppipgwcqpk/Build/Intermediates.noindex/Pods.build/Debug-iphonesimulator/React-jsinspector.build/React-jsinspector.DependencyStaticMetadataFileList (in target 'React-jsinspector' from project 'Pods')
    cd /Users/amrsaied/Documents/Flutter/PayTab/github/react-native-paytabs-library/example/ios/Pods
    write-file /Users/amrsaied/DerivedData/PaymentsdkExample-fihmfcmcdadiqyacsuppipgwcqpk/Build/Intermediates.noindex/Pods.build/Debug-iphonesimulator/React-jsinspector.build/React-jsinspector.DependencyStaticMetadataFileList

WriteAuxiliaryFile /Users/amrsaied/DerivedData/PaymentsdkExample-fihmfcmcdadiqyacsuppipgwcqpk/Build/Intermediates.noindex/Pods.build/Debug-iphonesimulator/React-jsinspector.build/React-jsinspector-own-target-headers.hmap (in target 'React-jsinspector' from project 'Pods')
    cd /Users/amrsaied/Documents/Flutter/PayTab/github/react-native-paytabs-library/example/ios/Pods
    write-file /Users/amrsaied/DerivedData/PaymentsdkExample-fihmfcmcdadiqyacsuppipgwcqpk/Build/Intermediates.noindex/Pods.build/Debug-iphonesimulator/React-jsinspector.build/React-jsinspector-own-target-headers.hmap

WriteAuxiliaryFile /Users/amrsaied/DerivedData/PaymentsdkExample-fihmfcmcdadiqyacsuppipgwcqpk/Build/Intermediates.noindex/Pods.build/Debug-iphonesimulator/React-jsinspector.build/React-jsinspector-project-headers.hmap (in target 'React-jsinspector' from project 'Pods')
    cd /Users/amrsaied/Documents/Flutter/PayTab/github/react-native-paytabs-library/example/ios/Pods
    write-file /Users/amrsaied/DerivedData/PaymentsdkExample-fihmfcmcdadiqyacsuppipgwcqpk/Build/Intermediates.noindex/Pods.build/Debug-iphonesimulator/React-jsinspector.build/React-jsinspector-project-headers.hmap

WriteAuxiliaryFile /Users/amrsaied/DerivedData/PaymentsdkExample-fihmfcmcdadiqyacsuppipgwcqpk/Build/Intermediates.noindex/Pods.build/Debug-iphonesimulator/React-jsinspector.build/React-jsinspector.DependencyMetadataFileList (in target 'React-jsinspector' from project 'Pods')
    cd /Users/amrsaied/Documents/Flutter/PayTab/github/react-native-paytabs-library/example/ios/Pods
    write-file /Users/amrsaied/DerivedData/PaymentsdkExample-fihmfcmcdadiqyacsuppipgwcqpk/Build/Intermediates.noindex/Pods.build/Debug-iphonesimulator/React-jsinspector.build/React-jsinspector.DependencyMetadataFileList

WriteAuxiliaryFile /Users/amrsaied/DerivedData/PaymentsdkExample-fihmfcmcdadiqyacsuppipgwcqpk/Build/Intermediates.noindex/Pods.build/Debug-iphonesimulator/React-jsinspector.build/Objects-normal/arm64/React-jsinspector.LinkFileList (in target 'React-jsinspector' from project 'Pods')
    cd /Users/amrsaied/Documents/Flutter/PayTab/github/react-native-paytabs-library/example/ios/Pods
    write-file /Users/amrsaied/DerivedData/PaymentsdkExample-fihmfcmcdadiqyacsuppipgwcqpk/Build/Intermediates.noindex/Pods.build/Debug-iphonesimulator/React-jsinspector.build/Objects-normal/arm64/React-jsinspector.LinkFileList

WriteAuxiliaryFile /Users/amrsaied/DerivedData/PaymentsdkExample-fihmfcmcdadiqyacsuppipgwcqpk/Build/Intermediates.noindex/Pods.build/Debug-iphonesimulator/React-jsinspector.build/Objects-normal/arm64/e6072d4f65d7061329687fe24e3d63a7-common-args.resp (in target 'React-jsinspector' from project 'Pods')
    cd /Users/amrsaied/Documents/Flutter/PayTab/github/react-native-paytabs-library/example/ios/Pods
    write-file /Users/amrsaied/DerivedData/PaymentsdkExample-fihmfcmcdadiqyacsuppipgwcqpk/Build/Intermediates.noindex/Pods.build/Debug-iphonesimulator/React-jsinspector.build/Objects-normal/arm64/e6072d4f65d7061329687fe24e3d63a7-common-args.resp
-target arm64-apple-ios15.1-simulator '-std=gnu11' -fobjc-arc -fmodules '-fmodules-cache-path=/Users/amrsaied/DerivedData/ModuleCache.noindex' '-fmodule-name=jsinspector_modern' -fpascal-strings -O0 -fno-common '-DPOD_CONFIGURATION_DEBUG=1' '-DDEBUG=1' '-DCOCOAPODS=1' '-DREACT_NATIVE_DEBUGGER_ENABLED=1REACT_NATIVE_DEBUGGER_ENABLED_DEVONLY=1' '-DOBJC_OLD_DISPATCH_PROTOTYPES=0' -isysroot /Applications/Xcode.app/Contents/Developer/Platforms/iPhoneSimulator.platform/Developer/SDKs/iPhoneSimulator26.2.sdk -g '-fobjc-abi-version=2' -fobjc-legacy-dispatch -iquote /Users/amrsaied/DerivedData/PaymentsdkExample-fihmfcmcdadiqyacsuppipgwcqpk/Build/Intermediates.noindex/Pods.build/Debug-iphonesimulator/React-jsinspector.build/React-jsinspector-generated-files.hmap -I/Users/amrsaied/DerivedData/PaymentsdkExample-fihmfcmcdadiqyacsuppipgwcqpk/Build/Intermediates.noindex/Pods.build/Debug-iphonesimulator/React-jsinspector.build/React-jsinspector-own-target-headers.hmap -I/Users/amrsaied/DerivedData/PaymentsdkExample-fihmfcmcdadiqyacsuppipgwcqpk/Build/Intermediates.noindex/Pods.build/Debug-iphonesimulator/React-jsinspector.build/React-jsinspector-all-non-framework-target-headers.hmap -ivfsoverlay /Users/amrsaied/DerivedData/PaymentsdkExample-fihmfcmcdadiqyacsuppipgwcqpk/Build/Intermediates.noindex/Pods.build/Debug-iphonesimulator/Pods-8699adb1dd336b26511df848a716bd42-VFS-iphonesimulator/all-product-headers.yaml -iquote /Users/amrsaied/DerivedData/PaymentsdkExample-fihmfcmcdadiqyacsuppipgwcqpk/Build/Intermediates.noindex/Pods.build/Debug-iphonesimulator/React-jsinspector.build/React-jsinspector-project-headers.hmap -I/Users/amrsaied/DerivedData/PaymentsdkExample-fihmfcmcdadiqyacsuppipgwcqpk/Build/Products/Debug-iphonesimulator/React-jsinspector/include -I/Users/amrsaied/Documents/Flutter/PayTab/github/react-native-paytabs-library/example/ios/Pods/Headers/Private -I/Users/amrsaied/Documents/Flutter/PayTab/github/react-native-paytabs-library/example/ios/Pods/Headers/Private/React-jsinspector -I/Users/amrsaied/Documents/Flutter/PayTab/github/react-native-paytabs-library/example/ios/Pods/Headers/Public -I/Users/amrsaied/Documents/Flutter/PayTab/github/react-native-paytabs-library/example/ios/Pods/Headers/Public/DoubleConversion -I/Users/amrsaied/Documents/Flutter/PayTab/github/react-native-paytabs-library/example/ios/Pods/Headers/Public/RCT-Folly -I/Users/amrsaied/Documents/Flutter/PayTab/github/react-native-paytabs-library/example/ios/Pods/Headers/Public/React-featureflags -I/Users/amrsaied/Documents/Flutter/PayTab/github/react-native-paytabs-library/example/ios/Pods/Headers/Public/React-jsi -I/Users/amrsaied/Documents/Flutter/PayTab/github/react-native-paytabs-library/example/ios/Pods/Headers/Public/React-jsinspector -I/Users/amrsaied/Documents/Flutter/PayTab/github/react-native-paytabs-library/example/ios/Pods/Headers/Public/React-jsinspectortracing -I/Users/amrsaied/Documents/Flutter/PayTab/github/react-native-paytabs-library/example/ios/Pods/Headers/Public/React-oscompat -I/Users/amrsaied/Documents/Flutter/PayTab/github/react-native-paytabs-library/example/ios/Pods/Headers/Public/React-perflogger -I/Users/amrsaied/Documents/Flutter/PayTab/github/react-native-paytabs-library/example/ios/Pods/Headers/Public/React-runtimeexecutor -I/Users/amrsaied/Documents/Flutter/PayTab/github/react-native-paytabs-library/example/ios/Pods/Headers/Public/boost -I/Users/amrsaied/Documents/Flutter/PayTab/github/react-native-paytabs-library/example/ios/Pods/Headers/Public/fast_float -I/Users/amrsaied/Documents/Flutter/PayTab/github/react-native-paytabs-library/example/ios/Pods/Headers/Public/fmt -I/Users/amrsaied/Documents/Flutter/PayTab/github/react-native-paytabs-library/example/ios/Pods/Headers/Public/glog -I/Users/amrsaied/Documents/Flutter/PayTab/github/react-native-paytabs-library/example/ios/Pods/Headers/Public/hermes-engine -I/Users/amrsaied/Documents/Flutter/PayTab/github/react-native-paytabs-library/example/ios/Pods/boost -I/Users/amrsaied/Documents/Flutter/PayTab/github/react-native-paytabs-library/example/ios/Pods/DoubleConversion -I/Users/amrsaied/Documents/Flutter/PayTab/github/react-native-paytabs-library/example/ios/Pods/fast_float/include -I/Users/amrsaied/Documents/Flutter/PayTab/github/react-native-paytabs-library/example/ios/Pods/fmt/include -I/Users/amrsaied/Documents/Flutter/PayTab/github/react-native-paytabs-library/example/ios/Pods/RCT-Folly -I/Users/amrsaied/DerivedData/PaymentsdkExample-fihmfcmcdadiqyacsuppipgwcqpk/Build/Products/Debug-iphonesimulator/React-jsinspectortracing/jsinspector_moderntracing.framework/Headers -I/Users/amrsaied/DerivedData/PaymentsdkExample-fihmfcmcdadiqyacsuppipgwcqpk/Build/Intermediates.noindex/Pods.build/Debug-iphonesimulator/React-jsinspector.build/DerivedSources-normal/arm64 -I/Users/amrsaied/DerivedData/PaymentsdkExample-fihmfcmcdadiqyacsuppipgwcqpk/Build/Intermediates.noindex/Pods.build/Debug-iphonesimulator/React-jsinspector.build/DerivedSources/arm64 -I/Users/amrsaied/DerivedData/PaymentsdkExample-fihmfcmcdadiqyacsuppipgwcqpk/Build/Intermediates.noindex/Pods.build/Debug-iphonesimulator/React-jsinspector.build/DerivedSources -F/Users/amrsaied/DerivedData/PaymentsdkExample-fihmfcmcdadiqyacsuppipgwcqpk/Build/Products/Debug-iphonesimulator/React-jsinspector -F/Users/amrsaied/Documents/Flutter/PayTab/github/react-native-paytabs-library/example/ios/Pods/hermes-engine/destroot/Library/Frameworks/universal -F/Users/amrsaied/DerivedData/PaymentsdkExample-fihmfcmcdadiqyacsuppipgwcqpk/Build/Products/Debug-iphonesimulator/XCFrameworkIntermediates/hermes-engine/Pre-built '-fmodule-map-file=/Users/amrsaied/Documents/Flutter/PayTab/github/react-native-paytabs-library/example/ios/Pods/Headers/Public/folly/RCT-Folly.modulemap' '-fmodule-map-file=/Users/amrsaied/Documents/Flutter/PayTab/github/react-native-paytabs-library/example/ios/Pods/Headers/Public/jsi/React-jsi.modulemap' '-fmodule-map-file=/Users/amrsaied/Documents/Flutter/PayTab/github/react-native-paytabs-library/example/ios/Pods/Headers/Public/jsinspector_modern_tracing/React-jsinspectortracing.modulemap' '-fmodule-map-file=/Users/amrsaied/Documents/Flutter/PayTab/github/react-native-paytabs-library/example/ios/Pods/Headers/Public/react_featureflags/React-featureflags.modulemap'

WriteAuxiliaryFile /Users/amrsaied/DerivedData/PaymentsdkExample-fihmfcmcdadiqyacsuppipgwcqpk/Build/Intermediates.noindex/Pods.build/Debug-iphonesimulator/React-jsinspector.build/Objects-normal/arm64/82b82416624d2658e5098eb0a28c15c5-common-args.resp (in target 'React-jsinspector' from project 'Pods')
    cd /Users/amrsaied/Documents/Flutter/PayTab/github/react-native-paytabs-library/example/ios/Pods
    write-file /Users/amrsaied/DerivedData/PaymentsdkExample-fihmfcmcdadiqyacsuppipgwcqpk/Build/Intermediates.noindex/Pods.build/Debug-iphonesimulator/React-jsinspector.build/Objects-normal/arm64/82b82416624d2658e5098eb0a28c15c5-common-args.resp
-target arm64-apple-ios15.1-simulator '-std=c++20' '-stdlib=libc++' -fmodules -fno-cxx-modules '-fmodules-cache-path=/Users/amrsaied/DerivedData/ModuleCache.noindex' '-fmodule-name=jsinspector_modern' '-D_LIBCPP_HARDENING_MODE=_LIBCPP_HARDENING_MODE_DEBUG' -fpascal-strings -O0 -fno-common '-DPOD_CONFIGURATION_DEBUG=1' '-DDEBUG=1' '-DCOCOAPODS=1' '-DREACT_NATIVE_DEBUGGER_ENABLED=1REACT_NATIVE_DEBUGGER_ENABLED_DEVONLY=1' -isysroot /Applications/Xcode.app/Contents/Developer/Platforms/iPhoneSimulator.platform/Developer/SDKs/iPhoneSimulator26.2.sdk -g -iquote /Users/amrsaied/DerivedData/PaymentsdkExample-fihmfcmcdadiqyacsuppipgwcqpk/Build/Intermediates.noindex/Pods.build/Debug-iphonesimulator/React-jsinspector.build/React-jsinspector-generated-files.hmap -I/Users/amrsaied/DerivedData/PaymentsdkExample-fihmfcmcdadiqyacsuppipgwcqpk/Build/Intermediates.noindex/Pods.build/Debug-iphonesimulator/React-jsinspector.build/React-jsinspector-own-target-headers.hmap -I/Users/amrsaied/DerivedData/PaymentsdkExample-fihmfcmcdadiqyacsuppipgwcqpk/Build/Intermediates.noindex/Pods.build/Debug-iphonesimulator/React-jsinspector.build/React-jsinspector-all-non-framework-target-headers.hmap -ivfsoverlay /Users/amrsaied/DerivedData/PaymentsdkExample-fihmfcmcdadiqyacsuppipgwcqpk/Build/Intermediates.noindex/Pods.build/Debug-iphonesimulator/Pods-8699adb1dd336b26511df848a716bd42-VFS-iphonesimulator/all-product-headers.yaml -iquote /Users/amrsaied/DerivedData/PaymentsdkExample-fihmfcmcdadiqyacsuppipgwcqpk/Build/Intermediates.noindex/Pods.build/Debug-iphonesimulator/React-jsinspector.build/React-jsinspector-project-headers.hmap -I/Users/amrsaied/DerivedData/PaymentsdkExample-fihmfcmcdadiqyacsuppipgwcqpk/Build/Products/Debug-iphonesimulator/React-jsinspector/include -I/Users/amrsaied/Documents/Flutter/PayTab/github/react-native-paytabs-library/example/ios/Pods/Headers/Private -I/Users/amrsaied/Documents/Flutter/PayTab/github/react-native-paytabs-library/example/ios/Pods/Headers/Private/React-jsinspector -I/Users/amrsaied/Documents/Flutter/PayTab/github/react-native-paytabs-library/example/ios/Pods/Headers/Public -I/Users/amrsaied/Documents/Flutter/PayTab/github/react-native-paytabs-library/example/ios/Pods/Headers/Public/DoubleConversion -I/Users/amrsaied/Documents/Flutter/PayTab/github/react-native-paytabs-library/example/ios/Pods/Headers/Public/RCT-Folly -I/Users/amrsaied/Documents/Flutter/PayTab/github/react-native-paytabs-library/example/ios/Pods/Headers/Public/React-featureflags -I/Users/amrsaied/Documents/Flutter/PayTab/github/react-native-paytabs-library/example/ios/Pods/Headers/Public/React-jsi -I/Users/amrsaied/Documents/Flutter/PayTab/github/react-native-paytabs-library/example/ios/Pods/Headers/Public/React-jsinspector -I/Users/amrsaied/Documents/Flutter/PayTab/github/react-native-paytabs-library/example/ios/Pods/Headers/Public/React-jsinspectortracing -I/Users/amrsaied/Documents/Flutter/PayTab/github/react-native-paytabs-library/example/ios/Pods/Headers/Public/React-oscompat -I/Users/amrsaied/Documents/Flutter/PayTab/github/react-native-paytabs-library/example/ios/Pods/Headers/Public/React-perflogger -I/Users/amrsaied/Documents/Flutter/PayTab/github/react-native-paytabs-library/example/ios/Pods/Headers/Public/React-runtimeexecutor -I/Users/amrsaied/Documents/Flutter/PayTab/github/react-native-paytabs-library/example/ios/Pods/Headers/Public/boost -I/Users/amrsaied/Documents/Flutter/PayTab/github/react-native-paytabs-library/example/ios/Pods/Headers/Public/fast_float -I/Users/amrsaied/Documents/Flutter/PayTab/github/react-native-paytabs-library/example/ios/Pods/Headers/Public/fmt -I/Users/amrsaied/Documents/Flutter/PayTab/github/react-native-paytabs-library/example/ios/Pods/Headers/Public/glog -I/Users/amrsaied/Documents/Flutter/PayTab/github/react-native-paytabs-library/example/ios/Pods/Headers/Public/hermes-engine -I/Users/amrsaied/Documents/Flutter/PayTab/github/react-native-paytabs-library/example/ios/Pods/boost -I/Users/amrsaied/Documents/Flutter/PayTab/github/react-native-paytabs-library/example/ios/Pods/DoubleConversion -I/Users/amrsaied/Documents/Flutter/PayTab/github/react-native-paytabs-library/example/ios/Pods/fast_float/include -I/Users/amrsaied/Documents/Flutter/PayTab/github/react-native-paytabs-library/example/ios/Pods/fmt/include -I/Users/amrsaied/Documents/Flutter/PayTab/github/react-native-paytabs-library/example/ios/Pods/RCT-Folly -I/Users/amrsaied/DerivedData/PaymentsdkExample-fihmfcmcdadiqyacsuppipgwcqpk/Build/Products/Debug-iphonesimulator/React-jsinspectortracing/jsinspector_moderntracing.framework/Headers -I/Users/amrsaied/DerivedData/PaymentsdkExample-fihmfcmcdadiqyacsuppipgwcqpk/Build/Intermediates.noindex/Pods.build/Debug-iphonesimulator/React-jsinspector.build/DerivedSources-normal/arm64 -I/Users/amrsaied/DerivedData/PaymentsdkExample-fihmfcmcdadiqyacsuppipgwcqpk/Build/Intermediates.noindex/Pods.build/Debug-iphonesimulator/React-jsinspector.build/DerivedSources/arm64 -I/Users/amrsaied/DerivedData/PaymentsdkExample-fihmfcmcdadiqyacsuppipgwcqpk/Build/Intermediates.noindex/Pods.build/Debug-iphonesimulator/React-jsinspector.build/DerivedSources -F/Users/amrsaied/DerivedData/PaymentsdkExample-fihmfcmcdadiqyacsuppipgwcqpk/Build/Products/Debug-iphonesimulator/React-jsinspector -F/Users/amrsaied/Documents/Flutter/PayTab/github/react-native-paytabs-library/example/ios/Pods/hermes-engine/destroot/Library/Frameworks/universal -F/Users/amrsaied/DerivedData/PaymentsdkExample-fihmfcmcdadiqyacsuppipgwcqpk/Build/Products/Debug-iphonesimulator/XCFrameworkIntermediates/hermes-engine/Pre-built '-fmodule-map-file=/Users/amrsaied/Documents/Flutter/PayTab/github/react-native-paytabs-library/example/ios/Pods/Headers/Public/folly/RCT-Folly.modulemap' '-fmodule-map-file=/Users/amrsaied/Documents/Flutter/PayTab/github/react-native-paytabs-library/example/ios/Pods/Headers/Public/jsi/React-jsi.modulemap' '-fmodule-map-file=/Users/amrsaied/Documents/Flutter/PayTab/github/react-native-paytabs-library/example/ios/Pods/Headers/Public/jsinspector_modern_tracing/React-jsinspectortracing.modulemap' '-fmodule-map-file=/Users/amrsaied/Documents/Flutter/PayTab/github/react-native-paytabs-library/example/ios/Pods/Headers/Public/react_featureflags/React-featureflags.modulemap'

WriteAuxiliaryFile /Users/amrsaied/DerivedData/PaymentsdkExample-fihmfcmcdadiqyacsuppipgwcqpk/Build/Intermediates.noindex/Pods.build/Debug-iphonesimulator/React-jsi.build/React-jsi.DependencyStaticMetadataFileList (in target 'React-jsi' from project 'Pods')
    cd /Users/amrsaied/Documents/Flutter/PayTab/github/react-native-paytabs-library/example/ios/Pods
    write-file /Users/amrsaied/DerivedData/PaymentsdkExample-fihmfcmcdadiqyacsuppipgwcqpk/Build/Intermediates.noindex/Pods.build/Debug-iphonesimulator/React-jsi.build/React-jsi.DependencyStaticMetadataFileList

WriteAuxiliaryFile /Users/amrsaied/DerivedData/PaymentsdkExample-fihmfcmcdadiqyacsuppipgwcqpk/Build/Intermediates.noindex/Pods.build/Debug-iphonesimulator/React-jsi.build/React-jsi.DependencyMetadataFileList (in target 'React-jsi' from project 'Pods')
    cd /Users/amrsaied/Documents/Flutter/PayTab/github/react-native-paytabs-library/example/ios/Pods
    write-file /Users/amrsaied/DerivedData/PaymentsdkExample-fihmfcmcdadiqyacsuppipgwcqpk/Build/Intermediates.noindex/Pods.build/Debug-iphonesimulator/React-jsi.build/React-jsi.DependencyMetadataFileList

WriteAuxiliaryFile /Users/amrsaied/DerivedData/PaymentsdkExample-fihmfcmcdadiqyacsuppipgwcqpk/Build/Intermediates.noindex/Pods.build/Debug-iphonesimulator/React-jsi.build/React-jsi-project-headers.hmap (in target 'React-jsi' from project 'Pods')
    cd /Users/amrsaied/Documents/Flutter/PayTab/github/react-native-paytabs-library/example/ios/Pods
    write-file /Users/amrsaied/DerivedData/PaymentsdkExample-fihmfcmcdadiqyacsuppipgwcqpk/Build/Intermediates.noindex/Pods.build/Debug-iphonesimulator/React-jsi.build/React-jsi-project-headers.hmap

WriteAuxiliaryFile /Users/amrsaied/DerivedData/PaymentsdkExample-fihmfcmcdadiqyacsuppipgwcqpk/Build/Intermediates.noindex/Pods.build/Debug-iphonesimulator/React-jsi.build/React-jsi-own-target-headers.hmap (in target 'React-jsi' from project 'Pods')
    cd /Users/amrsaied/Documents/Flutter/PayTab/github/react-native-paytabs-library/example/ios/Pods
    write-file /Users/amrsaied/DerivedData/PaymentsdkExample-fihmfcmcdadiqyacsuppipgwcqpk/Build/Intermediates.noindex/Pods.build/Debug-iphonesimulator/React-jsi.build/React-jsi-own-target-headers.hmap

WriteAuxiliaryFile /Users/amrsaied/DerivedData/PaymentsdkExample-fihmfcmcdadiqyacsuppipgwcqpk/Build/Intermediates.noindex/Pods.build/Debug-iphonesimulator/React-jsi.build/Objects-normal/arm64/e6072d4f65d7061329687fe24e3d63a7-common-args.resp (in target 'React-jsi' from project 'Pods')
    cd /Users/amrsaied/Documents/Flutter/PayTab/github/react-native-paytabs-library/example/ios/Pods
    write-file /Users/amrsaied/DerivedData/PaymentsdkExample-fihmfcmcdadiqyacsuppipgwcqpk/Build/Intermediates.noindex/Pods.build/Debug-iphonesimulator/React-jsi.build/Objects-normal/arm64/e6072d4f65d7061329687fe24e3d63a7-common-args.resp
-target arm64-apple-ios15.1-simulator '-std=gnu11' -fobjc-arc -fmodules '-fmodules-cache-path=/Users/amrsaied/DerivedData/ModuleCache.noindex' '-fmodule-name=jsi' -fpascal-strings -O0 -fno-common '-DPOD_CONFIGURATION_DEBUG=1' '-DDEBUG=1' '-DCOCOAPODS=1' '-DOBJC_OLD_DISPATCH_PROTOTYPES=0' -isysroot /Applications/Xcode.app/Contents/Developer/Platforms/iPhoneSimulator.platform/Developer/SDKs/iPhoneSimulator26.2.sdk -g '-fobjc-abi-version=2' -fobjc-legacy-dispatch -iquote /Users/amrsaied/DerivedData/PaymentsdkExample-fihmfcmcdadiqyacsuppipgwcqpk/Build/Intermediates.noindex/Pods.build/Debug-iphonesimulator/React-jsi.build/React-jsi-generated-files.hmap -I/Users/amrsaied/DerivedData/PaymentsdkExample-fihmfcmcdadiqyacsuppipgwcqpk/Build/Intermediates.noindex/Pods.build/Debug-iphonesimulator/React-jsi.build/React-jsi-own-target-headers.hmap -I/Users/amrsaied/DerivedData/PaymentsdkExample-fihmfcmcdadiqyacsuppipgwcqpk/Build/Intermediates.noindex/Pods.build/Debug-iphonesimulator/React-jsi.build/React-jsi-all-non-framework-target-headers.hmap -ivfsoverlay /Users/amrsaied/DerivedData/PaymentsdkExample-fihmfcmcdadiqyacsuppipgwcqpk/Build/Intermediates.noindex/Pods.build/Debug-iphonesimulator/Pods-8699adb1dd336b26511df848a716bd42-VFS-iphonesimulator/all-product-headers.yaml -iquote /Users/amrsaied/DerivedData/PaymentsdkExample-fihmfcmcdadiqyacsuppipgwcqpk/Build/Intermediates.noindex/Pods.build/Debug-iphonesimulator/React-jsi.build/React-jsi-project-headers.hmap -I/Users/amrsaied/DerivedData/PaymentsdkExample-fihmfcmcdadiqyacsuppipgwcqpk/Build/Products/Debug-iphonesimulator/React-jsi/include -I/Users/amrsaied/Documents/Flutter/PayTab/github/react-native-paytabs-library/example/ios/Pods/Headers/Private -I/Users/amrsaied/Documents/Flutter/PayTab/github/react-native-paytabs-library/example/ios/Pods/Headers/Private/React-jsi -I/Users/amrsaied/Documents/Flutter/PayTab/github/react-native-paytabs-library/example/ios/Pods/Headers/Public -I/Users/amrsaied/Documents/Flutter/PayTab/github/react-native-paytabs-library/example/ios/Pods/Headers/Public/DoubleConversion -I/Users/amrsaied/Documents/Flutter/PayTab/github/react-native-paytabs-library/example/ios/Pods/Headers/Public/RCT-Folly -I/Users/amrsaied/Documents/Flutter/PayTab/github/react-native-paytabs-library/example/ios/Pods/Headers/Public/React-jsi -I/Users/amrsaied/Documents/Flutter/PayTab/github/react-native-paytabs-library/example/ios/Pods/Headers/Public/boost -I/Users/amrsaied/Documents/Flutter/PayTab/github/react-native-paytabs-library/example/ios/Pods/Headers/Public/fast_float -I/Users/amrsaied/Documents/Flutter/PayTab/github/react-native-paytabs-library/example/ios/Pods/Headers/Public/fmt -I/Users/amrsaied/Documents/Flutter/PayTab/github/react-native-paytabs-library/example/ios/Pods/Headers/Public/glog -I/Users/amrsaied/Documents/Flutter/PayTab/github/react-native-paytabs-library/example/ios/Pods/Headers/Public/hermes-engine -I/Users/amrsaied/Documents/Flutter/PayTab/github/react-native-paytabs-library/example/ios/Pods/boost -I/Users/amrsaied/Documents/Flutter/PayTab/github/react-native-paytabs-library/example/ios/Pods/RCT-Folly -I/Users/amrsaied/Documents/Flutter/PayTab/github/react-native-paytabs-library/example/ios/Pods/DoubleConversion -I/Users/amrsaied/Documents/Flutter/PayTab/github/react-native-paytabs-library/example/ios/Pods/fast_float/include -I/Users/amrsaied/Documents/Flutter/PayTab/github/react-native-paytabs-library/example/ios/Pods/fmt/include -I/Users/amrsaied/DerivedData/PaymentsdkExample-fihmfcmcdadiqyacsuppipgwcqpk/Build/Intermediates.noindex/Pods.build/Debug-iphonesimulator/React-jsi.build/DerivedSources-normal/arm64 -I/Users/amrsaied/DerivedData/PaymentsdkExample-fihmfcmcdadiqyacsuppipgwcqpk/Build/Intermediates.noindex/Pods.build/Debug-iphonesimulator/React-jsi.build/DerivedSources/arm64 -I/Users/amrsaied/DerivedData/PaymentsdkExample-fihmfcmcdadiqyacsuppipgwcqpk/Build/Intermediates.noindex/Pods.build/Debug-iphonesimulator/React-jsi.build/DerivedSources -F/Users/amrsaied/DerivedData/PaymentsdkExample-fihmfcmcdadiqyacsuppipgwcqpk/Build/Products/Debug-iphonesimulator/React-jsi -F/Users/amrsaied/Documents/Flutter/PayTab/github/react-native-paytabs-library/example/ios/Pods/hermes-engine/destroot/Library/Frameworks/universal -F/Users/amrsaied/DerivedData/PaymentsdkExample-fihmfcmcdadiqyacsuppipgwcqpk/Build/Products/Debug-iphonesimulator/XCFrameworkIntermediates/hermes-engine/Pre-built '-fmodule-map-file=/Users/amrsaied/Documents/Flutter/PayTab/github/react-native-paytabs-library/example/ios/Pods/Headers/Public/folly/RCT-Folly.modulemap'

WriteAuxiliaryFile /Users/amrsaied/DerivedData/PaymentsdkExample-fihmfcmcdadiqyacsuppipgwcqpk/Build/Intermediates.noindex/Pods.build/Debug-iphonesimulator/React-jsi.build/Objects-normal/arm64/React-jsi.LinkFileList (in target 'React-jsi' from project 'Pods')
    cd /Users/amrsaied/Documents/Flutter/PayTab/github/react-native-paytabs-library/example/ios/Pods
    write-file /Users/amrsaied/DerivedData/PaymentsdkExample-fihmfcmcdadiqyacsuppipgwcqpk/Build/Intermediates.noindex/Pods.build/Debug-iphonesimulator/React-jsi.build/Objects-normal/arm64/React-jsi.LinkFileList

WriteAuxiliaryFile /Users/amrsaied/DerivedData/PaymentsdkExample-fihmfcmcdadiqyacsuppipgwcqpk/Build/Intermediates.noindex/Pods.build/Debug-iphonesimulator/React-jsi.build/Objects-normal/arm64/82b82416624d2658e5098eb0a28c15c5-common-args.resp (in target 'React-jsi' from project 'Pods')
    cd /Users/amrsaied/Documents/Flutter/PayTab/github/react-native-paytabs-library/example/ios/Pods
    write-file /Users/amrsaied/DerivedData/PaymentsdkExample-fihmfcmcdadiqyacsuppipgwcqpk/Build/Intermediates.noindex/Pods.build/Debug-iphonesimulator/React-jsi.build/Objects-normal/arm64/82b82416624d2658e5098eb0a28c15c5-common-args.resp
-target arm64-apple-ios15.1-simulator '-std=c++20' '-stdlib=libc++' -fmodules -fno-cxx-modules '-fmodules-cache-path=/Users/amrsaied/DerivedData/ModuleCache.noindex' '-fmodule-name=jsi' '-D_LIBCPP_HARDENING_MODE=_LIBCPP_HARDENING_MODE_DEBUG' -fpascal-strings -O0 -fno-common '-DPOD_CONFIGURATION_DEBUG=1' '-DDEBUG=1' '-DCOCOAPODS=1' -isysroot /Applications/Xcode.app/Contents/Developer/Platforms/iPhoneSimulator.platform/Developer/SDKs/iPhoneSimulator26.2.sdk -g -iquote /Users/amrsaied/DerivedData/PaymentsdkExample-fihmfcmcdadiqyacsuppipgwcqpk/Build/Intermediates.noindex/Pods.build/Debug-iphonesimulator/React-jsi.build/React-jsi-generated-files.hmap -I/Users/amrsaied/DerivedData/PaymentsdkExample-fihmfcmcdadiqyacsuppipgwcqpk/Build/Intermediates.noindex/Pods.build/Debug-iphonesimulator/React-jsi.build/React-jsi-own-target-headers.hmap -I/Users/amrsaied/DerivedData/PaymentsdkExample-fihmfcmcdadiqyacsuppipgwcqpk/Build/Intermediates.noindex/Pods.build/Debug-iphonesimulator/React-jsi.build/React-jsi-all-non-framework-target-headers.hmap -ivfsoverlay /Users/amrsaied/DerivedData/PaymentsdkExample-fihmfcmcdadiqyacsuppipgwcqpk/Build/Intermediates.noindex/Pods.build/Debug-iphonesimulator/Pods-8699adb1dd336b26511df848a716bd42-VFS-iphonesimulator/all-product-headers.yaml -iquote /Users/amrsaied/DerivedData/PaymentsdkExample-fihmfcmcdadiqyacsuppipgwcqpk/Build/Intermediates.noindex/Pods.build/Debug-iphonesimulator/React-jsi.build/React-jsi-project-headers.hmap -I/Users/amrsaied/DerivedData/PaymentsdkExample-fihmfcmcdadiqyacsuppipgwcqpk/Build/Products/Debug-iphonesimulator/React-jsi/include -I/Users/amrsaied/Documents/Flutter/PayTab/github/react-native-paytabs-library/example/ios/Pods/Headers/Private -I/Users/amrsaied/Documents/Flutter/PayTab/github/react-native-paytabs-library/example/ios/Pods/Headers/Private/React-jsi -I/Users/amrsaied/Documents/Flutter/PayTab/github/react-native-paytabs-library/example/ios/Pods/Headers/Public -I/Users/amrsaied/Documents/Flutter/PayTab/github/react-native-paytabs-library/example/ios/Pods/Headers/Public/DoubleConversion -I/Users/amrsaied/Documents/Flutter/PayTab/github/react-native-paytabs-library/example/ios/Pods/Headers/Public/RCT-Folly -I/Users/amrsaied/Documents/Flutter/PayTab/github/react-native-paytabs-library/example/ios/Pods/Headers/Public/React-jsi -I/Users/amrsaied/Documents/Flutter/PayTab/github/react-native-paytabs-library/example/ios/Pods/Headers/Public/boost -I/Users/amrsaied/Documents/Flutter/PayTab/github/react-native-paytabs-library/example/ios/Pods/Headers/Public/fast_float -I/Users/amrsaied/Documents/Flutter/PayTab/github/react-native-paytabs-library/example/ios/Pods/Headers/Public/fmt -I/Users/amrsaied/Documents/Flutter/PayTab/github/react-native-paytabs-library/example/ios/Pods/Headers/Public/glog -I/Users/amrsaied/Documents/Flutter/PayTab/github/react-native-paytabs-library/example/ios/Pods/Headers/Public/hermes-engine -I/Users/amrsaied/Documents/Flutter/PayTab/github/react-native-paytabs-library/example/ios/Pods/boost -I/Users/amrsaied/Documents/Flutter/PayTab/github/react-native-paytabs-library/example/ios/Pods/RCT-Folly -I/Users/amrsaied/Documents/Flutter/PayTab/github/react-native-paytabs-library/example/ios/Pods/DoubleConversion -I/Users/amrsaied/Documents/Flutter/PayTab/github/react-native-paytabs-library/example/ios/Pods/fast_float/include -I/Users/amrsaied/Documents/Flutter/PayTab/github/react-native-paytabs-library/example/ios/Pods/fmt/include -I/Users/amrsaied/DerivedData/PaymentsdkExample-fihmfcmcdadiqyacsuppipgwcqpk/Build/Intermediates.noindex/Pods.build/Debug-iphonesimulator/React-jsi.build/DerivedSources-normal/arm64 -I/Users/amrsaied/DerivedData/PaymentsdkExample-fihmfcmcdadiqyacsuppipgwcqpk/Build/Intermediates.noindex/Pods.build/Debug-iphonesimulator/React-jsi.build/DerivedSources/arm64 -I/Users/amrsaied/DerivedData/PaymentsdkExample-fihmfcmcdadiqyacsuppipgwcqpk/Build/Intermediates.noindex/Pods.build/Debug-iphonesimulator/React-jsi.build/DerivedSources -F/Users/amrsaied/DerivedData/PaymentsdkExample-fihmfcmcdadiqyacsuppipgwcqpk/Build/Products/Debug-iphonesimulator/React-jsi -F/Users/amrsaied/Documents/Flutter/PayTab/github/react-native-paytabs-library/example/ios/Pods/hermes-engine/destroot/Library/Frameworks/universal -F/Users/amrsaied/DerivedData/PaymentsdkExample-fihmfcmcdadiqyacsuppipgwcqpk/Build/Products/Debug-iphonesimulator/XCFrameworkIntermediates/hermes-engine/Pre-built '-fmodule-map-file=/Users/amrsaied/Documents/Flutter/PayTab/github/react-native-paytabs-library/example/ios/Pods/Headers/Public/folly/RCT-Folly.modulemap'

WriteAuxiliaryFile /Users/amrsaied/DerivedData/PaymentsdkExample-fihmfcmcdadiqyacsuppipgwcqpk/Build/Intermediates.noindex/Pods.build/Debug-iphonesimulator/React-hermes.build/React-hermes.DependencyStaticMetadataFileList (in target 'React-hermes' from project 'Pods')
    cd /Users/amrsaied/Documents/Flutter/PayTab/github/react-native-paytabs-library/example/ios/Pods
    write-file /Users/amrsaied/DerivedData/PaymentsdkExample-fihmfcmcdadiqyacsuppipgwcqpk/Build/Intermediates.noindex/Pods.build/Debug-iphonesimulator/React-hermes.build/React-hermes.DependencyStaticMetadataFileList

WriteAuxiliaryFile /Users/amrsaied/DerivedData/PaymentsdkExample-fihmfcmcdadiqyacsuppipgwcqpk/Build/Intermediates.noindex/Pods.build/Debug-iphonesimulator/React-hermes.build/React-hermes.DependencyMetadataFileList (in target 'React-hermes' from project 'Pods')
    cd /Users/amrsaied/Documents/Flutter/PayTab/github/react-native-paytabs-library/example/ios/Pods
    write-file /Users/amrsaied/DerivedData/PaymentsdkExample-fihmfcmcdadiqyacsuppipgwcqpk/Build/Intermediates.noindex/Pods.build/Debug-iphonesimulator/React-hermes.build/React-hermes.DependencyMetadataFileList

WriteAuxiliaryFile /Users/amrsaied/DerivedData/PaymentsdkExample-fihmfcmcdadiqyacsuppipgwcqpk/Build/Intermediates.noindex/Pods.build/Debug-iphonesimulator/React-hermes.build/React-hermes-project-headers.hmap (in target 'React-hermes' from project 'Pods')
    cd /Users/amrsaied/Documents/Flutter/PayTab/github/react-native-paytabs-library/example/ios/Pods
    write-file /Users/amrsaied/DerivedData/PaymentsdkExample-fihmfcmcdadiqyacsuppipgwcqpk/Build/Intermediates.noindex/Pods.build/Debug-iphonesimulator/React-hermes.build/React-hermes-project-headers.hmap

WriteAuxiliaryFile /Users/amrsaied/DerivedData/PaymentsdkExample-fihmfcmcdadiqyacsuppipgwcqpk/Build/Intermediates.noindex/Pods.build/Debug-iphonesimulator/React-hermes.build/React-hermes-own-target-headers.hmap (in target 'React-hermes' from project 'Pods')
    cd /Users/amrsaied/Documents/Flutter/PayTab/github/react-native-paytabs-library/example/ios/Pods
    write-file /Users/amrsaied/DerivedData/PaymentsdkExample-fihmfcmcdadiqyacsuppipgwcqpk/Build/Intermediates.noindex/Pods.build/Debug-iphonesimulator/React-hermes.build/React-hermes-own-target-headers.hmap

WriteAuxiliaryFile /Users/amrsaied/DerivedData/PaymentsdkExample-fihmfcmcdadiqyacsuppipgwcqpk/Build/Intermediates.noindex/Pods.build/Debug-iphonesimulator/React-hermes.build/Objects-normal/arm64/e6072d4f65d7061329687fe24e3d63a7-common-args.resp (in target 'React-hermes' from project 'Pods')
    cd /Users/amrsaied/Documents/Flutter/PayTab/github/react-native-paytabs-library/example/ios/Pods
    write-file /Users/amrsaied/DerivedData/PaymentsdkExample-fihmfcmcdadiqyacsuppipgwcqpk/Build/Intermediates.noindex/Pods.build/Debug-iphonesimulator/React-hermes.build/Objects-normal/arm64/e6072d4f65d7061329687fe24e3d63a7-common-args.resp
-target arm64-apple-ios15.1-simulator '-std=gnu11' -fobjc-arc -fmodules '-fmodules-cache-path=/Users/amrsaied/DerivedData/ModuleCache.noindex' '-fmodule-name=reacthermes' -fpascal-strings -O0 -fno-common '-DPOD_CONFIGURATION_DEBUG=1' '-DDEBUG=1' '-DCOCOAPODS=1' '-DHERMES_ENABLE_DEBUGGER=1' '-DOBJC_OLD_DISPATCH_PROTOTYPES=0' -isysroot /Applications/Xcode.app/Contents/Developer/Platforms/iPhoneSimulator.platform/Developer/SDKs/iPhoneSimulator26.2.sdk -g '-fobjc-abi-version=2' -fobjc-legacy-dispatch -iquote /Users/amrsaied/DerivedData/PaymentsdkExample-fihmfcmcdadiqyacsuppipgwcqpk/Build/Intermediates.noindex/Pods.build/Debug-iphonesimulator/React-hermes.build/React-hermes-generated-files.hmap -I/Users/amrsaied/DerivedData/PaymentsdkExample-fihmfcmcdadiqyacsuppipgwcqpk/Build/Intermediates.noindex/Pods.build/Debug-iphonesimulator/React-hermes.build/React-hermes-own-target-headers.hmap -I/Users/amrsaied/DerivedData/PaymentsdkExample-fihmfcmcdadiqyacsuppipgwcqpk/Build/Intermediates.noindex/Pods.build/Debug-iphonesimulator/React-hermes.build/React-hermes-all-non-framework-target-headers.hmap -ivfsoverlay /Users/amrsaied/DerivedData/PaymentsdkExample-fihmfcmcdadiqyacsuppipgwcqpk/Build/Intermediates.noindex/Pods.build/Debug-iphonesimulator/Pods-8699adb1dd336b26511df848a716bd42-VFS-iphonesimulator/all-product-headers.yaml -iquote /Users/amrsaied/DerivedData/PaymentsdkExample-fihmfcmcdadiqyacsuppipgwcqpk/Build/Intermediates.noindex/Pods.build/Debug-iphonesimulator/React-hermes.build/React-hermes-project-headers.hmap -I/Users/amrsaied/DerivedData/PaymentsdkExample-fihmfcmcdadiqyacsuppipgwcqpk/Build/Products/Debug-iphonesimulator/React-hermes/include -I/Users/amrsaied/Documents/Flutter/PayTab/github/react-native-paytabs-library/example/ios/Pods/Headers/Private -I/Users/amrsaied/Documents/Flutter/PayTab/github/react-native-paytabs-library/example/ios/Pods/Headers/Private/React-hermes -I/Users/amrsaied/Documents/Flutter/PayTab/github/react-native-paytabs-library/example/ios/Pods/Headers/Public -I/Users/amrsaied/Documents/Flutter/PayTab/github/react-native-paytabs-library/example/ios/Pods/Headers/Public/DoubleConversion -I/Users/amrsaied/Documents/Flutter/PayTab/github/react-native-paytabs-library/example/ios/Pods/Headers/Public/RCT-Folly -I/Users/amrsaied/Documents/Flutter/PayTab/github/react-native-paytabs-library/example/ios/Pods/Headers/Public/React-callinvoker -I/Users/amrsaied/Documents/Flutter/PayTab/github/react-native-paytabs-library/example/ios/Pods/Headers/Public/React-cxxreact -I/Users/amrsaied/Documents/Flutter/PayTab/github/react-native-paytabs-library/example/ios/Pods/Headers/Public/React-debug -I/Users/amrsaied/Documents/Flutter/PayTab/github/react-native-paytabs-library/example/ios/Pods/Headers/Public/React-featureflags -I/Users/amrsaied/Documents/Flutter/PayTab/github/react-native-paytabs-library/example/ios/Pods/Headers/Public/React-hermes -I/Users/amrsaied/Documents/Flutter/PayTab/github/react-native-paytabs-library/example/ios/Pods/Headers/Public/React-jsi -I/Users/amrsaied/Documents/Flutter/PayTab/github/react-native-paytabs-library/example/ios/Pods/Headers/Public/React-jsiexecutor -I/Users/amrsaied/Documents/Flutter/PayTab/github/react-native-paytabs-library/example/ios/Pods/Headers/Public/React-jsinspector -I/Users/amrsaied/Documents/Flutter/PayTab/github/react-native-paytabs-library/example/ios/Pods/Headers/Public/React-jsinspectortracing -I/Users/amrsaied/Documents/Flutter/PayTab/github/react-native-paytabs-library/example/ios/Pods/Headers/Public/React-logger -I/Users/amrsaied/Documents/Flutter/PayTab/github/react-native-paytabs-library/example/ios/Pods/Headers/Public/React-oscompat -I/Users/amrsaied/Documents/Flutter/PayTab/github/react-native-paytabs-library/example/ios/Pods/Headers/Public/React-perflogger -I/Users/amrsaied/Documents/Flutter/PayTab/github/react-native-paytabs-library/example/ios/Pods/Headers/Public/React-runtimeexecutor -I/Users/amrsaied/Documents/Flutter/PayTab/github/react-native-paytabs-library/example/ios/Pods/Headers/Public/React-timing -I/Users/amrsaied/Documents/Flutter/PayTab/github/react-native-paytabs-library/example/ios/Pods/Headers/Public/boost -I/Users/amrsaied/Documents/Flutter/PayTab/github/react-native-paytabs-library/example/ios/Pods/Headers/Public/fast_float -I/Users/amrsaied/Documents/Flutter/PayTab/github/react-native-paytabs-library/example/ios/Pods/Headers/Public/fmt -I/Users/amrsaied/Documents/Flutter/PayTab/github/react-native-paytabs-library/example/ios/Pods/Headers/Public/glog -I/Users/amrsaied/Documents/Flutter/PayTab/github/react-native-paytabs-library/example/ios/Pods/Headers/Public/hermes-engine -I/Users/amrsaied/Documents/Flutter/PayTab/github/react-native-paytabs-library/example/ios/Pods/hermes-engine/destroot/include -I/Users/amrsaied/Documents/Flutter/PayTab/github/react-native-paytabs-library/example/node_modules/react-native/ReactCommon -I/Users/amrsaied/Documents/Flutter/PayTab/github/react-native-paytabs-library/example/ios/Pods/boost -I/Users/amrsaied/Documents/Flutter/PayTab/github/react-native-paytabs-library/example/ios/Pods/RCT-Folly -I/Users/amrsaied/Documents/Flutter/PayTab/github/react-native-paytabs-library/example/ios/Pods/DoubleConversion -I/Users/amrsaied/Documents/Flutter/PayTab/github/react-native-paytabs-library/example/ios/Pods/fmt/include -I/Users/amrsaied/DerivedData/PaymentsdkExample-fihmfcmcdadiqyacsuppipgwcqpk/Build/Products/Debug-iphonesimulator/React-jsinspector/jsinspector_modern.framework/Headers -I/Users/amrsaied/DerivedData/PaymentsdkExample-fihmfcmcdadiqyacsuppipgwcqpk/Build/Products/Debug-iphonesimulator/React-jsinspectortracing/jsinspector_moderntracing.framework/Headers -I/Users/amrsaied/DerivedData/PaymentsdkExample-fihmfcmcdadiqyacsuppipgwcqpk/Build/Intermediates.noindex/Pods.build/Debug-iphonesimulator/React-hermes.build/DerivedSources-normal/arm64 -I/Users/amrsaied/DerivedData/PaymentsdkExample-fihmfcmcdadiqyacsuppipgwcqpk/Build/Intermediates.noindex/Pods.build/Debug-iphonesimulator/React-hermes.build/DerivedSources/arm64 -I/Users/amrsaied/DerivedData/PaymentsdkExample-fihmfcmcdadiqyacsuppipgwcqpk/Build/Intermediates.noindex/Pods.build/Debug-iphonesimulator/React-hermes.build/DerivedSources -F/Users/amrsaied/DerivedData/PaymentsdkExample-fihmfcmcdadiqyacsuppipgwcqpk/Build/Products/Debug-iphonesimulator/React-hermes -F/Users/amrsaied/Documents/Flutter/PayTab/github/react-native-paytabs-library/example/ios/Pods/hermes-engine/destroot/Library/Frameworks/universal -F/Users/amrsaied/DerivedData/PaymentsdkExample-fihmfcmcdadiqyacsuppipgwcqpk/Build/Products/Debug-iphonesimulator/XCFrameworkIntermediates/hermes-engine/Pre-built '-fmodule-map-file=/Users/amrsaied/Documents/Flutter/PayTab/github/react-native-paytabs-library/example/ios/Pods/Headers/Public/folly/RCT-Folly.modulemap' '-fmodule-map-file=/Users/amrsaied/Documents/Flutter/PayTab/github/react-native-paytabs-library/example/ios/Pods/Headers/Public/jsi/React-jsi.modulemap' '-fmodule-map-file=/Users/amrsaied/Documents/Flutter/PayTab/github/react-native-paytabs-library/example/ios/Pods/Headers/Public/jsinspector_modern/React-jsinspector.modulemap' '-fmodule-map-file=/Users/amrsaied/Documents/Flutter/PayTab/github/react-native-paytabs-library/example/ios/Pods/Headers/Public/jsinspector_modern_tracing/React-jsinspectortracing.modulemap' '-fmodule-map-file=/Users/amrsaied/Documents/Flutter/PayTab/github/react-native-paytabs-library/example/ios/Pods/Headers/Public/react_debug/React-debug.modulemap' '-fmodule-map-file=/Users/amrsaied/Documents/Flutter/PayTab/github/react-native-paytabs-library/example/ios/Pods/Headers/Public/react_featureflags/React-featureflags.modulemap'

WriteAuxiliaryFile /Users/amrsaied/DerivedData/PaymentsdkExample-fihmfcmcdadiqyacsuppipgwcqpk/Build/Intermediates.noindex/Pods.build/Debug-iphonesimulator/React-hermes.build/Objects-normal/arm64/React-hermes.LinkFileList (in target 'React-hermes' from project 'Pods')
    cd /Users/amrsaied/Documents/Flutter/PayTab/github/react-native-paytabs-library/example/ios/Pods
    write-file /Users/amrsaied/DerivedData/PaymentsdkExample-fihmfcmcdadiqyacsuppipgwcqpk/Build/Intermediates.noindex/Pods.build/Debug-iphonesimulator/React-hermes.build/Objects-normal/arm64/React-hermes.LinkFileList

WriteAuxiliaryFile /Users/amrsaied/DerivedData/PaymentsdkExample-fihmfcmcdadiqyacsuppipgwcqpk/Build/Intermediates.noindex/Pods.build/Debug-iphonesimulator/React-hermes.build/Objects-normal/arm64/82b82416624d2658e5098eb0a28c15c5-common-args.resp (in target 'React-hermes' from project 'Pods')
    cd /Users/amrsaied/Documents/Flutter/PayTab/github/react-native-paytabs-library/example/ios/Pods
    write-file /Users/amrsaied/DerivedData/PaymentsdkExample-fihmfcmcdadiqyacsuppipgwcqpk/Build/Intermediates.noindex/Pods.build/Debug-iphonesimulator/React-hermes.build/Objects-normal/arm64/82b82416624d2658e5098eb0a28c15c5-common-args.resp
-target arm64-apple-ios15.1-simulator '-std=c++20' '-stdlib=libc++' -fmodules -fno-cxx-modules '-fmodules-cache-path=/Users/amrsaied/DerivedData/ModuleCache.noindex' '-fmodule-name=reacthermes' '-D_LIBCPP_HARDENING_MODE=_LIBCPP_HARDENING_MODE_DEBUG' -fpascal-strings -O0 -fno-common '-DPOD_CONFIGURATION_DEBUG=1' '-DDEBUG=1' '-DCOCOAPODS=1' '-DHERMES_ENABLE_DEBUGGER=1' -isysroot /Applications/Xcode.app/Contents/Developer/Platforms/iPhoneSimulator.platform/Developer/SDKs/iPhoneSimulator26.2.sdk -g -iquote /Users/amrsaied/DerivedData/PaymentsdkExample-fihmfcmcdadiqyacsuppipgwcqpk/Build/Intermediates.noindex/Pods.build/Debug-iphonesimulator/React-hermes.build/React-hermes-generated-files.hmap -I/Users/amrsaied/DerivedData/PaymentsdkExample-fihmfcmcdadiqyacsuppipgwcqpk/Build/Intermediates.noindex/Pods.build/Debug-iphonesimulator/React-hermes.build/React-hermes-own-target-headers.hmap -I/Users/amrsaied/DerivedData/PaymentsdkExample-fihmfcmcdadiqyacsuppipgwcqpk/Build/Intermediates.noindex/Pods.build/Debug-iphonesimulator/React-hermes.build/React-hermes-all-non-framework-target-headers.hmap -ivfsoverlay /Users/amrsaied/DerivedData/PaymentsdkExample-fihmfcmcdadiqyacsuppipgwcqpk/Build/Intermediates.noindex/Pods.build/Debug-iphonesimulator/Pods-8699adb1dd336b26511df848a716bd42-VFS-iphonesimulator/all-product-headers.yaml -iquote /Users/amrsaied/DerivedData/PaymentsdkExample-fihmfcmcdadiqyacsuppipgwcqpk/Build/Intermediates.noindex/Pods.build/Debug-iphonesimulator/React-hermes.build/React-hermes-project-headers.hmap -I/Users/amrsaied/DerivedData/PaymentsdkExample-fihmfcmcdadiqyacsuppipgwcqpk/Build/Products/Debug-iphonesimulator/React-hermes/include -I/Users/amrsaied/Documents/Flutter/PayTab/github/react-native-paytabs-library/example/ios/Pods/Headers/Private -I/Users/amrsaied/Documents/Flutter/PayTab/github/react-native-paytabs-library/example/ios/Pods/Headers/Private/React-hermes -I/Users/amrsaied/Documents/Flutter/PayTab/github/react-native-paytabs-library/example/ios/Pods/Headers/Public -I/Users/amrsaied/Documents/Flutter/PayTab/github/react-native-paytabs-library/example/ios/Pods/Headers/Public/DoubleConversion -I/Users/amrsaied/Documents/Flutter/PayTab/github/react-native-paytabs-library/example/ios/Pods/Headers/Public/RCT-Folly -I/Users/amrsaied/Documents/Flutter/PayTab/github/react-native-paytabs-library/example/ios/Pods/Headers/Public/React-callinvoker -I/Users/amrsaied/Documents/Flutter/PayTab/github/react-native-paytabs-library/example/ios/Pods/Headers/Public/React-cxxreact -I/Users/amrsaied/Documents/Flutter/PayTab/github/react-native-paytabs-library/example/ios/Pods/Headers/Public/React-debug -I/Users/amrsaied/Documents/Flutter/PayTab/github/react-native-paytabs-library/example/ios/Pods/Headers/Public/React-featureflags -I/Users/amrsaied/Documents/Flutter/PayTab/github/react-native-paytabs-library/example/ios/Pods/Headers/Public/React-hermes -I/Users/amrsaied/Documents/Flutter/PayTab/github/react-native-paytabs-library/example/ios/Pods/Headers/Public/React-jsi -I/Users/amrsaied/Documents/Flutter/PayTab/github/react-native-paytabs-library/example/ios/Pods/Headers/Public/React-jsiexecutor -I/Users/amrsaied/Documents/Flutter/PayTab/github/react-native-paytabs-library/example/ios/Pods/Headers/Public/React-jsinspector -I/Users/amrsaied/Documents/Flutter/PayTab/github/react-native-paytabs-library/example/ios/Pods/Headers/Public/React-jsinspectortracing -I/Users/amrsaied/Documents/Flutter/PayTab/github/react-native-paytabs-library/example/ios/Pods/Headers/Public/React-logger -I/Users/amrsaied/Documents/Flutter/PayTab/github/react-native-paytabs-library/example/ios/Pods/Headers/Public/React-oscompat -I/Users/amrsaied/Documents/Flutter/PayTab/github/react-native-paytabs-library/example/ios/Pods/Headers/Public/React-perflogger -I/Users/amrsaied/Documents/Flutter/PayTab/github/react-native-paytabs-library/example/ios/Pods/Headers/Public/React-runtimeexecutor -I/Users/amrsaied/Documents/Flutter/PayTab/github/react-native-paytabs-library/example/ios/Pods/Headers/Public/React-timing -I/Users/amrsaied/Documents/Flutter/PayTab/github/react-native-paytabs-library/example/ios/Pods/Headers/Public/boost -I/Users/amrsaied/Documents/Flutter/PayTab/github/react-native-paytabs-library/example/ios/Pods/Headers/Public/fast_float -I/Users/amrsaied/Documents/Flutter/PayTab/github/react-native-paytabs-library/example/ios/Pods/Headers/Public/fmt -I/Users/amrsaied/Documents/Flutter/PayTab/github/react-native-paytabs-library/example/ios/Pods/Headers/Public/glog -I/Users/amrsaied/Documents/Flutter/PayTab/github/react-native-paytabs-library/example/ios/Pods/Headers/Public/hermes-engine -I/Users/amrsaied/Documents/Flutter/PayTab/github/react-native-paytabs-library/example/ios/Pods/hermes-engine/destroot/include -I/Users/amrsaied/Documents/Flutter/PayTab/github/react-native-paytabs-library/example/node_modules/react-native/ReactCommon -I/Users/amrsaied/Documents/Flutter/PayTab/github/react-native-paytabs-library/example/ios/Pods/boost -I/Users/amrsaied/Documents/Flutter/PayTab/github/react-native-paytabs-library/example/ios/Pods/RCT-Folly -I/Users/amrsaied/Documents/Flutter/PayTab/github/react-native-paytabs-library/example/ios/Pods/DoubleConversion -I/Users/amrsaied/Documents/Flutter/PayTab/github/react-native-paytabs-library/example/ios/Pods/fmt/include -I/Users/amrsaied/DerivedData/PaymentsdkExample-fihmfcmcdadiqyacsuppipgwcqpk/Build/Products/Debug-iphonesimulator/React-jsinspector/jsinspector_modern.framework/Headers -I/Users/amrsaied/DerivedData/PaymentsdkExample-fihmfcmcdadiqyacsuppipgwcqpk/Build/Products/Debug-iphonesimulator/React-jsinspectortracing/jsinspector_moderntracing.framework/Headers -I/Users/amrsaied/DerivedData/PaymentsdkExample-fihmfcmcdadiqyacsuppipgwcqpk/Build/Intermediates.noindex/Pods.build/Debug-iphonesimulator/React-hermes.build/DerivedSources-normal/arm64 -I/Users/amrsaied/DerivedData/PaymentsdkExample-fihmfcmcdadiqyacsuppipgwcqpk/Build/Intermediates.noindex/Pods.build/Debug-iphonesimulator/React-hermes.build/DerivedSources/arm64 -I/Users/amrsaied/DerivedData/PaymentsdkExample-fihmfcmcdadiqyacsuppipgwcqpk/Build/Intermediates.noindex/Pods.build/Debug-iphonesimulator/React-hermes.build/DerivedSources -F/Users/amrsaied/DerivedData/PaymentsdkExample-fihmfcmcdadiqyacsuppipgwcqpk/Build/Products/Debug-iphonesimulator/React-hermes -F/Users/amrsaied/Documents/Flutter/PayTab/github/react-native-paytabs-library/example/ios/Pods/hermes-engine/destroot/Library/Frameworks/universal -F/Users/amrsaied/DerivedData/PaymentsdkExample-fihmfcmcdadiqyacsuppipgwcqpk/Build/Products/Debug-iphonesimulator/XCFrameworkIntermediates/hermes-engine/Pre-built '-fmodule-map-file=/Users/amrsaied/Documents/Flutter/PayTab/github/react-native-paytabs-library/example/ios/Pods/Headers/Public/folly/RCT-Folly.modulemap' '-fmodule-map-file=/Users/amrsaied/Documents/Flutter/PayTab/github/react-native-paytabs-library/example/ios/Pods/Headers/Public/jsi/React-jsi.modulemap' '-fmodule-map-file=/Users/amrsaied/Documents/Flutter/PayTab/github/react-native-paytabs-library/example/ios/Pods/Headers/Public/jsinspector_modern/React-jsinspector.modulemap' '-fmodule-map-file=/Users/amrsaied/Documents/Flutter/PayTab/github/react-native-paytabs-library/example/ios/Pods/Headers/Public/jsinspector_modern_tracing/React-jsinspectortracing.modulemap' '-fmodule-map-file=/Users/amrsaied/Documents/Flutter/PayTab/github/react-native-paytabs-library/example/ios/Pods/Headers/Public/react_debug/React-debug.modulemap' '-fmodule-map-file=/Users/amrsaied/Documents/Flutter/PayTab/github/react-native-paytabs-library/example/ios/Pods/Headers/Public/react_featureflags/React-featureflags.modulemap'

WriteAuxiliaryFile /Users/amrsaied/DerivedData/PaymentsdkExample-fihmfcmcdadiqyacsuppipgwcqpk/Build/Intermediates.noindex/Pods.build/Debug-iphonesimulator/React-cxxreact-React-cxxreact_privacy.build/React-cxxreact_privacy.hmap (in target 'React-cxxreact-React-cxxreact_privacy' from project 'Pods')
    cd /Users/amrsaied/Documents/Flutter/PayTab/github/react-native-paytabs-library/example/ios/Pods
    write-file /Users/amrsaied/DerivedData/PaymentsdkExample-fihmfcmcdadiqyacsuppipgwcqpk/Build/Intermediates.noindex/Pods.build/Debug-iphonesimulator/React-cxxreact-React-cxxreact_privacy.build/React-cxxreact_privacy.hmap

WriteAuxiliaryFile /Users/amrsaied/DerivedData/PaymentsdkExample-fihmfcmcdadiqyacsuppipgwcqpk/Build/Intermediates.noindex/Pods.build/Debug-iphonesimulator/React-cxxreact-React-cxxreact_privacy.build/React-cxxreact_privacy.DependencyStaticMetadataFileList (in target 'React-cxxreact-React-cxxreact_privacy' from project 'Pods')
    cd /Users/amrsaied/Documents/Flutter/PayTab/github/react-native-paytabs-library/example/ios/Pods
    write-file /Users/amrsaied/DerivedData/PaymentsdkExample-fihmfcmcdadiqyacsuppipgwcqpk/Build/Intermediates.noindex/Pods.build/Debug-iphonesimulator/React-cxxreact-React-cxxreact_privacy.build/React-cxxreact_privacy.DependencyStaticMetadataFileList

WriteAuxiliaryFile /Users/amrsaied/DerivedData/PaymentsdkExample-fihmfcmcdadiqyacsuppipgwcqpk/Build/Intermediates.noindex/Pods.build/Debug-iphonesimulator/React-cxxreact-React-cxxreact_privacy.build/React-cxxreact_privacy.DependencyMetadataFileList (in target 'React-cxxreact-React-cxxreact_privacy' from project 'Pods')
    cd /Users/amrsaied/Documents/Flutter/PayTab/github/react-native-paytabs-library/example/ios/Pods
    write-file /Users/amrsaied/DerivedData/PaymentsdkExample-fihmfcmcdadiqyacsuppipgwcqpk/Build/Intermediates.noindex/Pods.build/Debug-iphonesimulator/React-cxxreact-React-cxxreact_privacy.build/React-cxxreact_privacy.DependencyMetadataFileList

WriteAuxiliaryFile /Users/amrsaied/DerivedData/PaymentsdkExample-fihmfcmcdadiqyacsuppipgwcqpk/Build/Intermediates.noindex/Pods.build/Debug-iphonesimulator/React-cxxreact-React-cxxreact_privacy.build/React-cxxreact_privacy-project-headers.hmap (in target 'React-cxxreact-React-cxxreact_privacy' from project 'Pods')
    cd /Users/amrsaied/Documents/Flutter/PayTab/github/react-native-paytabs-library/example/ios/Pods
    write-file /Users/amrsaied/DerivedData/PaymentsdkExample-fihmfcmcdadiqyacsuppipgwcqpk/Build/Intermediates.noindex/Pods.build/Debug-iphonesimulator/React-cxxreact-React-cxxreact_privacy.build/React-cxxreact_privacy-project-headers.hmap

WriteAuxiliaryFile /Users/amrsaied/DerivedData/PaymentsdkExample-fihmfcmcdadiqyacsuppipgwcqpk/Build/Intermediates.noindex/Pods.build/Debug-iphonesimulator/React-cxxreact-React-cxxreact_privacy.build/React-cxxreact_privacy-own-target-headers.hmap (in target 'React-cxxreact-React-cxxreact_privacy' from project 'Pods')
    cd /Users/amrsaied/Documents/Flutter/PayTab/github/react-native-paytabs-library/example/ios/Pods
    write-file /Users/amrsaied/DerivedData/PaymentsdkExample-fihmfcmcdadiqyacsuppipgwcqpk/Build/Intermediates.noindex/Pods.build/Debug-iphonesimulator/React-cxxreact-React-cxxreact_privacy.build/React-cxxreact_privacy-own-target-headers.hmap

WriteAuxiliaryFile /Users/amrsaied/DerivedData/PaymentsdkExample-fihmfcmcdadiqyacsuppipgwcqpk/Build/Intermediates.noindex/Pods.build/Debug-iphonesimulator/React-cxxreact-React-cxxreact_privacy.build/React-cxxreact_privacy-generated-files.hmap (in target 'React-cxxreact-React-cxxreact_privacy' from project 'Pods')
    cd /Users/amrsaied/Documents/Flutter/PayTab/github/react-native-paytabs-library/example/ios/Pods
    write-file /Users/amrsaied/DerivedData/PaymentsdkExample-fihmfcmcdadiqyacsuppipgwcqpk/Build/Intermediates.noindex/Pods.build/Debug-iphonesimulator/React-cxxreact-React-cxxreact_privacy.build/React-cxxreact_privacy-generated-files.hmap

WriteAuxiliaryFile /Users/amrsaied/DerivedData/PaymentsdkExample-fihmfcmcdadiqyacsuppipgwcqpk/Build/Intermediates.noindex/Pods.build/Debug-iphonesimulator/React-cxxreact-React-cxxreact_privacy.build/React-cxxreact_privacy-all-target-headers.hmap (in target 'React-cxxreact-React-cxxreact_privacy' from project 'Pods')
    cd /Users/amrsaied/Documents/Flutter/PayTab/github/react-native-paytabs-library/example/ios/Pods
    write-file /Users/amrsaied/DerivedData/PaymentsdkExample-fihmfcmcdadiqyacsuppipgwcqpk/Build/Intermediates.noindex/Pods.build/Debug-iphonesimulator/React-cxxreact-React-cxxreact_privacy.build/React-cxxreact_privacy-all-target-headers.hmap

WriteAuxiliaryFile /Users/amrsaied/DerivedData/PaymentsdkExample-fihmfcmcdadiqyacsuppipgwcqpk/Build/Intermediates.noindex/Pods.build/Debug-iphonesimulator/React-cxxreact-React-cxxreact_privacy.build/React-cxxreact_privacy-all-non-framework-target-headers.hmap (in target 'React-cxxreact-React-cxxreact_privacy' from project 'Pods')
    cd /Users/amrsaied/Documents/Flutter/PayTab/github/react-native-paytabs-library/example/ios/Pods
    write-file /Users/amrsaied/DerivedData/PaymentsdkExample-fihmfcmcdadiqyacsuppipgwcqpk/Build/Intermediates.noindex/Pods.build/Debug-iphonesimulator/React-cxxreact-React-cxxreact_privacy.build/React-cxxreact_privacy-all-non-framework-target-headers.hmap

WriteAuxiliaryFile /Users/amrsaied/DerivedData/PaymentsdkExample-fihmfcmcdadiqyacsuppipgwcqpk/Build/Intermediates.noindex/Pods.build/Debug-iphonesimulator/React-RCTText.build/React-RCTText.DependencyStaticMetadataFileList (in target 'React-RCTText' from project 'Pods')
    cd /Users/amrsaied/Documents/Flutter/PayTab/github/react-native-paytabs-library/example/ios/Pods
    write-file /Users/amrsaied/DerivedData/PaymentsdkExample-fihmfcmcdadiqyacsuppipgwcqpk/Build/Intermediates.noindex/Pods.build/Debug-iphonesimulator/React-RCTText.build/React-RCTText.DependencyStaticMetadataFileList

WriteAuxiliaryFile /Users/amrsaied/DerivedData/PaymentsdkExample-fihmfcmcdadiqyacsuppipgwcqpk/Build/Intermediates.noindex/Pods.build/Debug-iphonesimulator/React-RCTText.build/React-RCTText.DependencyMetadataFileList (in target 'React-RCTText' from project 'Pods')
    cd /Users/amrsaied/Documents/Flutter/PayTab/github/react-native-paytabs-library/example/ios/Pods
    write-file /Users/amrsaied/DerivedData/PaymentsdkExample-fihmfcmcdadiqyacsuppipgwcqpk/Build/Intermediates.noindex/Pods.build/Debug-iphonesimulator/React-RCTText.build/React-RCTText.DependencyMetadataFileList

WriteAuxiliaryFile /Users/amrsaied/DerivedData/PaymentsdkExample-fihmfcmcdadiqyacsuppipgwcqpk/Build/Intermediates.noindex/Pods.build/Debug-iphonesimulator/React-RCTText.build/React-RCTText-project-headers.hmap (in target 'React-RCTText' from project 'Pods')
    cd /Users/amrsaied/Documents/Flutter/PayTab/github/react-native-paytabs-library/example/ios/Pods
    write-file /Users/amrsaied/DerivedData/PaymentsdkExample-fihmfcmcdadiqyacsuppipgwcqpk/Build/Intermediates.noindex/Pods.build/Debug-iphonesimulator/React-RCTText.build/React-RCTText-project-headers.hmap

WriteAuxiliaryFile /Users/amrsaied/DerivedData/PaymentsdkExample-fihmfcmcdadiqyacsuppipgwcqpk/Build/Intermediates.noindex/Pods.build/Debug-iphonesimulator/React-RCTText.build/React-RCTText-own-target-headers.hmap (in target 'React-RCTText' from project 'Pods')
    cd /Users/amrsaied/Documents/Flutter/PayTab/github/react-native-paytabs-library/example/ios/Pods
    write-file /Users/amrsaied/DerivedData/PaymentsdkExample-fihmfcmcdadiqyacsuppipgwcqpk/Build/Intermediates.noindex/Pods.build/Debug-iphonesimulator/React-RCTText.build/React-RCTText-own-target-headers.hmap

WriteAuxiliaryFile /Users/amrsaied/DerivedData/PaymentsdkExample-fihmfcmcdadiqyacsuppipgwcqpk/Build/Intermediates.noindex/Pods.build/Debug-iphonesimulator/React-RCTText.build/Objects-normal/arm64/e6072d4f65d7061329687fe24e3d63a7-common-args.resp (in target 'React-RCTText' from project 'Pods')
    cd /Users/amrsaied/Documents/Flutter/PayTab/github/react-native-paytabs-library/example/ios/Pods
    write-file /Users/amrsaied/DerivedData/PaymentsdkExample-fihmfcmcdadiqyacsuppipgwcqpk/Build/Intermediates.noindex/Pods.build/Debug-iphonesimulator/React-RCTText.build/Objects-normal/arm64/e6072d4f65d7061329687fe24e3d63a7-common-args.resp
-target arm64-apple-ios15.1-simulator '-std=gnu11' -fobjc-arc -fmodules '-fmodules-cache-path=/Users/amrsaied/DerivedData/ModuleCache.noindex' -fpascal-strings -O0 -fno-common '-DPOD_CONFIGURATION_DEBUG=1' '-DDEBUG=1' '-DCOCOAPODS=1' '-DOBJC_OLD_DISPATCH_PROTOTYPES=0' -isysroot /Applications/Xcode.app/Contents/Developer/Platforms/iPhoneSimulator.platform/Developer/SDKs/iPhoneSimulator26.2.sdk -g '-fobjc-abi-version=2' -fobjc-legacy-dispatch -iquote /Users/amrsaied/DerivedData/PaymentsdkExample-fihmfcmcdadiqyacsuppipgwcqpk/Build/Intermediates.noindex/Pods.build/Debug-iphonesimulator/React-RCTText.build/React-RCTText-generated-files.hmap -I/Users/amrsaied/DerivedData/PaymentsdkExample-fihmfcmcdadiqyacsuppipgwcqpk/Build/Intermediates.noindex/Pods.build/Debug-iphonesimulator/React-RCTText.build/React-RCTText-own-target-headers.hmap -I/Users/amrsaied/DerivedData/PaymentsdkExample-fihmfcmcdadiqyacsuppipgwcqpk/Build/Intermediates.noindex/Pods.build/Debug-iphonesimulator/React-RCTText.build/React-RCTText-all-non-framework-target-headers.hmap -ivfsoverlay /Users/amrsaied/DerivedData/PaymentsdkExample-fihmfcmcdadiqyacsuppipgwcqpk/Build/Intermediates.noindex/Pods.build/Debug-iphonesimulator/Pods-8699adb1dd336b26511df848a716bd42-VFS-iphonesimulator/all-product-headers.yaml -iquote /Users/amrsaied/DerivedData/PaymentsdkExample-fihmfcmcdadiqyacsuppipgwcqpk/Build/Intermediates.noindex/Pods.build/Debug-iphonesimulator/React-RCTText.build/React-RCTText-project-headers.hmap -I/Users/amrsaied/DerivedData/PaymentsdkExample-fihmfcmcdadiqyacsuppipgwcqpk/Build/Products/Debug-iphonesimulator/React-RCTText/include -I/Users/amrsaied/Documents/Flutter/PayTab/github/react-native-paytabs-library/example/ios/Pods/Headers/Private -I/Users/amrsaied/Documents/Flutter/PayTab/github/react-native-paytabs-library/example/ios/Pods/Headers/Private/React-RCTText -I/Users/amrsaied/Documents/Flutter/PayTab/github/react-native-paytabs-library/example/ios/Pods/Headers/Public -I/Users/amrsaied/Documents/Flutter/PayTab/github/react-native-paytabs-library/example/ios/Pods/Headers/Public/DoubleConversion -I/Users/amrsaied/Documents/Flutter/PayTab/github/react-native-paytabs-library/example/ios/Pods/Headers/Public/RCT-Folly -I/Users/amrsaied/Documents/Flutter/PayTab/github/react-native-paytabs-library/example/ios/Pods/Headers/Public/RCTDeprecation -I/Users/amrsaied/Documents/Flutter/PayTab/github/react-native-paytabs-library/example/ios/Pods/Headers/Public/React-Core -I/Users/amrsaied/Documents/Flutter/PayTab/github/react-native-paytabs-library/example/ios/Pods/Headers/Public/React-RCTText -I/Users/amrsaied/Documents/Flutter/PayTab/github/react-native-paytabs-library/example/ios/Pods/Headers/Public/React-callinvoker -I/Users/amrsaied/Documents/Flutter/PayTab/github/react-native-paytabs-library/example/ios/Pods/Headers/Public/React-cxxreact -I/Users/amrsaied/Documents/Flutter/PayTab/github/react-native-paytabs-library/example/ios/Pods/Headers/Public/React-debug -I/Users/amrsaied/Documents/Flutter/PayTab/github/react-native-paytabs-library/example/ios/Pods/Headers/Public/React-featureflags -I/Users/amrsaied/Documents/Flutter/PayTab/github/react-native-paytabs-library/example/ios/Pods/Headers/Public/React-hermes -I/Users/amrsaied/Documents/Flutter/PayTab/github/react-native-paytabs-library/example/ios/Pods/Headers/Public/React-jsi -I/Users/amrsaied/Documents/Flutter/PayTab/github/react-native-paytabs-library/example/ios/Pods/Headers/Public/React-jsiexecutor -I/Users/amrsaied/Documents/Flutter/PayTab/github/react-native-paytabs-library/example/ios/Pods/Headers/Public/React-jsinspector -I/Users/amrsaied/Documents/Flutter/PayTab/github/react-native-paytabs-library/example/ios/Pods/Headers/Public/React-jsinspectortracing -I/Users/amrsaied/Documents/Flutter/PayTab/github/react-native-paytabs-library/example/ios/Pods/Headers/Public/React-jsitooling -I/Users/amrsaied/Documents/Flutter/PayTab/github/react-native-paytabs-library/example/ios/Pods/Headers/Public/React-logger -I/Users/amrsaied/Documents/Flutter/PayTab/github/react-native-paytabs-library/example/ios/Pods/Headers/Public/React-oscompat -I/Users/amrsaied/Documents/Flutter/PayTab/github/react-native-paytabs-library/example/ios/Pods/Headers/Public/React-perflogger -I/Users/amrsaied/Documents/Flutter/PayTab/github/react-native-paytabs-library/example/ios/Pods/Headers/Public/React-performancetimeline -I/Users/amrsaied/Documents/Flutter/PayTab/github/react-native-paytabs-library/example/ios/Pods/Headers/Public/React-rendererconsistency -I/Users/amrsaied/Documents/Flutter/PayTab/github/react-native-paytabs-library/example/ios/Pods/Headers/Public/React-rendererdebug -I/Users/amrsaied/Documents/Flutter/PayTab/github/react-native-paytabs-library/example/ios/Pods/Headers/Public/React-runtimeexecutor -I/Users/amrsaied/Documents/Flutter/PayTab/github/react-native-paytabs-library/example/ios/Pods/Headers/Public/React-runtimescheduler -I/Users/amrsaied/Documents/Flutter/PayTab/github/react-native-paytabs-library/example/ios/Pods/Headers/Public/React-timing -I/Users/amrsaied/Documents/Flutter/PayTab/github/react-native-paytabs-library/example/ios/Pods/Headers/Public/React-utils -I/Users/amrsaied/Documents/Flutter/PayTab/github/react-native-paytabs-library/example/ios/Pods/Headers/Public/SocketRocket -I/Users/amrsaied/Documents/Flutter/PayTab/github/react-native-paytabs-library/example/ios/Pods/Headers/Public/Yoga -I/Users/amrsaied/Documents/Flutter/PayTab/github/react-native-paytabs-library/example/ios/Pods/Headers/Public/boost -I/Users/amrsaied/Documents/Flutter/PayTab/github/react-native-paytabs-library/example/ios/Pods/Headers/Public/fast_float -I/Users/amrsaied/Documents/Flutter/PayTab/github/react-native-paytabs-library/example/ios/Pods/Headers/Public/fmt -I/Users/amrsaied/Documents/Flutter/PayTab/github/react-native-paytabs-library/example/ios/Pods/Headers/Public/glog -I/Users/amrsaied/Documents/Flutter/PayTab/github/react-native-paytabs-library/example/ios/Pods/Headers/Public/hermes-engine -I/Users/amrsaied/DerivedData/PaymentsdkExample-fihmfcmcdadiqyacsuppipgwcqpk/Build/Intermediates.noindex/Pods.build/Debug-iphonesimulator/React-RCTText.build/DerivedSources-normal/arm64 -I/Users/amrsaied/DerivedData/PaymentsdkExample-fihmfcmcdadiqyacsuppipgwcqpk/Build/Intermediates.noindex/Pods.build/Debug-iphonesimulator/React-RCTText.build/DerivedSources/arm64 -I/Users/amrsaied/DerivedData/PaymentsdkExample-fihmfcmcdadiqyacsuppipgwcqpk/Build/Intermediates.noindex/Pods.build/Debug-iphonesimulator/React-RCTText.build/DerivedSources -F/Users/amrsaied/DerivedData/PaymentsdkExample-fihmfcmcdadiqyacsuppipgwcqpk/Build/Products/Debug-iphonesimulator/React-RCTText -F/Users/amrsaied/Documents/Flutter/PayTab/github/react-native-paytabs-library/example/ios/Pods/hermes-engine/destroot/Library/Frameworks/universal -F/Users/amrsaied/DerivedData/PaymentsdkExample-fihmfcmcdadiqyacsuppipgwcqpk/Build/Products/Debug-iphonesimulator/XCFrameworkIntermediates/hermes-engine/Pre-built '-fmodule-map-file=/Users/amrsaied/Documents/Flutter/PayTab/github/react-native-paytabs-library/example/ios/Pods/Headers/Public/RCTDeprecation/RCTDeprecation.modulemap' '-fmodule-map-file=/Users/amrsaied/Documents/Flutter/PayTab/github/react-native-paytabs-library/example/ios/Pods/Headers/Public/React/React-Core.modulemap' '-fmodule-map-file=/Users/amrsaied/Documents/Flutter/PayTab/github/react-native-paytabs-library/example/ios/Pods/Headers/Public/folly/RCT-Folly.modulemap' '-fmodule-map-file=/Users/amrsaied/Documents/Flutter/PayTab/github/react-native-paytabs-library/example/ios/Pods/Headers/Public/jsi/React-jsi.modulemap' '-fmodule-map-file=/Users/amrsaied/Documents/Flutter/PayTab/github/react-native-paytabs-library/example/ios/Pods/Headers/Public/jsinspector_modern/React-jsinspector.modulemap' '-fmodule-map-file=/Users/amrsaied/Documents/Flutter/PayTab/github/react-native-paytabs-library/example/ios/Pods/Headers/Public/jsinspector_modern_tracing/React-jsinspectortracing.modulemap' '-fmodule-map-file=/Users/amrsaied/Documents/Flutter/PayTab/github/react-native-paytabs-library/example/ios/Pods/Headers/Public/react_debug/React-debug.modulemap' '-fmodule-map-file=/Users/amrsaied/Documents/Flutter/PayTab/github/react-native-paytabs-library/example/ios/Pods/Headers/Public/react_featureflags/React-featureflags.modulemap' '-fmodule-map-file=/Users/amrsaied/Documents/Flutter/PayTab/github/react-native-paytabs-library/example/ios/Pods/Headers/Public/react_renderer_debug/React-rendererdebug.modulemap' '-fmodule-map-file=/Users/amrsaied/Documents/Flutter/PayTab/github/react-native-paytabs-library/example/ios/Pods/Headers/Public/react_runtime/React-jsitooling.modulemap' '-fmodule-map-file=/Users/amrsaied/Documents/Flutter/PayTab/github/react-native-paytabs-library/example/ios/Pods/Headers/Public/react_utils/React-utils.modulemap' '-fmodule-map-file=/Users/amrsaied/Documents/Flutter/PayTab/github/react-native-paytabs-library/example/ios/Pods/Headers/Public/reacthermes/React-hermes.modulemap' '-fmodule-map-file=/Users/amrsaied/Documents/Flutter/PayTab/github/react-native-paytabs-library/example/ios/Pods/Headers/Public/yoga/Yoga.modulemap'

WriteAuxiliaryFile /Users/amrsaied/DerivedData/PaymentsdkExample-fihmfcmcdadiqyacsuppipgwcqpk/Build/Intermediates.noindex/Pods.build/Debug-iphonesimulator/React-RCTText.build/Objects-normal/arm64/af3fcb34312c57c0f52879cdce924b91-common-args.resp (in target 'React-RCTText' from project 'Pods')
    cd /Users/amrsaied/Documents/Flutter/PayTab/github/react-native-paytabs-library/example/ios/Pods
    write-file /Users/amrsaied/DerivedData/PaymentsdkExample-fihmfcmcdadiqyacsuppipgwcqpk/Build/Intermediates.noindex/Pods.build/Debug-iphonesimulator/React-RCTText.build/Objects-normal/arm64/af3fcb34312c57c0f52879cdce924b91-common-args.resp
-target arm64-apple-ios15.1-simulator '-std=c++20' '-stdlib=libc++' -fobjc-arc -fmodules -fno-cxx-modules '-fmodules-cache-path=/Users/amrsaied/DerivedData/ModuleCache.noindex' '-D_LIBCPP_HARDENING_MODE=_LIBCPP_HARDENING_MODE_DEBUG' -fpascal-strings -O0 -fno-common '-DPOD_CONFIGURATION_DEBUG=1' '-DDEBUG=1' '-DCOCOAPODS=1' '-DOBJC_OLD_DISPATCH_PROTOTYPES=0' -isysroot /Applications/Xcode.app/Contents/Developer/Platforms/iPhoneSimulator.platform/Developer/SDKs/iPhoneSimulator26.2.sdk -g '-fobjc-abi-version=2' -fobjc-legacy-dispatch -iquote /Users/amrsaied/DerivedData/PaymentsdkExample-fihmfcmcdadiqyacsuppipgwcqpk/Build/Intermediates.noindex/Pods.build/Debug-iphonesimulator/React-RCTText.build/React-RCTText-generated-files.hmap -I/Users/amrsaied/DerivedData/PaymentsdkExample-fihmfcmcdadiqyacsuppipgwcqpk/Build/Intermediates.noindex/Pods.build/Debug-iphonesimulator/React-RCTText.build/React-RCTText-own-target-headers.hmap -I/Users/amrsaied/DerivedData/PaymentsdkExample-fihmfcmcdadiqyacsuppipgwcqpk/Build/Intermediates.noindex/Pods.build/Debug-iphonesimulator/React-RCTText.build/React-RCTText-all-non-framework-target-headers.hmap -ivfsoverlay /Users/amrsaied/DerivedData/PaymentsdkExample-fihmfcmcdadiqyacsuppipgwcqpk/Build/Intermediates.noindex/Pods.build/Debug-iphonesimulator/Pods-8699adb1dd336b26511df848a716bd42-VFS-iphonesimulator/all-product-headers.yaml -iquote /Users/amrsaied/DerivedData/PaymentsdkExample-fihmfcmcdadiqyacsuppipgwcqpk/Build/Intermediates.noindex/Pods.build/Debug-iphonesimulator/React-RCTText.build/React-RCTText-project-headers.hmap -I/Users/amrsaied/DerivedData/PaymentsdkExample-fihmfcmcdadiqyacsuppipgwcqpk/Build/Products/Debug-iphonesimulator/React-RCTText/include -I/Users/amrsaied/Documents/Flutter/PayTab/github/react-native-paytabs-library/example/ios/Pods/Headers/Private -I/Users/amrsaied/Documents/Flutter/PayTab/github/react-native-paytabs-library/example/ios/Pods/Headers/Private/React-RCTText -I/Users/amrsaied/Documents/Flutter/PayTab/github/react-native-paytabs-library/example/ios/Pods/Headers/Public -I/Users/amrsaied/Documents/Flutter/PayTab/github/react-native-paytabs-library/example/ios/Pods/Headers/Public/DoubleConversion -I/Users/amrsaied/Documents/Flutter/PayTab/github/react-native-paytabs-library/example/ios/Pods/Headers/Public/RCT-Folly -I/Users/amrsaied/Documents/Flutter/PayTab/github/react-native-paytabs-library/example/ios/Pods/Headers/Public/RCTDeprecation -I/Users/amrsaied/Documents/Flutter/PayTab/github/react-native-paytabs-library/example/ios/Pods/Headers/Public/React-Core -I/Users/amrsaied/Documents/Flutter/PayTab/github/react-native-paytabs-library/example/ios/Pods/Headers/Public/React-RCTText -I/Users/amrsaied/Documents/Flutter/PayTab/github/react-native-paytabs-library/example/ios/Pods/Headers/Public/React-callinvoker -I/Users/amrsaied/Documents/Flutter/PayTab/github/react-native-paytabs-library/example/ios/Pods/Headers/Public/React-cxxreact -I/Users/amrsaied/Documents/Flutter/PayTab/github/react-native-paytabs-library/example/ios/Pods/Headers/Public/React-debug -I/Users/amrsaied/Documents/Flutter/PayTab/github/react-native-paytabs-library/example/ios/Pods/Headers/Public/React-featureflags -I/Users/amrsaied/Documents/Flutter/PayTab/github/react-native-paytabs-library/example/ios/Pods/Headers/Public/React-hermes -I/Users/amrsaied/Documents/Flutter/PayTab/github/react-native-paytabs-library/example/ios/Pods/Headers/Public/React-jsi -I/Users/amrsaied/Documents/Flutter/PayTab/github/react-native-paytabs-library/example/ios/Pods/Headers/Public/React-jsiexecutor -I/Users/amrsaied/Documents/Flutter/PayTab/github/react-native-paytabs-library/example/ios/Pods/Headers/Public/React-jsinspector -I/Users/amrsaied/Documents/Flutter/PayTab/github/react-native-paytabs-library/example/ios/Pods/Headers/Public/React-jsinspectortracing -I/Users/amrsaied/Documents/Flutter/PayTab/github/react-native-paytabs-library/example/ios/Pods/Headers/Public/React-jsitooling -I/Users/amrsaied/Documents/Flutter/PayTab/github/react-native-paytabs-library/example/ios/Pods/Headers/Public/React-logger -I/Users/amrsaied/Documents/Flutter/PayTab/github/react-native-paytabs-library/example/ios/Pods/Headers/Public/React-oscompat -I/Users/amrsaied/Documents/Flutter/PayTab/github/react-native-paytabs-library/example/ios/Pods/Headers/Public/React-perflogger -I/Users/amrsaied/Documents/Flutter/PayTab/github/react-native-paytabs-library/example/ios/Pods/Headers/Public/React-performancetimeline -I/Users/amrsaied/Documents/Flutter/PayTab/github/react-native-paytabs-library/example/ios/Pods/Headers/Public/React-rendererconsistency -I/Users/amrsaied/Documents/Flutter/PayTab/github/react-native-paytabs-library/example/ios/Pods/Headers/Public/React-rendererdebug -I/Users/amrsaied/Documents/Flutter/PayTab/github/react-native-paytabs-library/example/ios/Pods/Headers/Public/React-runtimeexecutor -I/Users/amrsaied/Documents/Flutter/PayTab/github/react-native-paytabs-library/example/ios/Pods/Headers/Public/React-runtimescheduler -I/Users/amrsaied/Documents/Flutter/PayTab/github/react-native-paytabs-library/example/ios/Pods/Headers/Public/React-timing -I/Users/amrsaied/Documents/Flutter/PayTab/github/react-native-paytabs-library/example/ios/Pods/Headers/Public/React-utils -I/Users/amrsaied/Documents/Flutter/PayTab/github/react-native-paytabs-library/example/ios/Pods/Headers/Public/SocketRocket -I/Users/amrsaied/Documents/Flutter/PayTab/github/react-native-paytabs-library/example/ios/Pods/Headers/Public/Yoga -I/Users/amrsaied/Documents/Flutter/PayTab/github/react-native-paytabs-library/example/ios/Pods/Headers/Public/boost -I/Users/amrsaied/Documents/Flutter/PayTab/github/react-native-paytabs-library/example/ios/Pods/Headers/Public/fast_float -I/Users/amrsaied/Documents/Flutter/PayTab/github/react-native-paytabs-library/example/ios/Pods/Headers/Public/fmt -I/Users/amrsaied/Documents/Flutter/PayTab/github/react-native-paytabs-library/example/ios/Pods/Headers/Public/glog -I/Users/amrsaied/Documents/Flutter/PayTab/github/react-native-paytabs-library/example/ios/Pods/Headers/Public/hermes-engine -I/Users/amrsaied/DerivedData/PaymentsdkExample-fihmfcmcdadiqyacsuppipgwcqpk/Build/Intermediates.noindex/Pods.build/Debug-iphonesimulator/React-RCTText.build/DerivedSources-normal/arm64 -I/Users/amrsaied/DerivedData/PaymentsdkExample-fihmfcmcdadiqyacsuppipgwcqpk/Build/Intermediates.noindex/Pods.build/Debug-iphonesimulator/React-RCTText.build/DerivedSources/arm64 -I/Users/amrsaied/DerivedData/PaymentsdkExample-fihmfcmcdadiqyacsuppipgwcqpk/Build/Intermediates.noindex/Pods.build/Debug-iphonesimulator/React-RCTText.build/DerivedSources -F/Users/amrsaied/DerivedData/PaymentsdkExample-fihmfcmcdadiqyacsuppipgwcqpk/Build/Products/Debug-iphonesimulator/React-RCTText -F/Users/amrsaied/Documents/Flutter/PayTab/github/react-native-paytabs-library/example/ios/Pods/hermes-engine/destroot/Library/Frameworks/universal -F/Users/amrsaied/DerivedData/PaymentsdkExample-fihmfcmcdadiqyacsuppipgwcqpk/Build/Products/Debug-iphonesimulator/XCFrameworkIntermediates/hermes-engine/Pre-built '-fmodule-map-file=/Users/amrsaied/Documents/Flutter/PayTab/github/react-native-paytabs-library/example/ios/Pods/Headers/Public/RCTDeprecation/RCTDeprecation.modulemap' '-fmodule-map-file=/Users/amrsaied/Documents/Flutter/PayTab/github/react-native-paytabs-library/example/ios/Pods/Headers/Public/React/React-Core.modulemap' '-fmodule-map-file=/Users/amrsaied/Documents/Flutter/PayTab/github/react-native-paytabs-library/example/ios/Pods/Headers/Public/folly/RCT-Folly.modulemap' '-fmodule-map-file=/Users/amrsaied/Documents/Flutter/PayTab/github/react-native-paytabs-library/example/ios/Pods/Headers/Public/jsi/React-jsi.modulemap' '-fmodule-map-file=/Users/amrsaied/Documents/Flutter/PayTab/github/react-native-paytabs-library/example/ios/Pods/Headers/Public/jsinspector_modern/React-jsinspector.modulemap' '-fmodule-map-file=/Users/amrsaied/Documents/Flutter/PayTab/github/react-native-paytabs-library/example/ios/Pods/Headers/Public/jsinspector_modern_tracing/React-jsinspectortracing.modulemap' '-fmodule-map-file=/Users/amrsaied/Documents/Flutter/PayTab/github/react-native-paytabs-library/example/ios/Pods/Headers/Public/react_debug/React-debug.modulemap' '-fmodule-map-file=/Users/amrsaied/Documents/Flutter/PayTab/github/react-native-paytabs-library/example/ios/Pods/Headers/Public/react_featureflags/React-featureflags.modulemap' '-fmodule-map-file=/Users/amrsaied/Documents/Flutter/PayTab/github/react-native-paytabs-library/example/ios/Pods/Headers/Public/react_renderer_debug/React-rendererdebug.modulemap' '-fmodule-map-file=/Users/amrsaied/Documents/Flutter/PayTab/github/react-native-paytabs-library/example/ios/Pods/Headers/Public/react_runtime/React-jsitooling.modulemap' '-fmodule-map-file=/Users/amrsaied/Documents/Flutter/PayTab/github/react-native-paytabs-library/example/ios/Pods/Headers/Public/react_utils/React-utils.modulemap' '-fmodule-map-file=/Users/amrsaied/Documents/Flutter/PayTab/github/react-native-paytabs-library/example/ios/Pods/Headers/Public/reacthermes/React-hermes.modulemap' '-fmodule-map-file=/Users/amrsaied/Documents/Flutter/PayTab/github/react-native-paytabs-library/example/ios/Pods/Headers/Public/yoga/Yoga.modulemap'

WriteAuxiliaryFile /Users/amrsaied/DerivedData/PaymentsdkExample-fihmfcmcdadiqyacsuppipgwcqpk/Build/Intermediates.noindex/Pods.build/Debug-iphonesimulator/React-RCTText.build/Objects-normal/arm64/React-RCTText.LinkFileList (in target 'React-RCTText' from project 'Pods')
    cd /Users/amrsaied/Documents/Flutter/PayTab/github/react-native-paytabs-library/example/ios/Pods
    write-file /Users/amrsaied/DerivedData/PaymentsdkExample-fihmfcmcdadiqyacsuppipgwcqpk/Build/Intermediates.noindex/Pods.build/Debug-iphonesimulator/React-RCTText.build/Objects-normal/arm64/React-RCTText.LinkFileList

MkDir /Users/amrsaied/DerivedData/PaymentsdkExample-fihmfcmcdadiqyacsuppipgwcqpk/Build/Products/Debug-iphonesimulator/React-cxxreact/React-cxxreact_privacy.bundle (in target 'React-cxxreact-React-cxxreact_privacy' from project 'Pods')
    cd /Users/amrsaied/Documents/Flutter/PayTab/github/react-native-paytabs-library/example/ios/Pods
    /bin/mkdir -p /Users/amrsaied/DerivedData/PaymentsdkExample-fihmfcmcdadiqyacsuppipgwcqpk/Build/Products/Debug-iphonesimulator/React-cxxreact/React-cxxreact_privacy.bundle

WriteAuxiliaryFile /Users/amrsaied/DerivedData/PaymentsdkExample-fihmfcmcdadiqyacsuppipgwcqpk/Build/Intermediates.noindex/Pods.build/Debug-iphonesimulator/React-RCTImage.build/React-RCTImage.DependencyStaticMetadataFileList (in target 'React-RCTImage' from project 'Pods')
    cd /Users/amrsaied/Documents/Flutter/PayTab/github/react-native-paytabs-library/example/ios/Pods
    write-file /Users/amrsaied/DerivedData/PaymentsdkExample-fihmfcmcdadiqyacsuppipgwcqpk/Build/Intermediates.noindex/Pods.build/Debug-iphonesimulator/React-RCTImage.build/React-RCTImage.DependencyStaticMetadataFileList

WriteAuxiliaryFile /Users/amrsaied/DerivedData/PaymentsdkExample-fihmfcmcdadiqyacsuppipgwcqpk/Build/Intermediates.noindex/Pods.build/Debug-iphonesimulator/React-RCTImage.build/React-RCTImage.DependencyMetadataFileList (in target 'React-RCTImage' from project 'Pods')
    cd /Users/amrsaied/Documents/Flutter/PayTab/github/react-native-paytabs-library/example/ios/Pods
    write-file /Users/amrsaied/DerivedData/PaymentsdkExample-fihmfcmcdadiqyacsuppipgwcqpk/Build/Intermediates.noindex/Pods.build/Debug-iphonesimulator/React-RCTImage.build/React-RCTImage.DependencyMetadataFileList

WriteAuxiliaryFile /Users/amrsaied/DerivedData/PaymentsdkExample-fihmfcmcdadiqyacsuppipgwcqpk/Build/Intermediates.noindex/Pods.build/Debug-iphonesimulator/React-RCTImage.build/React-RCTImage-project-headers.hmap (in target 'React-RCTImage' from project 'Pods')
    cd /Users/amrsaied/Documents/Flutter/PayTab/github/react-native-paytabs-library/example/ios/Pods
    write-file /Users/amrsaied/DerivedData/PaymentsdkExample-fihmfcmcdadiqyacsuppipgwcqpk/Build/Intermediates.noindex/Pods.build/Debug-iphonesimulator/React-RCTImage.build/React-RCTImage-project-headers.hmap

WriteAuxiliaryFile /Users/amrsaied/DerivedData/PaymentsdkExample-fihmfcmcdadiqyacsuppipgwcqpk/Build/Intermediates.noindex/Pods.build/Debug-iphonesimulator/React-RCTImage.build/Objects-normal/arm64/e6072d4f65d7061329687fe24e3d63a7-common-args.resp (in target 'React-RCTImage' from project 'Pods')
    cd /Users/amrsaied/Documents/Flutter/PayTab/github/react-native-paytabs-library/example/ios/Pods
    write-file /Users/amrsaied/DerivedData/PaymentsdkExample-fihmfcmcdadiqyacsuppipgwcqpk/Build/Intermediates.noindex/Pods.build/Debug-iphonesimulator/React-RCTImage.build/Objects-normal/arm64/e6072d4f65d7061329687fe24e3d63a7-common-args.resp
-target arm64-apple-ios15.1-simulator '-std=gnu11' -fobjc-arc -fmodules '-fmodules-cache-path=/Users/amrsaied/DerivedData/ModuleCache.noindex' -fpascal-strings -O0 -fno-common '-DPOD_CONFIGURATION_DEBUG=1' '-DDEBUG=1' '-DCOCOAPODS=1' '-DOBJC_OLD_DISPATCH_PROTOTYPES=0' -isysroot /Applications/Xcode.app/Contents/Developer/Platforms/iPhoneSimulator.platform/Developer/SDKs/iPhoneSimulator26.2.sdk -g '-fobjc-abi-version=2' -fobjc-legacy-dispatch -iquote /Users/amrsaied/DerivedData/PaymentsdkExample-fihmfcmcdadiqyacsuppipgwcqpk/Build/Intermediates.noindex/Pods.build/Debug-iphonesimulator/React-RCTImage.build/React-RCTImage-generated-files.hmap -I/Users/amrsaied/DerivedData/PaymentsdkExample-fihmfcmcdadiqyacsuppipgwcqpk/Build/Intermediates.noindex/Pods.build/Debug-iphonesimulator/React-RCTImage.build/React-RCTImage-own-target-headers.hmap -I/Users/amrsaied/DerivedData/PaymentsdkExample-fihmfcmcdadiqyacsuppipgwcqpk/Build/Intermediates.noindex/Pods.build/Debug-iphonesimulator/React-RCTImage.build/React-RCTImage-all-non-framework-target-headers.hmap -ivfsoverlay /Users/amrsaied/DerivedData/PaymentsdkExample-fihmfcmcdadiqyacsuppipgwcqpk/Build/Intermediates.noindex/Pods.build/Debug-iphonesimulator/Pods-8699adb1dd336b26511df848a716bd42-VFS-iphonesimulator/all-product-headers.yaml -iquote /Users/amrsaied/DerivedData/PaymentsdkExample-fihmfcmcdadiqyacsuppipgwcqpk/Build/Intermediates.noindex/Pods.build/Debug-iphonesimulator/React-RCTImage.build/React-RCTImage-project-headers.hmap -I/Users/amrsaied/DerivedData/PaymentsdkExample-fihmfcmcdadiqyacsuppipgwcqpk/Build/Products/Debug-iphonesimulator/React-RCTImage/include -I/Users/amrsaied/Documents/Flutter/PayTab/github/react-native-paytabs-library/example/ios/Pods/Headers/Public -I/Users/amrsaied/Documents/Flutter/PayTab/github/react-native-paytabs-library/example/ios/Pods/Headers/Public/DoubleConversion -I/Users/amrsaied/Documents/Flutter/PayTab/github/react-native-paytabs-library/example/ios/Pods/Headers/Public/FBLazyVector -I/Users/amrsaied/Documents/Flutter/PayTab/github/react-native-paytabs-library/example/ios/Pods/Headers/Public/RCT-Folly -I/Users/amrsaied/Documents/Flutter/PayTab/github/react-native-paytabs-library/example/ios/Pods/Headers/Public/RCTDeprecation -I/Users/amrsaied/Documents/Flutter/PayTab/github/react-native-paytabs-library/example/ios/Pods/Headers/Public/RCTRequired -I/Users/amrsaied/Documents/Flutter/PayTab/github/react-native-paytabs-library/example/ios/Pods/Headers/Public/RCTTypeSafety -I/Users/amrsaied/Documents/Flutter/PayTab/github/react-native-paytabs-library/example/ios/Pods/Headers/Public/React-Core -I/Users/amrsaied/Documents/Flutter/PayTab/github/react-native-paytabs-library/example/ios/Pods/Headers/Public/React-NativeModulesApple -I/Users/amrsaied/Documents/Flutter/PayTab/github/react-native-paytabs-library/example/ios/Pods/Headers/Public/React-RCTFBReactNativeSpec -I/Users/amrsaied/Documents/Flutter/PayTab/github/react-native-paytabs-library/example/ios/Pods/Headers/Public/React-callinvoker -I/Users/amrsaied/Documents/Flutter/PayTab/github/react-native-paytabs-library/example/ios/Pods/Headers/Public/React-cxxreact -I/Users/amrsaied/Documents/Flutter/PayTab/github/react-native-paytabs-library/example/ios/Pods/Headers/Public/React-debug -I/Users/amrsaied/Documents/Flutter/PayTab/github/react-native-paytabs-library/example/ios/Pods/Headers/Public/React-featureflags -I/Users/amrsaied/Documents/Flutter/PayTab/github/react-native-paytabs-library/example/ios/Pods/Headers/Public/React-hermes -I/Users/amrsaied/Documents/Flutter/PayTab/github/react-native-paytabs-library/example/ios/Pods/Headers/Public/React-jsi -I/Users/amrsaied/Documents/Flutter/PayTab/github/react-native-paytabs-library/example/ios/Pods/Headers/Public/React-jsiexecutor -I/Users/amrsaied/Documents/Flutter/PayTab/github/react-native-paytabs-library/example/ios/Pods/Headers/Public/React-jsinspector -I/Users/amrsaied/Documents/Flutter/PayTab/github/react-native-paytabs-library/example/ios/Pods/Headers/Public/React-jsinspectortracing -I/Users/amrsaied/Documents/Flutter/PayTab/github/react-native-paytabs-library/example/ios/Pods/Headers/Public/React-jsitooling -I/Users/amrsaied/Documents/Flutter/PayTab/github/react-native-paytabs-library/example/ios/Pods/Headers/Public/React-logger -I/Users/amrsaied/Documents/Flutter/PayTab/github/react-native-paytabs-library/example/ios/Pods/Headers/Public/React-oscompat -I/Users/amrsaied/Documents/Flutter/PayTab/github/react-native-paytabs-library/example/ios/Pods/Headers/Public/React-perflogger -I/Users/amrsaied/Documents/Flutter/PayTab/github/react-native-paytabs-library/example/ios/Pods/Headers/Public/React-performancetimeline -I/Users/amrsaied/Documents/Flutter/PayTab/github/react-native-paytabs-library/example/ios/Pods/Headers/Public/React-rendererconsistency -I/Users/amrsaied/Documents/Flutter/PayTab/github/react-native-paytabs-library/example/ios/Pods/Headers/Public/React-rendererdebug -I/Users/amrsaied/Documents/Flutter/PayTab/github/react-native-paytabs-library/example/ios/Pods/Headers/Public/React-runtimeexecutor -I/Users/amrsaied/Documents/Flutter/PayTab/github/react-native-paytabs-library/example/ios/Pods/Headers/Public/React-runtimescheduler -I/Users/amrsaied/Documents/Flutter/PayTab/github/react-native-paytabs-library/example/ios/Pods/Headers/Public/React-timing -I/Users/amrsaied/Documents/Flutter/PayTab/github/react-native-paytabs-library/example/ios/Pods/Headers/Public/React-utils -I/Users/amrsaied/Documents/Flutter/PayTab/github/react-native-paytabs-library/example/ios/Pods/Headers/Public/ReactCommon -I/Users/amrsaied/Documents/Flutter/PayTab/github/react-native-paytabs-library/example/ios/Pods/Headers/Public/SocketRocket -I/Users/amrsaied/Documents/Flutter/PayTab/github/react-native-paytabs-library/example/ios/Pods/Headers/Public/Yoga -I/Users/amrsaied/Documents/Flutter/PayTab/github/react-native-paytabs-library/example/ios/Pods/Headers/Public/boost -I/Users/amrsaied/Documents/Flutter/PayTab/github/react-native-paytabs-library/example/ios/Pods/Headers/Public/fast_float -I/Users/amrsaied/Documents/Flutter/PayTab/github/react-native-paytabs-library/example/ios/Pods/Headers/Public/fmt -I/Users/amrsaied/Documents/Flutter/PayTab/github/react-native-paytabs-library/example/ios/Pods/Headers/Public/glog -I/Users/amrsaied/Documents/Flutter/PayTab/github/react-native-paytabs-library/example/ios/Pods/Headers/Public/hermes-engine -I/Users/amrsaied/Documents/Flutter/PayTab/github/react-native-paytabs-library/example/ios/Pods/RCT-Folly -I/Users/amrsaied/Documents/Flutter/PayTab/github/react-native-paytabs-library/example/ios/Pods/Headers/Public/ReactCodegen/react/renderer/components -I/Users/amrsaied/DerivedData/PaymentsdkExample-fihmfcmcdadiqyacsuppipgwcqpk/Build/Products/Debug-iphonesimulator/React-RCTFBReactNativeSpec/React_RCTFBReactNativeSpec.framework/Headers -I/Users/amrsaied/DerivedData/PaymentsdkExample-fihmfcmcdadiqyacsuppipgwcqpk/Build/Products/Debug-iphonesimulator/ReactCommon/ReactCommon.framework/Headers -I/Users/amrsaied/DerivedData/PaymentsdkExample-fihmfcmcdadiqyacsuppipgwcqpk/Build/Products/Debug-iphonesimulator/ReactCommon/ReactCommon.framework/Headers/react/nativemodule/core -I/Users/amrsaied/DerivedData/PaymentsdkExample-fihmfcmcdadiqyacsuppipgwcqpk/Build/Products/Debug-iphonesimulator/React-NativeModulesApple/React_NativeModulesApple.framework/Headers -I/Users/amrsaied/DerivedData/PaymentsdkExample-fihmfcmcdadiqyacsuppipgwcqpk/Build/Intermediates.noindex/Pods.build/Debug-iphonesimulator/React-RCTImage.build/DerivedSources-normal/arm64 -I/Users/amrsaied/DerivedData/PaymentsdkExample-fihmfcmcdadiqyacsuppipgwcqpk/Build/Intermediates.noindex/Pods.build/Debug-iphonesimulator/React-RCTImage.build/DerivedSources/arm64 -I/Users/amrsaied/DerivedData/PaymentsdkExample-fihmfcmcdadiqyacsuppipgwcqpk/Build/Intermediates.noindex/Pods.build/Debug-iphonesimulator/React-RCTImage.build/DerivedSources -F/Users/amrsaied/DerivedData/PaymentsdkExample-fihmfcmcdadiqyacsuppipgwcqpk/Build/Products/Debug-iphonesimulator/React-RCTImage -F/Users/amrsaied/Documents/Flutter/PayTab/github/react-native-paytabs-library/example/ios/Pods/hermes-engine/destroot/Library/Frameworks/universal -F/Users/amrsaied/DerivedData/PaymentsdkExample-fihmfcmcdadiqyacsuppipgwcqpk/Build/Products/Debug-iphonesimulator/XCFrameworkIntermediates/hermes-engine/Pre-built '-fmodule-map-file=/Users/amrsaied/Documents/Flutter/PayTab/github/react-native-paytabs-library/example/ios/Pods/Headers/Public/RCTDeprecation/RCTDeprecation.modulemap' '-fmodule-map-file=/Users/amrsaied/Documents/Flutter/PayTab/github/react-native-paytabs-library/example/ios/Pods/Headers/Public/RCTTypeSafety/RCTTypeSafety.modulemap' '-fmodule-map-file=/Users/amrsaied/Documents/Flutter/PayTab/github/react-native-paytabs-library/example/ios/Pods/Headers/Public/React/React-Core.modulemap' '-fmodule-map-file=/Users/amrsaied/Documents/Flutter/PayTab/github/react-native-paytabs-library/example/ios/Pods/Headers/Public/ReactCommon/ReactCommon.modulemap' '-fmodule-map-file=/Users/amrsaied/Documents/Flutter/PayTab/github/react-native-paytabs-library/example/ios/Pods/Headers/Public/React_NativeModulesApple/React-NativeModulesApple.modulemap' '-fmodule-map-file=/Users/amrsaied/Documents/Flutter/PayTab/github/react-native-paytabs-library/example/ios/Pods/Headers/Public/folly/RCT-Folly.modulemap' '-fmodule-map-file=/Users/amrsaied/Documents/Flutter/PayTab/github/react-native-paytabs-library/example/ios/Pods/Headers/Public/jsi/React-jsi.modulemap' '-fmodule-map-file=/Users/amrsaied/Documents/Flutter/PayTab/github/react-native-paytabs-library/example/ios/Pods/Headers/Public/jsinspector_modern/React-jsinspector.modulemap' '-fmodule-map-file=/Users/amrsaied/Documents/Flutter/PayTab/github/react-native-paytabs-library/example/ios/Pods/Headers/Public/jsinspector_modern_tracing/React-jsinspectortracing.modulemap' '-fmodule-map-file=/Users/amrsaied/Documents/Flutter/PayTab/github/react-native-paytabs-library/example/ios/Pods/Headers/Public/react_debug/React-debug.modulemap' '-fmodule-map-file=/Users/amrsaied/Documents/Flutter/PayTab/github/react-native-paytabs-library/example/ios/Pods/Headers/Public/react_featureflags/React-featureflags.modulemap' '-fmodule-map-file=/Users/amrsaied/Documents/Flutter/PayTab/github/react-native-paytabs-library/example/ios/Pods/Headers/Public/react_renderer_debug/React-rendererdebug.modulemap' '-fmodule-map-file=/Users/amrsaied/Documents/Flutter/PayTab/github/react-native-paytabs-library/example/ios/Pods/Headers/Public/react_runtime/React-jsitooling.modulemap' '-fmodule-map-file=/Users/amrsaied/Documents/Flutter/PayTab/github/react-native-paytabs-library/example/ios/Pods/Headers/Public/react_utils/React-utils.modulemap' '-fmodule-map-file=/Users/amrsaied/Documents/Flutter/PayTab/github/react-native-paytabs-library/example/ios/Pods/Headers/Public/reacthermes/React-hermes.modulemap' '-fmodule-map-file=/Users/amrsaied/Documents/Flutter/PayTab/github/react-native-paytabs-library/example/ios/Pods/Headers/Public/yoga/Yoga.modulemap'

WriteAuxiliaryFile /Users/amrsaied/DerivedData/PaymentsdkExample-fihmfcmcdadiqyacsuppipgwcqpk/Build/Intermediates.noindex/Pods.build/Debug-iphonesimulator/React-RCTImage.build/Objects-normal/arm64/af3fcb34312c57c0f52879cdce924b91-common-args.resp (in target 'React-RCTImage' from project 'Pods')
    cd /Users/amrsaied/Documents/Flutter/PayTab/github/react-native-paytabs-library/example/ios/Pods
    write-file /Users/amrsaied/DerivedData/PaymentsdkExample-fihmfcmcdadiqyacsuppipgwcqpk/Build/Intermediates.noindex/Pods.build/Debug-iphonesimulator/React-RCTImage.build/Objects-normal/arm64/af3fcb34312c57c0f52879cdce924b91-common-args.resp
-target arm64-apple-ios15.1-simulator '-std=c++20' '-stdlib=libc++' -fobjc-arc -fmodules -fno-cxx-modules '-fmodules-cache-path=/Users/amrsaied/DerivedData/ModuleCache.noindex' '-D_LIBCPP_HARDENING_MODE=_LIBCPP_HARDENING_MODE_DEBUG' -fpascal-strings -O0 -fno-common '-DPOD_CONFIGURATION_DEBUG=1' '-DDEBUG=1' '-DCOCOAPODS=1' '-DOBJC_OLD_DISPATCH_PROTOTYPES=0' -isysroot /Applications/Xcode.app/Contents/Developer/Platforms/iPhoneSimulator.platform/Developer/SDKs/iPhoneSimulator26.2.sdk -g '-fobjc-abi-version=2' -fobjc-legacy-dispatch -iquote /Users/amrsaied/DerivedData/PaymentsdkExample-fihmfcmcdadiqyacsuppipgwcqpk/Build/Intermediates.noindex/Pods.build/Debug-iphonesimulator/React-RCTImage.build/React-RCTImage-generated-files.hmap -I/Users/amrsaied/DerivedData/PaymentsdkExample-fihmfcmcdadiqyacsuppipgwcqpk/Build/Intermediates.noindex/Pods.build/Debug-iphonesimulator/React-RCTImage.build/React-RCTImage-own-target-headers.hmap -I/Users/amrsaied/DerivedData/PaymentsdkExample-fihmfcmcdadiqyacsuppipgwcqpk/Build/Intermediates.noindex/Pods.build/Debug-iphonesimulator/React-RCTImage.build/React-RCTImage-all-non-framework-target-headers.hmap -ivfsoverlay /Users/amrsaied/DerivedData/PaymentsdkExample-fihmfcmcdadiqyacsuppipgwcqpk/Build/Intermediates.noindex/Pods.build/Debug-iphonesimulator/Pods-8699adb1dd336b26511df848a716bd42-VFS-iphonesimulator/all-product-headers.yaml -iquote /Users/amrsaied/DerivedData/PaymentsdkExample-fihmfcmcdadiqyacsuppipgwcqpk/Build/Intermediates.noindex/Pods.build/Debug-iphonesimulator/React-RCTImage.build/React-RCTImage-project-headers.hmap -I/Users/amrsaied/DerivedData/PaymentsdkExample-fihmfcmcdadiqyacsuppipgwcqpk/Build/Products/Debug-iphonesimulator/React-RCTImage/include -I/Users/amrsaied/Documents/Flutter/PayTab/github/react-native-paytabs-library/example/ios/Pods/Headers/Public -I/Users/amrsaied/Documents/Flutter/PayTab/github/react-native-paytabs-library/example/ios/Pods/Headers/Public/DoubleConversion -I/Users/amrsaied/Documents/Flutter/PayTab/github/react-native-paytabs-library/example/ios/Pods/Headers/Public/FBLazyVector -I/Users/amrsaied/Documents/Flutter/PayTab/github/react-native-paytabs-library/example/ios/Pods/Headers/Public/RCT-Folly -I/Users/amrsaied/Documents/Flutter/PayTab/github/react-native-paytabs-library/example/ios/Pods/Headers/Public/RCTDeprecation -I/Users/amrsaied/Documents/Flutter/PayTab/github/react-native-paytabs-library/example/ios/Pods/Headers/Public/RCTRequired -I/Users/amrsaied/Documents/Flutter/PayTab/github/react-native-paytabs-library/example/ios/Pods/Headers/Public/RCTTypeSafety -I/Users/amrsaied/Documents/Flutter/PayTab/github/react-native-paytabs-library/example/ios/Pods/Headers/Public/React-Core -I/Users/amrsaied/Documents/Flutter/PayTab/github/react-native-paytabs-library/example/ios/Pods/Headers/Public/React-NativeModulesApple -I/Users/amrsaied/Documents/Flutter/PayTab/github/react-native-paytabs-library/example/ios/Pods/Headers/Public/React-RCTFBReactNativeSpec -I/Users/amrsaied/Documents/Flutter/PayTab/github/react-native-paytabs-library/example/ios/Pods/Headers/Public/React-callinvoker -I/Users/amrsaied/Documents/Flutter/PayTab/github/react-native-paytabs-library/example/ios/Pods/Headers/Public/React-cxxreact -I/Users/amrsaied/Documents/Flutter/PayTab/github/react-native-paytabs-library/example/ios/Pods/Headers/Public/React-debug -I/Users/amrsaied/Documents/Flutter/PayTab/github/react-native-paytabs-library/example/ios/Pods/Headers/Public/React-featureflags -I/Users/amrsaied/Documents/Flutter/PayTab/github/react-native-paytabs-library/example/ios/Pods/Headers/Public/React-hermes -I/Users/amrsaied/Documents/Flutter/PayTab/github/react-native-paytabs-library/example/ios/Pods/Headers/Public/React-jsi -I/Users/amrsaied/Documents/Flutter/PayTab/github/react-native-paytabs-library/example/ios/Pods/Headers/Public/React-jsiexecutor -I/Users/amrsaied/Documents/Flutter/PayTab/github/react-native-paytabs-library/example/ios/Pods/Headers/Public/React-jsinspector -I/Users/amrsaied/Documents/Flutter/PayTab/github/react-native-paytabs-library/example/ios/Pods/Headers/Public/React-jsinspectortracing -I/Users/amrsaied/Documents/Flutter/PayTab/github/react-native-paytabs-library/example/ios/Pods/Headers/Public/React-jsitooling -I/Users/amrsaied/Documents/Flutter/PayTab/github/react-native-paytabs-library/example/ios/Pods/Headers/Public/React-logger -I/Users/amrsaied/Documents/Flutter/PayTab/github/react-native-paytabs-library/example/ios/Pods/Headers/Public/React-oscompat -I/Users/amrsaied/Documents/Flutter/PayTab/github/react-native-paytabs-library/example/ios/Pods/Headers/Public/React-perflogger -I/Users/amrsaied/Documents/Flutter/PayTab/github/react-native-paytabs-library/example/ios/Pods/Headers/Public/React-performancetimeline -I/Users/amrsaied/Documents/Flutter/PayTab/github/react-native-paytabs-library/example/ios/Pods/Headers/Public/React-rendererconsistency -I/Users/amrsaied/Documents/Flutter/PayTab/github/react-native-paytabs-library/example/ios/Pods/Headers/Public/React-rendererdebug -I/Users/amrsaied/Documents/Flutter/PayTab/github/react-native-paytabs-library/example/ios/Pods/Headers/Public/React-runtimeexecutor -I/Users/amrsaied/Documents/Flutter/PayTab/github/react-native-paytabs-library/example/ios/Pods/Headers/Public/React-runtimescheduler -I/Users/amrsaied/Documents/Flutter/PayTab/github/react-native-paytabs-library/example/ios/Pods/Headers/Public/React-timing -I/Users/amrsaied/Documents/Flutter/PayTab/github/react-native-paytabs-library/example/ios/Pods/Headers/Public/React-utils -I/Users/amrsaied/Documents/Flutter/PayTab/github/react-native-paytabs-library/example/ios/Pods/Headers/Public/ReactCommon -I/Users/amrsaied/Documents/Flutter/PayTab/github/react-native-paytabs-library/example/ios/Pods/Headers/Public/SocketRocket -I/Users/amrsaied/Documents/Flutter/PayTab/github/react-native-paytabs-library/example/ios/Pods/Headers/Public/Yoga -I/Users/amrsaied/Documents/Flutter/PayTab/github/react-native-paytabs-library/example/ios/Pods/Headers/Public/boost -I/Users/amrsaied/Documents/Flutter/PayTab/github/react-native-paytabs-library/example/ios/Pods/Headers/Public/fast_float -I/Users/amrsaied/Documents/Flutter/PayTab/github/react-native-paytabs-library/example/ios/Pods/Headers/Public/fmt -I/Users/amrsaied/Documents/Flutter/PayTab/github/react-native-paytabs-library/example/ios/Pods/Headers/Public/glog -I/Users/amrsaied/Documents/Flutter/PayTab/github/react-native-paytabs-library/example/ios/Pods/Headers/Public/hermes-engine -I/Users/amrsaied/Documents/Flutter/PayTab/github/react-native-paytabs-library/example/ios/Pods/RCT-Folly -I/Users/amrsaied/Documents/Flutter/PayTab/github/react-native-paytabs-library/example/ios/Pods/Headers/Public/ReactCodegen/react/renderer/components -I/Users/amrsaied/DerivedData/PaymentsdkExample-fihmfcmcdadiqyacsuppipgwcqpk/Build/Products/Debug-iphonesimulator/React-RCTFBReactNativeSpec/React_RCTFBReactNativeSpec.framework/Headers -I/Users/amrsaied/DerivedData/PaymentsdkExample-fihmfcmcdadiqyacsuppipgwcqpk/Build/Products/Debug-iphonesimulator/ReactCommon/ReactCommon.framework/Headers -I/Users/amrsaied/DerivedData/PaymentsdkExample-fihmfcmcdadiqyacsuppipgwcqpk/Build/Products/Debug-iphonesimulator/ReactCommon/ReactCommon.framework/Headers/react/nativemodule/core -I/Users/amrsaied/DerivedData/PaymentsdkExample-fihmfcmcdadiqyacsuppipgwcqpk/Build/Products/Debug-iphonesimulator/React-NativeModulesApple/React_NativeModulesApple.framework/Headers -I/Users/amrsaied/DerivedData/PaymentsdkExample-fihmfcmcdadiqyacsuppipgwcqpk/Build/Intermediates.noindex/Pods.build/Debug-iphonesimulator/React-RCTImage.build/DerivedSources-normal/arm64 -I/Users/amrsaied/DerivedData/PaymentsdkExample-fihmfcmcdadiqyacsuppipgwcqpk/Build/Intermediates.noindex/Pods.build/Debug-iphonesimulator/React-RCTImage.build/DerivedSources/arm64 -I/Users/amrsaied/DerivedData/PaymentsdkExample-fihmfcmcdadiqyacsuppipgwcqpk/Build/Intermediates.noindex/Pods.build/Debug-iphonesimulator/React-RCTImage.build/DerivedSources -F/Users/amrsaied/DerivedData/PaymentsdkExample-fihmfcmcdadiqyacsuppipgwcqpk/Build/Products/Debug-iphonesimulator/React-RCTImage -F/Users/amrsaied/Documents/Flutter/PayTab/github/react-native-paytabs-library/example/ios/Pods/hermes-engine/destroot/Library/Frameworks/universal -F/Users/amrsaied/DerivedData/PaymentsdkExample-fihmfcmcdadiqyacsuppipgwcqpk/Build/Products/Debug-iphonesimulator/XCFrameworkIntermediates/hermes-engine/Pre-built '-fmodule-map-file=/Users/amrsaied/Documents/Flutter/PayTab/github/react-native-paytabs-library/example/ios/Pods/Headers/Public/RCTDeprecation/RCTDeprecation.modulemap' '-fmodule-map-file=/Users/amrsaied/Documents/Flutter/PayTab/github/react-native-paytabs-library/example/ios/Pods/Headers/Public/RCTTypeSafety/RCTTypeSafety.modulemap' '-fmodule-map-file=/Users/amrsaied/Documents/Flutter/PayTab/github/react-native-paytabs-library/example/ios/Pods/Headers/Public/React/React-Core.modulemap' '-fmodule-map-file=/Users/amrsaied/Documents/Flutter/PayTab/github/react-native-paytabs-library/example/ios/Pods/Headers/Public/ReactCommon/ReactCommon.modulemap' '-fmodule-map-file=/Users/amrsaied/Documents/Flutter/PayTab/github/react-native-paytabs-library/example/ios/Pods/Headers/Public/React_NativeModulesApple/React-NativeModulesApple.modulemap' '-fmodule-map-file=/Users/amrsaied/Documents/Flutter/PayTab/github/react-native-paytabs-library/example/ios/Pods/Headers/Public/folly/RCT-Folly.modulemap' '-fmodule-map-file=/Users/amrsaied/Documents/Flutter/PayTab/github/react-native-paytabs-library/example/ios/Pods/Headers/Public/jsi/React-jsi.modulemap' '-fmodule-map-file=/Users/amrsaied/Documents/Flutter/PayTab/github/react-native-paytabs-library/example/ios/Pods/Headers/Public/jsinspector_modern/React-jsinspector.modulemap' '-fmodule-map-file=/Users/amrsaied/Documents/Flutter/PayTab/github/react-native-paytabs-library/example/ios/Pods/Headers/Public/jsinspector_modern_tracing/React-jsinspectortracing.modulemap' '-fmodule-map-file=/Users/amrsaied/Documents/Flutter/PayTab/github/react-native-paytabs-library/example/ios/Pods/Headers/Public/react_debug/React-debug.modulemap' '-fmodule-map-file=/Users/amrsaied/Documents/Flutter/PayTab/github/react-native-paytabs-library/example/ios/Pods/Headers/Public/react_featureflags/React-featureflags.modulemap' '-fmodule-map-file=/Users/amrsaied/Documents/Flutter/PayTab/github/react-native-paytabs-library/example/ios/Pods/Headers/Public/react_renderer_debug/React-rendererdebug.modulemap' '-fmodule-map-file=/Users/amrsaied/Documents/Flutter/PayTab/github/react-native-paytabs-library/example/ios/Pods/Headers/Public/react_runtime/React-jsitooling.modulemap' '-fmodule-map-file=/Users/amrsaied/Documents/Flutter/PayTab/github/react-native-paytabs-library/example/ios/Pods/Headers/Public/react_utils/React-utils.modulemap' '-fmodule-map-file=/Users/amrsaied/Documents/Flutter/PayTab/github/react-native-paytabs-library/example/ios/Pods/Headers/Public/reacthermes/React-hermes.modulemap' '-fmodule-map-file=/Users/amrsaied/Documents/Flutter/PayTab/github/react-native-paytabs-library/example/ios/Pods/Headers/Public/yoga/Yoga.modulemap'

WriteAuxiliaryFile /Users/amrsaied/DerivedData/PaymentsdkExample-fihmfcmcdadiqyacsuppipgwcqpk/Build/Intermediates.noindex/Pods.build/Debug-iphonesimulator/React-RCTImage.build/Objects-normal/arm64/React-RCTImage.LinkFileList (in target 'React-RCTImage' from project 'Pods')
    cd /Users/amrsaied/Documents/Flutter/PayTab/github/react-native-paytabs-library/example/ios/Pods
    write-file /Users/amrsaied/DerivedData/PaymentsdkExample-fihmfcmcdadiqyacsuppipgwcqpk/Build/Intermediates.noindex/Pods.build/Debug-iphonesimulator/React-RCTImage.build/Objects-normal/arm64/React-RCTImage.LinkFileList

WriteAuxiliaryFile /Users/amrsaied/DerivedData/PaymentsdkExample-fihmfcmcdadiqyacsuppipgwcqpk/Build/Intermediates.noindex/Pods.build/Debug-iphonesimulator/React-Core-React-Core_privacy.build/React-Core_privacy.DependencyStaticMetadataFileList (in target 'React-Core-React-Core_privacy' from project 'Pods')
    cd /Users/amrsaied/Documents/Flutter/PayTab/github/react-native-paytabs-library/example/ios/Pods
    write-file /Users/amrsaied/DerivedData/PaymentsdkExample-fihmfcmcdadiqyacsuppipgwcqpk/Build/Intermediates.noindex/Pods.build/Debug-iphonesimulator/React-Core-React-Core_privacy.build/React-Core_privacy.DependencyStaticMetadataFileList

WriteAuxiliaryFile /Users/amrsaied/DerivedData/PaymentsdkExample-fihmfcmcdadiqyacsuppipgwcqpk/Build/Intermediates.noindex/Pods.build/Debug-iphonesimulator/React-Core-React-Core_privacy.build/React-Core_privacy.hmap (in target 'React-Core-React-Core_privacy' from project 'Pods')
    cd /Users/amrsaied/Documents/Flutter/PayTab/github/react-native-paytabs-library/example/ios/Pods
    write-file /Users/amrsaied/DerivedData/PaymentsdkExample-fihmfcmcdadiqyacsuppipgwcqpk/Build/Intermediates.noindex/Pods.build/Debug-iphonesimulator/React-Core-React-Core_privacy.build/React-Core_privacy.hmap

WriteAuxiliaryFile /Users/amrsaied/DerivedData/PaymentsdkExample-fihmfcmcdadiqyacsuppipgwcqpk/Build/Intermediates.noindex/Pods.build/Debug-iphonesimulator/React-Core-React-Core_privacy.build/React-Core_privacy-project-headers.hmap (in target 'React-Core-React-Core_privacy' from project 'Pods')
    cd /Users/amrsaied/Documents/Flutter/PayTab/github/react-native-paytabs-library/example/ios/Pods
    write-file /Users/amrsaied/DerivedData/PaymentsdkExample-fihmfcmcdadiqyacsuppipgwcqpk/Build/Intermediates.noindex/Pods.build/Debug-iphonesimulator/React-Core-React-Core_privacy.build/React-Core_privacy-project-headers.hmap

WriteAuxiliaryFile /Users/amrsaied/DerivedData/PaymentsdkExample-fihmfcmcdadiqyacsuppipgwcqpk/Build/Intermediates.noindex/Pods.build/Debug-iphonesimulator/React-Core-React-Core_privacy.build/React-Core_privacy.DependencyMetadataFileList (in target 'React-Core-React-Core_privacy' from project 'Pods')
    cd /Users/amrsaied/Documents/Flutter/PayTab/github/react-native-paytabs-library/example/ios/Pods
    write-file /Users/amrsaied/DerivedData/PaymentsdkExample-fihmfcmcdadiqyacsuppipgwcqpk/Build/Intermediates.noindex/Pods.build/Debug-iphonesimulator/React-Core-React-Core_privacy.build/React-Core_privacy.DependencyMetadataFileList

WriteAuxiliaryFile /Users/amrsaied/DerivedData/PaymentsdkExample-fihmfcmcdadiqyacsuppipgwcqpk/Build/Intermediates.noindex/Pods.build/Debug-iphonesimulator/React-Core-React-Core_privacy.build/React-Core_privacy-own-target-headers.hmap (in target 'React-Core-React-Core_privacy' from project 'Pods')
    cd /Users/amrsaied/Documents/Flutter/PayTab/github/react-native-paytabs-library/example/ios/Pods
    write-file /Users/amrsaied/DerivedData/PaymentsdkExample-fihmfcmcdadiqyacsuppipgwcqpk/Build/Intermediates.noindex/Pods.build/Debug-iphonesimulator/React-Core-React-Core_privacy.build/React-Core_privacy-own-target-headers.hmap

WriteAuxiliaryFile /Users/amrsaied/DerivedData/PaymentsdkExample-fihmfcmcdadiqyacsuppipgwcqpk/Build/Intermediates.noindex/Pods.build/Debug-iphonesimulator/React-Core-React-Core_privacy.build/React-Core_privacy-generated-files.hmap (in target 'React-Core-React-Core_privacy' from project 'Pods')
    cd /Users/amrsaied/Documents/Flutter/PayTab/github/react-native-paytabs-library/example/ios/Pods
    write-file /Users/amrsaied/DerivedData/PaymentsdkExample-fihmfcmcdadiqyacsuppipgwcqpk/Build/Intermediates.noindex/Pods.build/Debug-iphonesimulator/React-Core-React-Core_privacy.build/React-Core_privacy-generated-files.hmap

WriteAuxiliaryFile /Users/amrsaied/DerivedData/PaymentsdkExample-fihmfcmcdadiqyacsuppipgwcqpk/Build/Intermediates.noindex/Pods.build/Debug-iphonesimulator/React-Core-React-Core_privacy.build/React-Core_privacy-all-target-headers.hmap (in target 'React-Core-React-Core_privacy' from project 'Pods')
    cd /Users/amrsaied/Documents/Flutter/PayTab/github/react-native-paytabs-library/example/ios/Pods
    write-file /Users/amrsaied/DerivedData/PaymentsdkExample-fihmfcmcdadiqyacsuppipgwcqpk/Build/Intermediates.noindex/Pods.build/Debug-iphonesimulator/React-Core-React-Core_privacy.build/React-Core_privacy-all-target-headers.hmap

WriteAuxiliaryFile /Users/amrsaied/DerivedData/PaymentsdkExample-fihmfcmcdadiqyacsuppipgwcqpk/Build/Intermediates.noindex/Pods.build/Debug-iphonesimulator/React-Core-React-Core_privacy.build/React-Core_privacy-all-non-framework-target-headers.hmap (in target 'React-Core-React-Core_privacy' from project 'Pods')
    cd /Users/amrsaied/Documents/Flutter/PayTab/github/react-native-paytabs-library/example/ios/Pods
    write-file /Users/amrsaied/DerivedData/PaymentsdkExample-fihmfcmcdadiqyacsuppipgwcqpk/Build/Intermediates.noindex/Pods.build/Debug-iphonesimulator/React-Core-React-Core_privacy.build/React-Core_privacy-all-non-framework-target-headers.hmap

WriteAuxiliaryFile /Users/amrsaied/DerivedData/PaymentsdkExample-fihmfcmcdadiqyacsuppipgwcqpk/Build/Intermediates.noindex/Pods.build/Debug-iphonesimulator/RCT-Folly-RCT-Folly_privacy.build/RCT-Folly_privacy.DependencyMetadataFileList (in target 'RCT-Folly-RCT-Folly_privacy' from project 'Pods')
    cd /Users/amrsaied/Documents/Flutter/PayTab/github/react-native-paytabs-library/example/ios/Pods
    write-file /Users/amrsaied/DerivedData/PaymentsdkExample-fihmfcmcdadiqyacsuppipgwcqpk/Build/Intermediates.noindex/Pods.build/Debug-iphonesimulator/RCT-Folly-RCT-Folly_privacy.build/RCT-Folly_privacy.DependencyMetadataFileList

WriteAuxiliaryFile /Users/amrsaied/DerivedData/PaymentsdkExample-fihmfcmcdadiqyacsuppipgwcqpk/Build/Intermediates.noindex/Pods.build/Debug-iphonesimulator/RCT-Folly-RCT-Folly_privacy.build/RCT-Folly_privacy.DependencyStaticMetadataFileList (in target 'RCT-Folly-RCT-Folly_privacy' from project 'Pods')
    cd /Users/amrsaied/Documents/Flutter/PayTab/github/react-native-paytabs-library/example/ios/Pods
    write-file /Users/amrsaied/DerivedData/PaymentsdkExample-fihmfcmcdadiqyacsuppipgwcqpk/Build/Intermediates.noindex/Pods.build/Debug-iphonesimulator/RCT-Folly-RCT-Folly_privacy.build/RCT-Folly_privacy.DependencyStaticMetadataFileList

MkDir /Users/amrsaied/DerivedData/PaymentsdkExample-fihmfcmcdadiqyacsuppipgwcqpk/Build/Products/Debug-iphonesimulator/React-Core/React-Core_privacy.bundle (in target 'React-Core-React-Core_privacy' from project 'Pods')
    cd /Users/amrsaied/Documents/Flutter/PayTab/github/react-native-paytabs-library/example/ios/Pods
    /bin/mkdir -p /Users/amrsaied/DerivedData/PaymentsdkExample-fihmfcmcdadiqyacsuppipgwcqpk/Build/Products/Debug-iphonesimulator/React-Core/React-Core_privacy.bundle

MkDir /Users/amrsaied/DerivedData/PaymentsdkExample-fihmfcmcdadiqyacsuppipgwcqpk/Build/Products/Debug-iphonesimulator/RCT-Folly/RCT-Folly_privacy.bundle (in target 'RCT-Folly-RCT-Folly_privacy' from project 'Pods')
    cd /Users/amrsaied/Documents/Flutter/PayTab/github/react-native-paytabs-library/example/ios/Pods
    /bin/mkdir -p /Users/amrsaied/DerivedData/PaymentsdkExample-fihmfcmcdadiqyacsuppipgwcqpk/Build/Products/Debug-iphonesimulator/RCT-Folly/RCT-Folly_privacy.bundle

CreateBuildDirectory /Users/amrsaied/DerivedData/PaymentsdkExample-fihmfcmcdadiqyacsuppipgwcqpk/Build/Products/Debug-iphonesimulator/React-utils
    cd /Users/amrsaied/Documents/Flutter/PayTab/github/react-native-paytabs-library/example/ios
    builtin-create-build-directory /Users/amrsaied/DerivedData/PaymentsdkExample-fihmfcmcdadiqyacsuppipgwcqpk/Build/Products/Debug-iphonesimulator/React-utils

CreateBuildDirectory /Users/amrsaied/DerivedData/PaymentsdkExample-fihmfcmcdadiqyacsuppipgwcqpk/Build/Products/Debug-iphonesimulator/React-timing
    cd /Users/amrsaied/Documents/Flutter/PayTab/github/react-native-paytabs-library/example/ios
    builtin-create-build-directory /Users/amrsaied/DerivedData/PaymentsdkExample-fihmfcmcdadiqyacsuppipgwcqpk/Build/Products/Debug-iphonesimulator/React-timing

CreateBuildDirectory /Users/amrsaied/DerivedData/PaymentsdkExample-fihmfcmcdadiqyacsuppipgwcqpk/Build/Products/Debug-iphonesimulator/React-runtimescheduler
    cd /Users/amrsaied/Documents/Flutter/PayTab/github/react-native-paytabs-library/example/ios
    builtin-create-build-directory /Users/amrsaied/DerivedData/PaymentsdkExample-fihmfcmcdadiqyacsuppipgwcqpk/Build/Products/Debug-iphonesimulator/React-runtimescheduler

CreateBuildDirectory /Users/amrsaied/DerivedData/PaymentsdkExample-fihmfcmcdadiqyacsuppipgwcqpk/Build/Products/Debug-iphonesimulator/React-rncore
    cd /Users/amrsaied/Documents/Flutter/PayTab/github/react-native-paytabs-library/example/ios
    builtin-create-build-directory /Users/amrsaied/DerivedData/PaymentsdkExample-fihmfcmcdadiqyacsuppipgwcqpk/Build/Products/Debug-iphonesimulator/React-rncore

CreateBuildDirectory /Users/amrsaied/DerivedData/PaymentsdkExample-fihmfcmcdadiqyacsuppipgwcqpk/Build/Products/Debug-iphonesimulator/React-rendererdebug
    cd /Users/amrsaied/Documents/Flutter/PayTab/github/react-native-paytabs-library/example/ios
    builtin-create-build-directory /Users/amrsaied/DerivedData/PaymentsdkExample-fihmfcmcdadiqyacsuppipgwcqpk/Build/Products/Debug-iphonesimulator/React-rendererdebug

CreateBuildDirectory /Users/amrsaied/DerivedData/PaymentsdkExample-fihmfcmcdadiqyacsuppipgwcqpk/Build/Products/Debug-iphonesimulator/React-renderercss
    cd /Users/amrsaied/Documents/Flutter/PayTab/github/react-native-paytabs-library/example/ios
    builtin-create-build-directory /Users/amrsaied/DerivedData/PaymentsdkExample-fihmfcmcdadiqyacsuppipgwcqpk/Build/Products/Debug-iphonesimulator/React-renderercss

CreateBuildDirectory /Users/amrsaied/DerivedData/PaymentsdkExample-fihmfcmcdadiqyacsuppipgwcqpk/Build/Products/Debug-iphonesimulator/React-rendererconsistency
    cd /Users/amrsaied/Documents/Flutter/PayTab/github/react-native-paytabs-library/example/ios
    builtin-create-build-directory /Users/amrsaied/DerivedData/PaymentsdkExample-fihmfcmcdadiqyacsuppipgwcqpk/Build/Products/Debug-iphonesimulator/React-rendererconsistency

WriteAuxiliaryFile /Users/amrsaied/DerivedData/PaymentsdkExample-fihmfcmcdadiqyacsuppipgwcqpk/Build/Intermediates.noindex/Pods.build/Debug-iphonesimulator/React-utils.build/React-utils.hmap (in target 'React-utils' from project 'Pods')
    cd /Users/amrsaied/Documents/Flutter/PayTab/github/react-native-paytabs-library/example/ios/Pods
    write-file /Users/amrsaied/DerivedData/PaymentsdkExample-fihmfcmcdadiqyacsuppipgwcqpk/Build/Intermediates.noindex/Pods.build/Debug-iphonesimulator/React-utils.build/React-utils.hmap

WriteAuxiliaryFile /Users/amrsaied/DerivedData/PaymentsdkExample-fihmfcmcdadiqyacsuppipgwcqpk/Build/Intermediates.noindex/Pods.build/Debug-iphonesimulator/React-utils.build/React-utils.DependencyStaticMetadataFileList (in target 'React-utils' from project 'Pods')
    cd /Users/amrsaied/Documents/Flutter/PayTab/github/react-native-paytabs-library/example/ios/Pods
    write-file /Users/amrsaied/DerivedData/PaymentsdkExample-fihmfcmcdadiqyacsuppipgwcqpk/Build/Intermediates.noindex/Pods.build/Debug-iphonesimulator/React-utils.build/React-utils.DependencyStaticMetadataFileList

WriteAuxiliaryFile /Users/amrsaied/DerivedData/PaymentsdkExample-fihmfcmcdadiqyacsuppipgwcqpk/Build/Intermediates.noindex/Pods.build/Debug-iphonesimulator/React-utils.build/React-utils.DependencyMetadataFileList (in target 'React-utils' from project 'Pods')
    cd /Users/amrsaied/Documents/Flutter/PayTab/github/react-native-paytabs-library/example/ios/Pods
    write-file /Users/amrsaied/DerivedData/PaymentsdkExample-fihmfcmcdadiqyacsuppipgwcqpk/Build/Intermediates.noindex/Pods.build/Debug-iphonesimulator/React-utils.build/React-utils.DependencyMetadataFileList

WriteAuxiliaryFile /Users/amrsaied/DerivedData/PaymentsdkExample-fihmfcmcdadiqyacsuppipgwcqpk/Build/Intermediates.noindex/Pods.build/Debug-iphonesimulator/React-utils.build/React-utils-project-headers.hmap (in target 'React-utils' from project 'Pods')
    cd /Users/amrsaied/Documents/Flutter/PayTab/github/react-native-paytabs-library/example/ios/Pods
    write-file /Users/amrsaied/DerivedData/PaymentsdkExample-fihmfcmcdadiqyacsuppipgwcqpk/Build/Intermediates.noindex/Pods.build/Debug-iphonesimulator/React-utils.build/React-utils-project-headers.hmap

WriteAuxiliaryFile /Users/amrsaied/DerivedData/PaymentsdkExample-fihmfcmcdadiqyacsuppipgwcqpk/Build/Intermediates.noindex/Pods.build/Debug-iphonesimulator/React-utils.build/React-utils-own-target-headers.hmap (in target 'React-utils' from project 'Pods')
    cd /Users/amrsaied/Documents/Flutter/PayTab/github/react-native-paytabs-library/example/ios/Pods
    write-file /Users/amrsaied/DerivedData/PaymentsdkExample-fihmfcmcdadiqyacsuppipgwcqpk/Build/Intermediates.noindex/Pods.build/Debug-iphonesimulator/React-utils.build/React-utils-own-target-headers.hmap

WriteAuxiliaryFile /Users/amrsaied/DerivedData/PaymentsdkExample-fihmfcmcdadiqyacsuppipgwcqpk/Build/Intermediates.noindex/Pods.build/Debug-iphonesimulator/React-utils.build/React-utils-generated-files.hmap (in target 'React-utils' from project 'Pods')
    cd /Users/amrsaied/Documents/Flutter/PayTab/github/react-native-paytabs-library/example/ios/Pods
    write-file /Users/amrsaied/DerivedData/PaymentsdkExample-fihmfcmcdadiqyacsuppipgwcqpk/Build/Intermediates.noindex/Pods.build/Debug-iphonesimulator/React-utils.build/React-utils-generated-files.hmap

WriteAuxiliaryFile /Users/amrsaied/DerivedData/PaymentsdkExample-fihmfcmcdadiqyacsuppipgwcqpk/Build/Intermediates.noindex/Pods.build/Debug-iphonesimulator/React-utils.build/React-utils-all-target-headers.hmap (in target 'React-utils' from project 'Pods')
    cd /Users/amrsaied/Documents/Flutter/PayTab/github/react-native-paytabs-library/example/ios/Pods
    write-file /Users/amrsaied/DerivedData/PaymentsdkExample-fihmfcmcdadiqyacsuppipgwcqpk/Build/Intermediates.noindex/Pods.build/Debug-iphonesimulator/React-utils.build/React-utils-all-target-headers.hmap

WriteAuxiliaryFile /Users/amrsaied/DerivedData/PaymentsdkExample-fihmfcmcdadiqyacsuppipgwcqpk/Build/Intermediates.noindex/Pods.build/Debug-iphonesimulator/React-utils.build/React-utils-all-non-framework-target-headers.hmap (in target 'React-utils' from project 'Pods')
    cd /Users/amrsaied/Documents/Flutter/PayTab/github/react-native-paytabs-library/example/ios/Pods
    write-file /Users/amrsaied/DerivedData/PaymentsdkExample-fihmfcmcdadiqyacsuppipgwcqpk/Build/Intermediates.noindex/Pods.build/Debug-iphonesimulator/React-utils.build/React-utils-all-non-framework-target-headers.hmap

WriteAuxiliaryFile /Users/amrsaied/DerivedData/PaymentsdkExample-fihmfcmcdadiqyacsuppipgwcqpk/Build/Intermediates.noindex/Pods.build/Debug-iphonesimulator/React-utils.build/Objects-normal/arm64/af3fcb34312c57c0f52879cdce924b91-common-args.resp (in target 'React-utils' from project 'Pods')
    cd /Users/amrsaied/Documents/Flutter/PayTab/github/react-native-paytabs-library/example/ios/Pods
    write-file /Users/amrsaied/DerivedData/PaymentsdkExample-fihmfcmcdadiqyacsuppipgwcqpk/Build/Intermediates.noindex/Pods.build/Debug-iphonesimulator/React-utils.build/Objects-normal/arm64/af3fcb34312c57c0f52879cdce924b91-common-args.resp
-target arm64-apple-ios15.1-simulator '-std=c++20' '-stdlib=libc++' -fobjc-arc -fmodules -fno-cxx-modules '-fmodules-cache-path=/Users/amrsaied/DerivedData/ModuleCache.noindex' '-fmodule-name=react_utils' '-D_LIBCPP_HARDENING_MODE=_LIBCPP_HARDENING_MODE_DEBUG' -fpascal-strings -O0 -fno-common '-DPOD_CONFIGURATION_DEBUG=1' '-DDEBUG=1' '-DCOCOAPODS=1' '-DOBJC_OLD_DISPATCH_PROTOTYPES=0' -isysroot /Applications/Xcode.app/Contents/Developer/Platforms/iPhoneSimulator.platform/Developer/SDKs/iPhoneSimulator26.2.sdk -g '-fobjc-abi-version=2' -fobjc-legacy-dispatch -iquote /Users/amrsaied/DerivedData/PaymentsdkExample-fihmfcmcdadiqyacsuppipgwcqpk/Build/Intermediates.noindex/Pods.build/Debug-iphonesimulator/React-utils.build/React-utils-generated-files.hmap -I/Users/amrsaied/DerivedData/PaymentsdkExample-fihmfcmcdadiqyacsuppipgwcqpk/Build/Intermediates.noindex/Pods.build/Debug-iphonesimulator/React-utils.build/React-utils-own-target-headers.hmap -I/Users/amrsaied/DerivedData/PaymentsdkExample-fihmfcmcdadiqyacsuppipgwcqpk/Build/Intermediates.noindex/Pods.build/Debug-iphonesimulator/React-utils.build/React-utils-all-non-framework-target-headers.hmap -ivfsoverlay /Users/amrsaied/DerivedData/PaymentsdkExample-fihmfcmcdadiqyacsuppipgwcqpk/Build/Intermediates.noindex/Pods.build/Debug-iphonesimulator/Pods-8699adb1dd336b26511df848a716bd42-VFS-iphonesimulator/all-product-headers.yaml -iquote /Users/amrsaied/DerivedData/PaymentsdkExample-fihmfcmcdadiqyacsuppipgwcqpk/Build/Intermediates.noindex/Pods.build/Debug-iphonesimulator/React-utils.build/React-utils-project-headers.hmap -I/Users/amrsaied/DerivedData/PaymentsdkExample-fihmfcmcdadiqyacsuppipgwcqpk/Build/Products/Debug-iphonesimulator/React-utils/include -I/Users/amrsaied/Documents/Flutter/PayTab/github/react-native-paytabs-library/example/ios/Pods/Headers/Private -I/Users/amrsaied/Documents/Flutter/PayTab/github/react-native-paytabs-library/example/ios/Pods/Headers/Private/React-utils -I/Users/amrsaied/Documents/Flutter/PayTab/github/react-native-paytabs-library/example/ios/Pods/Headers/Public -I/Users/amrsaied/Documents/Flutter/PayTab/github/react-native-paytabs-library/example/ios/Pods/Headers/Public/DoubleConversion -I/Users/amrsaied/Documents/Flutter/PayTab/github/react-native-paytabs-library/example/ios/Pods/Headers/Public/RCT-Folly -I/Users/amrsaied/Documents/Flutter/PayTab/github/react-native-paytabs-library/example/ios/Pods/Headers/Public/React-callinvoker -I/Users/amrsaied/Documents/Flutter/PayTab/github/react-native-paytabs-library/example/ios/Pods/Headers/Public/React-cxxreact -I/Users/amrsaied/Documents/Flutter/PayTab/github/react-native-paytabs-library/example/ios/Pods/Headers/Public/React-debug -I/Users/amrsaied/Documents/Flutter/PayTab/github/react-native-paytabs-library/example/ios/Pods/Headers/Public/React-featureflags -I/Users/amrsaied/Documents/Flutter/PayTab/github/react-native-paytabs-library/example/ios/Pods/Headers/Public/React-hermes -I/Users/amrsaied/Documents/Flutter/PayTab/github/react-native-paytabs-library/example/ios/Pods/Headers/Public/React-jsi -I/Users/amrsaied/Documents/Flutter/PayTab/github/react-native-paytabs-library/example/ios/Pods/Headers/Public/React-jsiexecutor -I/Users/amrsaied/Documents/Flutter/PayTab/github/react-native-paytabs-library/example/ios/Pods/Headers/Public/React-jsinspector -I/Users/amrsaied/Documents/Flutter/PayTab/github/react-native-paytabs-library/example/ios/Pods/Headers/Public/React-jsinspectortracing -I/Users/amrsaied/Documents/Flutter/PayTab/github/react-native-paytabs-library/example/ios/Pods/Headers/Public/React-logger -I/Users/amrsaied/Documents/Flutter/PayTab/github/react-native-paytabs-library/example/ios/Pods/Headers/Public/React-oscompat -I/Users/amrsaied/Documents/Flutter/PayTab/github/react-native-paytabs-library/example/ios/Pods/Headers/Public/React-perflogger -I/Users/amrsaied/Documents/Flutter/PayTab/github/react-native-paytabs-library/example/ios/Pods/Headers/Public/React-runtimeexecutor -I/Users/amrsaied/Documents/Flutter/PayTab/github/react-native-paytabs-library/example/ios/Pods/Headers/Public/React-timing -I/Users/amrsaied/Documents/Flutter/PayTab/github/react-native-paytabs-library/example/ios/Pods/Headers/Public/React-utils -I/Users/amrsaied/Documents/Flutter/PayTab/github/react-native-paytabs-library/example/ios/Pods/Headers/Public/boost -I/Users/amrsaied/Documents/Flutter/PayTab/github/react-native-paytabs-library/example/ios/Pods/Headers/Public/fast_float -I/Users/amrsaied/Documents/Flutter/PayTab/github/react-native-paytabs-library/example/ios/Pods/Headers/Public/fmt -I/Users/amrsaied/Documents/Flutter/PayTab/github/react-native-paytabs-library/example/ios/Pods/Headers/Public/glog -I/Users/amrsaied/Documents/Flutter/PayTab/github/react-native-paytabs-library/example/ios/Pods/Headers/Public/hermes-engine -I/Users/amrsaied/Documents/Flutter/PayTab/github/react-native-paytabs-library/example/ios/Pods/RCT-Folly -I/Users/amrsaied/Documents/Flutter/PayTab/github/react-native-paytabs-library/example/node_modules/react-native/ReactCommon/react/utils -I/Users/amrsaied/Documents/Flutter/PayTab/github/react-native-paytabs-library/example/node_modules/react-native/ReactCommon/react/utils/ReactCommon -I/Users/amrsaied/DerivedData/PaymentsdkExample-fihmfcmcdadiqyacsuppipgwcqpk/Build/Products/Debug-iphonesimulator/React-debug/React_debug.framework/Headers -I/Users/amrsaied/DerivedData/PaymentsdkExample-fihmfcmcdadiqyacsuppipgwcqpk/Build/Intermediates.noindex/Pods.build/Debug-iphonesimulator/React-utils.build/DerivedSources-normal/arm64 -I/Users/amrsaied/DerivedData/PaymentsdkExample-fihmfcmcdadiqyacsuppipgwcqpk/Build/Intermediates.noindex/Pods.build/Debug-iphonesimulator/React-utils.build/DerivedSources/arm64 -I/Users/amrsaied/DerivedData/PaymentsdkExample-fihmfcmcdadiqyacsuppipgwcqpk/Build/Intermediates.noindex/Pods.build/Debug-iphonesimulator/React-utils.build/DerivedSources -F/Users/amrsaied/DerivedData/PaymentsdkExample-fihmfcmcdadiqyacsuppipgwcqpk/Build/Products/Debug-iphonesimulator/React-utils -F/Users/amrsaied/Documents/Flutter/PayTab/github/react-native-paytabs-library/example/ios/Pods/hermes-engine/destroot/Library/Frameworks/universal -F/Users/amrsaied/DerivedData/PaymentsdkExample-fihmfcmcdadiqyacsuppipgwcqpk/Build/Products/Debug-iphonesimulator/XCFrameworkIntermediates/hermes-engine/Pre-built '-fmodule-map-file=/Users/amrsaied/Documents/Flutter/PayTab/github/react-native-paytabs-library/example/ios/Pods/Headers/Public/folly/RCT-Folly.modulemap' '-fmodule-map-file=/Users/amrsaied/Documents/Flutter/PayTab/github/react-native-paytabs-library/example/ios/Pods/Headers/Public/jsi/React-jsi.modulemap' '-fmodule-map-file=/Users/amrsaied/Documents/Flutter/PayTab/github/react-native-paytabs-library/example/ios/Pods/Headers/Public/jsinspector_modern/React-jsinspector.modulemap' '-fmodule-map-file=/Users/amrsaied/Documents/Flutter/PayTab/github/react-native-paytabs-library/example/ios/Pods/Headers/Public/jsinspector_modern_tracing/React-jsinspectortracing.modulemap' '-fmodule-map-file=/Users/amrsaied/Documents/Flutter/PayTab/github/react-native-paytabs-library/example/ios/Pods/Headers/Public/react_debug/React-debug.modulemap' '-fmodule-map-file=/Users/amrsaied/Documents/Flutter/PayTab/github/react-native-paytabs-library/example/ios/Pods/Headers/Public/react_featureflags/React-featureflags.modulemap' '-fmodule-map-file=/Users/amrsaied/Documents/Flutter/PayTab/github/react-native-paytabs-library/example/ios/Pods/Headers/Public/reacthermes/React-hermes.modulemap'

WriteAuxiliaryFile /Users/amrsaied/DerivedData/PaymentsdkExample-fihmfcmcdadiqyacsuppipgwcqpk/Build/Intermediates.noindex/Pods.build/Debug-iphonesimulator/React-utils.build/Objects-normal/arm64/e6072d4f65d7061329687fe24e3d63a7-common-args.resp (in target 'React-utils' from project 'Pods')
    cd /Users/amrsaied/Documents/Flutter/PayTab/github/react-native-paytabs-library/example/ios/Pods
    write-file /Users/amrsaied/DerivedData/PaymentsdkExample-fihmfcmcdadiqyacsuppipgwcqpk/Build/Intermediates.noindex/Pods.build/Debug-iphonesimulator/React-utils.build/Objects-normal/arm64/e6072d4f65d7061329687fe24e3d63a7-common-args.resp
-target arm64-apple-ios15.1-simulator '-std=gnu11' -fobjc-arc -fmodules '-fmodules-cache-path=/Users/amrsaied/DerivedData/ModuleCache.noindex' '-fmodule-name=react_utils' -fpascal-strings -O0 -fno-common '-DPOD_CONFIGURATION_DEBUG=1' '-DDEBUG=1' '-DCOCOAPODS=1' '-DOBJC_OLD_DISPATCH_PROTOTYPES=0' -isysroot /Applications/Xcode.app/Contents/Developer/Platforms/iPhoneSimulator.platform/Developer/SDKs/iPhoneSimulator26.2.sdk -g '-fobjc-abi-version=2' -fobjc-legacy-dispatch -iquote /Users/amrsaied/DerivedData/PaymentsdkExample-fihmfcmcdadiqyacsuppipgwcqpk/Build/Intermediates.noindex/Pods.build/Debug-iphonesimulator/React-utils.build/React-utils-generated-files.hmap -I/Users/amrsaied/DerivedData/PaymentsdkExample-fihmfcmcdadiqyacsuppipgwcqpk/Build/Intermediates.noindex/Pods.build/Debug-iphonesimulator/React-utils.build/React-utils-own-target-headers.hmap -I/Users/amrsaied/DerivedData/PaymentsdkExample-fihmfcmcdadiqyacsuppipgwcqpk/Build/Intermediates.noindex/Pods.build/Debug-iphonesimulator/React-utils.build/React-utils-all-non-framework-target-headers.hmap -ivfsoverlay /Users/amrsaied/DerivedData/PaymentsdkExample-fihmfcmcdadiqyacsuppipgwcqpk/Build/Intermediates.noindex/Pods.build/Debug-iphonesimulator/Pods-8699adb1dd336b26511df848a716bd42-VFS-iphonesimulator/all-product-headers.yaml -iquote /Users/amrsaied/DerivedData/PaymentsdkExample-fihmfcmcdadiqyacsuppipgwcqpk/Build/Intermediates.noindex/Pods.build/Debug-iphonesimulator/React-utils.build/React-utils-project-headers.hmap -I/Users/amrsaied/DerivedData/PaymentsdkExample-fihmfcmcdadiqyacsuppipgwcqpk/Build/Products/Debug-iphonesimulator/React-utils/include -I/Users/amrsaied/Documents/Flutter/PayTab/github/react-native-paytabs-library/example/ios/Pods/Headers/Private -I/Users/amrsaied/Documents/Flutter/PayTab/github/react-native-paytabs-library/example/ios/Pods/Headers/Private/React-utils -I/Users/amrsaied/Documents/Flutter/PayTab/github/react-native-paytabs-library/example/ios/Pods/Headers/Public -I/Users/amrsaied/Documents/Flutter/PayTab/github/react-native-paytabs-library/example/ios/Pods/Headers/Public/DoubleConversion -I/Users/amrsaied/Documents/Flutter/PayTab/github/react-native-paytabs-library/example/ios/Pods/Headers/Public/RCT-Folly -I/Users/amrsaied/Documents/Flutter/PayTab/github/react-native-paytabs-library/example/ios/Pods/Headers/Public/React-callinvoker -I/Users/amrsaied/Documents/Flutter/PayTab/github/react-native-paytabs-library/example/ios/Pods/Headers/Public/React-cxxreact -I/Users/amrsaied/Documents/Flutter/PayTab/github/react-native-paytabs-library/example/ios/Pods/Headers/Public/React-debug -I/Users/amrsaied/Documents/Flutter/PayTab/github/react-native-paytabs-library/example/ios/Pods/Headers/Public/React-featureflags -I/Users/amrsaied/Documents/Flutter/PayTab/github/react-native-paytabs-library/example/ios/Pods/Headers/Public/React-hermes -I/Users/amrsaied/Documents/Flutter/PayTab/github/react-native-paytabs-library/example/ios/Pods/Headers/Public/React-jsi -I/Users/amrsaied/Documents/Flutter/PayTab/github/react-native-paytabs-library/example/ios/Pods/Headers/Public/React-jsiexecutor -I/Users/amrsaied/Documents/Flutter/PayTab/github/react-native-paytabs-library/example/ios/Pods/Headers/Public/React-jsinspector -I/Users/amrsaied/Documents/Flutter/PayTab/github/react-native-paytabs-library/example/ios/Pods/Headers/Public/React-jsinspectortracing -I/Users/amrsaied/Documents/Flutter/PayTab/github/react-native-paytabs-library/example/ios/Pods/Headers/Public/React-logger -I/Users/amrsaied/Documents/Flutter/PayTab/github/react-native-paytabs-library/example/ios/Pods/Headers/Public/React-oscompat -I/Users/amrsaied/Documents/Flutter/PayTab/github/react-native-paytabs-library/example/ios/Pods/Headers/Public/React-perflogger -I/Users/amrsaied/Documents/Flutter/PayTab/github/react-native-paytabs-library/example/ios/Pods/Headers/Public/React-runtimeexecutor -I/Users/amrsaied/Documents/Flutter/PayTab/github/react-native-paytabs-library/example/ios/Pods/Headers/Public/React-timing -I/Users/amrsaied/Documents/Flutter/PayTab/github/react-native-paytabs-library/example/ios/Pods/Headers/Public/React-utils -I/Users/amrsaied/Documents/Flutter/PayTab/github/react-native-paytabs-library/example/ios/Pods/Headers/Public/boost -I/Users/amrsaied/Documents/Flutter/PayTab/github/react-native-paytabs-library/example/ios/Pods/Headers/Public/fast_float -I/Users/amrsaied/Documents/Flutter/PayTab/github/react-native-paytabs-library/example/ios/Pods/Headers/Public/fmt -I/Users/amrsaied/Documents/Flutter/PayTab/github/react-native-paytabs-library/example/ios/Pods/Headers/Public/glog -I/Users/amrsaied/Documents/Flutter/PayTab/github/react-native-paytabs-library/example/ios/Pods/Headers/Public/hermes-engine -I/Users/amrsaied/Documents/Flutter/PayTab/github/react-native-paytabs-library/example/ios/Pods/RCT-Folly -I/Users/amrsaied/Documents/Flutter/PayTab/github/react-native-paytabs-library/example/node_modules/react-native/ReactCommon/react/utils -I/Users/amrsaied/Documents/Flutter/PayTab/github/react-native-paytabs-library/example/node_modules/react-native/ReactCommon/react/utils/ReactCommon -I/Users/amrsaied/DerivedData/PaymentsdkExample-fihmfcmcdadiqyacsuppipgwcqpk/Build/Products/Debug-iphonesimulator/React-debug/React_debug.framework/Headers -I/Users/amrsaied/DerivedData/PaymentsdkExample-fihmfcmcdadiqyacsuppipgwcqpk/Build/Intermediates.noindex/Pods.build/Debug-iphonesimulator/React-utils.build/DerivedSources-normal/arm64 -I/Users/amrsaied/DerivedData/PaymentsdkExample-fihmfcmcdadiqyacsuppipgwcqpk/Build/Intermediates.noindex/Pods.build/Debug-iphonesimulator/React-utils.build/DerivedSources/arm64 -I/Users/amrsaied/DerivedData/PaymentsdkExample-fihmfcmcdadiqyacsuppipgwcqpk/Build/Intermediates.noindex/Pods.build/Debug-iphonesimulator/React-utils.build/DerivedSources -F/Users/amrsaied/DerivedData/PaymentsdkExample-fihmfcmcdadiqyacsuppipgwcqpk/Build/Products/Debug-iphonesimulator/React-utils -F/Users/amrsaied/Documents/Flutter/PayTab/github/react-native-paytabs-library/example/ios/Pods/hermes-engine/destroot/Library/Frameworks/universal -F/Users/amrsaied/DerivedData/PaymentsdkExample-fihmfcmcdadiqyacsuppipgwcqpk/Build/Products/Debug-iphonesimulator/XCFrameworkIntermediates/hermes-engine/Pre-built '-fmodule-map-file=/Users/amrsaied/Documents/Flutter/PayTab/github/react-native-paytabs-library/example/ios/Pods/Headers/Public/folly/RCT-Folly.modulemap' '-fmodule-map-file=/Users/amrsaied/Documents/Flutter/PayTab/github/react-native-paytabs-library/example/ios/Pods/Headers/Public/jsi/React-jsi.modulemap' '-fmodule-map-file=/Users/amrsaied/Documents/Flutter/PayTab/github/react-native-paytabs-library/example/ios/Pods/Headers/Public/jsinspector_modern/React-jsinspector.modulemap' '-fmodule-map-file=/Users/amrsaied/Documents/Flutter/PayTab/github/react-native-paytabs-library/example/ios/Pods/Headers/Public/jsinspector_modern_tracing/React-jsinspectortracing.modulemap' '-fmodule-map-file=/Users/amrsaied/Documents/Flutter/PayTab/github/react-native-paytabs-library/example/ios/Pods/Headers/Public/react_debug/React-debug.modulemap' '-fmodule-map-file=/Users/amrsaied/Documents/Flutter/PayTab/github/react-native-paytabs-library/example/ios/Pods/Headers/Public/react_featureflags/React-featureflags.modulemap' '-fmodule-map-file=/Users/amrsaied/Documents/Flutter/PayTab/github/react-native-paytabs-library/example/ios/Pods/Headers/Public/reacthermes/React-hermes.modulemap'

WriteAuxiliaryFile /Users/amrsaied/DerivedData/PaymentsdkExample-fihmfcmcdadiqyacsuppipgwcqpk/Build/Intermediates.noindex/Pods.build/Debug-iphonesimulator/React-utils.build/Objects-normal/arm64/React-utils.LinkFileList (in target 'React-utils' from project 'Pods')
    cd /Users/amrsaied/Documents/Flutter/PayTab/github/react-native-paytabs-library/example/ios/Pods
    write-file /Users/amrsaied/DerivedData/PaymentsdkExample-fihmfcmcdadiqyacsuppipgwcqpk/Build/Intermediates.noindex/Pods.build/Debug-iphonesimulator/React-utils.build/Objects-normal/arm64/React-utils.LinkFileList

WriteAuxiliaryFile /Users/amrsaied/DerivedData/PaymentsdkExample-fihmfcmcdadiqyacsuppipgwcqpk/Build/Intermediates.noindex/Pods.build/Debug-iphonesimulator/React-utils.build/Objects-normal/arm64/82b82416624d2658e5098eb0a28c15c5-common-args.resp (in target 'React-utils' from project 'Pods')
    cd /Users/amrsaied/Documents/Flutter/PayTab/github/react-native-paytabs-library/example/ios/Pods
    write-file /Users/amrsaied/DerivedData/PaymentsdkExample-fihmfcmcdadiqyacsuppipgwcqpk/Build/Intermediates.noindex/Pods.build/Debug-iphonesimulator/React-utils.build/Objects-normal/arm64/82b82416624d2658e5098eb0a28c15c5-common-args.resp
-target arm64-apple-ios15.1-simulator '-std=c++20' '-stdlib=libc++' -fmodules -fno-cxx-modules '-fmodules-cache-path=/Users/amrsaied/DerivedData/ModuleCache.noindex' '-fmodule-name=react_utils' '-D_LIBCPP_HARDENING_MODE=_LIBCPP_HARDENING_MODE_DEBUG' -fpascal-strings -O0 -fno-common '-DPOD_CONFIGURATION_DEBUG=1' '-DDEBUG=1' '-DCOCOAPODS=1' -isysroot /Applications/Xcode.app/Contents/Developer/Platforms/iPhoneSimulator.platform/Developer/SDKs/iPhoneSimulator26.2.sdk -g -iquote /Users/amrsaied/DerivedData/PaymentsdkExample-fihmfcmcdadiqyacsuppipgwcqpk/Build/Intermediates.noindex/Pods.build/Debug-iphonesimulator/React-utils.build/React-utils-generated-files.hmap -I/Users/amrsaied/DerivedData/PaymentsdkExample-fihmfcmcdadiqyacsuppipgwcqpk/Build/Intermediates.noindex/Pods.build/Debug-iphonesimulator/React-utils.build/React-utils-own-target-headers.hmap -I/Users/amrsaied/DerivedData/PaymentsdkExample-fihmfcmcdadiqyacsuppipgwcqpk/Build/Intermediates.noindex/Pods.build/Debug-iphonesimulator/React-utils.build/React-utils-all-non-framework-target-headers.hmap -ivfsoverlay /Users/amrsaied/DerivedData/PaymentsdkExample-fihmfcmcdadiqyacsuppipgwcqpk/Build/Intermediates.noindex/Pods.build/Debug-iphonesimulator/Pods-8699adb1dd336b26511df848a716bd42-VFS-iphonesimulator/all-product-headers.yaml -iquote /Users/amrsaied/DerivedData/PaymentsdkExample-fihmfcmcdadiqyacsuppipgwcqpk/Build/Intermediates.noindex/Pods.build/Debug-iphonesimulator/React-utils.build/React-utils-project-headers.hmap -I/Users/amrsaied/DerivedData/PaymentsdkExample-fihmfcmcdadiqyacsuppipgwcqpk/Build/Products/Debug-iphonesimulator/React-utils/include -I/Users/amrsaied/Documents/Flutter/PayTab/github/react-native-paytabs-library/example/ios/Pods/Headers/Private -I/Users/amrsaied/Documents/Flutter/PayTab/github/react-native-paytabs-library/example/ios/Pods/Headers/Private/React-utils -I/Users/amrsaied/Documents/Flutter/PayTab/github/react-native-paytabs-library/example/ios/Pods/Headers/Public -I/Users/amrsaied/Documents/Flutter/PayTab/github/react-native-paytabs-library/example/ios/Pods/Headers/Public/DoubleConversion -I/Users/amrsaied/Documents/Flutter/PayTab/github/react-native-paytabs-library/example/ios/Pods/Headers/Public/RCT-Folly -I/Users/amrsaied/Documents/Flutter/PayTab/github/react-native-paytabs-library/example/ios/Pods/Headers/Public/React-callinvoker -I/Users/amrsaied/Documents/Flutter/PayTab/github/react-native-paytabs-library/example/ios/Pods/Headers/Public/React-cxxreact -I/Users/amrsaied/Documents/Flutter/PayTab/github/react-native-paytabs-library/example/ios/Pods/Headers/Public/React-debug -I/Users/amrsaied/Documents/Flutter/PayTab/github/react-native-paytabs-library/example/ios/Pods/Headers/Public/React-featureflags -I/Users/amrsaied/Documents/Flutter/PayTab/github/react-native-paytabs-library/example/ios/Pods/Headers/Public/React-hermes -I/Users/amrsaied/Documents/Flutter/PayTab/github/react-native-paytabs-library/example/ios/Pods/Headers/Public/React-jsi -I/Users/amrsaied/Documents/Flutter/PayTab/github/react-native-paytabs-library/example/ios/Pods/Headers/Public/React-jsiexecutor -I/Users/amrsaied/Documents/Flutter/PayTab/github/react-native-paytabs-library/example/ios/Pods/Headers/Public/React-jsinspector -I/Users/amrsaied/Documents/Flutter/PayTab/github/react-native-paytabs-library/example/ios/Pods/Headers/Public/React-jsinspectortracing -I/Users/amrsaied/Documents/Flutter/PayTab/github/react-native-paytabs-library/example/ios/Pods/Headers/Public/React-logger -I/Users/amrsaied/Documents/Flutter/PayTab/github/react-native-paytabs-library/example/ios/Pods/Headers/Public/React-oscompat -I/Users/amrsaied/Documents/Flutter/PayTab/github/react-native-paytabs-library/example/ios/Pods/Headers/Public/React-perflogger -I/Users/amrsaied/Documents/Flutter/PayTab/github/react-native-paytabs-library/example/ios/Pods/Headers/Public/React-runtimeexecutor -I/Users/amrsaied/Documents/Flutter/PayTab/github/react-native-paytabs-library/example/ios/Pods/Headers/Public/React-timing -I/Users/amrsaied/Documents/Flutter/PayTab/github/react-native-paytabs-library/example/ios/Pods/Headers/Public/React-utils -I/Users/amrsaied/Documents/Flutter/PayTab/github/react-native-paytabs-library/example/ios/Pods/Headers/Public/boost -I/Users/amrsaied/Documents/Flutter/PayTab/github/react-native-paytabs-library/example/ios/Pods/Headers/Public/fast_float -I/Users/amrsaied/Documents/Flutter/PayTab/github/react-native-paytabs-library/example/ios/Pods/Headers/Public/fmt -I/Users/amrsaied/Documents/Flutter/PayTab/github/react-native-paytabs-library/example/ios/Pods/Headers/Public/glog -I/Users/amrsaied/Documents/Flutter/PayTab/github/react-native-paytabs-library/example/ios/Pods/Headers/Public/hermes-engine -I/Users/amrsaied/Documents/Flutter/PayTab/github/react-native-paytabs-library/example/ios/Pods/RCT-Folly -I/Users/amrsaied/Documents/Flutter/PayTab/github/react-native-paytabs-library/example/node_modules/react-native/ReactCommon/react/utils -I/Users/amrsaied/Documents/Flutter/PayTab/github/react-native-paytabs-library/example/node_modules/react-native/ReactCommon/react/utils/ReactCommon -I/Users/amrsaied/DerivedData/PaymentsdkExample-fihmfcmcdadiqyacsuppipgwcqpk/Build/Products/Debug-iphonesimulator/React-debug/React_debug.framework/Headers -I/Users/amrsaied/DerivedData/PaymentsdkExample-fihmfcmcdadiqyacsuppipgwcqpk/Build/Intermediates.noindex/Pods.build/Debug-iphonesimulator/React-utils.build/DerivedSources-normal/arm64 -I/Users/amrsaied/DerivedData/PaymentsdkExample-fihmfcmcdadiqyacsuppipgwcqpk/Build/Intermediates.noindex/Pods.build/Debug-iphonesimulator/React-utils.build/DerivedSources/arm64 -I/Users/amrsaied/DerivedData/PaymentsdkExample-fihmfcmcdadiqyacsuppipgwcqpk/Build/Intermediates.noindex/Pods.build/Debug-iphonesimulator/React-utils.build/DerivedSources -F/Users/amrsaied/DerivedData/PaymentsdkExample-fihmfcmcdadiqyacsuppipgwcqpk/Build/Products/Debug-iphonesimulator/React-utils -F/Users/amrsaied/Documents/Flutter/PayTab/github/react-native-paytabs-library/example/ios/Pods/hermes-engine/destroot/Library/Frameworks/universal -F/Users/amrsaied/DerivedData/PaymentsdkExample-fihmfcmcdadiqyacsuppipgwcqpk/Build/Products/Debug-iphonesimulator/XCFrameworkIntermediates/hermes-engine/Pre-built '-fmodule-map-file=/Users/amrsaied/Documents/Flutter/PayTab/github/react-native-paytabs-library/example/ios/Pods/Headers/Public/folly/RCT-Folly.modulemap' '-fmodule-map-file=/Users/amrsaied/Documents/Flutter/PayTab/github/react-native-paytabs-library/example/ios/Pods/Headers/Public/jsi/React-jsi.modulemap' '-fmodule-map-file=/Users/amrsaied/Documents/Flutter/PayTab/github/react-native-paytabs-library/example/ios/Pods/Headers/Public/jsinspector_modern/React-jsinspector.modulemap' '-fmodule-map-file=/Users/amrsaied/Documents/Flutter/PayTab/github/react-native-paytabs-library/example/ios/Pods/Headers/Public/jsinspector_modern_tracing/React-jsinspectortracing.modulemap' '-fmodule-map-file=/Users/amrsaied/Documents/Flutter/PayTab/github/react-native-paytabs-library/example/ios/Pods/Headers/Public/react_debug/React-debug.modulemap' '-fmodule-map-file=/Users/amrsaied/Documents/Flutter/PayTab/github/react-native-paytabs-library/example/ios/Pods/Headers/Public/react_featureflags/React-featureflags.modulemap' '-fmodule-map-file=/Users/amrsaied/Documents/Flutter/PayTab/github/react-native-paytabs-library/example/ios/Pods/Headers/Public/reacthermes/React-hermes.modulemap'

WriteAuxiliaryFile /Users/amrsaied/DerivedData/PaymentsdkExample-fihmfcmcdadiqyacsuppipgwcqpk/Build/Intermediates.noindex/Pods.build/Debug-iphonesimulator/React-runtimescheduler.build/React-runtimescheduler.DependencyStaticMetadataFileList (in target 'React-runtimescheduler' from project 'Pods')
    cd /Users/amrsaied/Documents/Flutter/PayTab/github/react-native-paytabs-library/example/ios/Pods
    write-file /Users/amrsaied/DerivedData/PaymentsdkExample-fihmfcmcdadiqyacsuppipgwcqpk/Build/Intermediates.noindex/Pods.build/Debug-iphonesimulator/React-runtimescheduler.build/React-runtimescheduler.DependencyStaticMetadataFileList

WriteAuxiliaryFile /Users/amrsaied/DerivedData/PaymentsdkExample-fihmfcmcdadiqyacsuppipgwcqpk/Build/Intermediates.noindex/Pods.build/Debug-iphonesimulator/React-runtimescheduler.build/React-runtimescheduler.hmap (in target 'React-runtimescheduler' from project 'Pods')
    cd /Users/amrsaied/Documents/Flutter/PayTab/github/react-native-paytabs-library/example/ios/Pods
    write-file /Users/amrsaied/DerivedData/PaymentsdkExample-fihmfcmcdadiqyacsuppipgwcqpk/Build/Intermediates.noindex/Pods.build/Debug-iphonesimulator/React-runtimescheduler.build/React-runtimescheduler.hmap

WriteAuxiliaryFile /Users/amrsaied/DerivedData/PaymentsdkExample-fihmfcmcdadiqyacsuppipgwcqpk/Build/Intermediates.noindex/Pods.build/Debug-iphonesimulator/React-runtimescheduler.build/React-runtimescheduler.DependencyMetadataFileList (in target 'React-runtimescheduler' from project 'Pods')
    cd /Users/amrsaied/Documents/Flutter/PayTab/github/react-native-paytabs-library/example/ios/Pods
    write-file /Users/amrsaied/DerivedData/PaymentsdkExample-fihmfcmcdadiqyacsuppipgwcqpk/Build/Intermediates.noindex/Pods.build/Debug-iphonesimulator/React-runtimescheduler.build/React-runtimescheduler.DependencyMetadataFileList

WriteAuxiliaryFile /Users/amrsaied/DerivedData/PaymentsdkExample-fihmfcmcdadiqyacsuppipgwcqpk/Build/Intermediates.noindex/Pods.build/Debug-iphonesimulator/React-runtimescheduler.build/React-runtimescheduler-project-headers.hmap (in target 'React-runtimescheduler' from project 'Pods')
    cd /Users/amrsaied/Documents/Flutter/PayTab/github/react-native-paytabs-library/example/ios/Pods
    write-file /Users/amrsaied/DerivedData/PaymentsdkExample-fihmfcmcdadiqyacsuppipgwcqpk/Build/Intermediates.noindex/Pods.build/Debug-iphonesimulator/React-runtimescheduler.build/React-runtimescheduler-project-headers.hmap

WriteAuxiliaryFile /Users/amrsaied/DerivedData/PaymentsdkExample-fihmfcmcdadiqyacsuppipgwcqpk/Build/Intermediates.noindex/Pods.build/Debug-iphonesimulator/React-runtimescheduler.build/React-runtimescheduler-own-target-headers.hmap (in target 'React-runtimescheduler' from project 'Pods')
    cd /Users/amrsaied/Documents/Flutter/PayTab/github/react-native-paytabs-library/example/ios/Pods
    write-file /Users/amrsaied/DerivedData/PaymentsdkExample-fihmfcmcdadiqyacsuppipgwcqpk/Build/Intermediates.noindex/Pods.build/Debug-iphonesimulator/React-runtimescheduler.build/React-runtimescheduler-own-target-headers.hmap

WriteAuxiliaryFile /Users/amrsaied/DerivedData/PaymentsdkExample-fihmfcmcdadiqyacsuppipgwcqpk/Build/Intermediates.noindex/Pods.build/Debug-iphonesimulator/React-runtimescheduler.build/React-runtimescheduler-generated-files.hmap (in target 'React-runtimescheduler' from project 'Pods')
    cd /Users/amrsaied/Documents/Flutter/PayTab/github/react-native-paytabs-library/example/ios/Pods
    write-file /Users/amrsaied/DerivedData/PaymentsdkExample-fihmfcmcdadiqyacsuppipgwcqpk/Build/Intermediates.noindex/Pods.build/Debug-iphonesimulator/React-runtimescheduler.build/React-runtimescheduler-generated-files.hmap

WriteAuxiliaryFile /Users/amrsaied/DerivedData/PaymentsdkExample-fihmfcmcdadiqyacsuppipgwcqpk/Build/Intermediates.noindex/Pods.build/Debug-iphonesimulator/React-runtimescheduler.build/React-runtimescheduler-all-target-headers.hmap (in target 'React-runtimescheduler' from project 'Pods')
    cd /Users/amrsaied/Documents/Flutter/PayTab/github/react-native-paytabs-library/example/ios/Pods
    write-file /Users/amrsaied/DerivedData/PaymentsdkExample-fihmfcmcdadiqyacsuppipgwcqpk/Build/Intermediates.noindex/Pods.build/Debug-iphonesimulator/React-runtimescheduler.build/React-runtimescheduler-all-target-headers.hmap

WriteAuxiliaryFile /Users/amrsaied/DerivedData/PaymentsdkExample-fihmfcmcdadiqyacsuppipgwcqpk/Build/Intermediates.noindex/Pods.build/Debug-iphonesimulator/React-runtimescheduler.build/React-runtimescheduler-all-non-framework-target-headers.hmap (in target 'React-runtimescheduler' from project 'Pods')
    cd /Users/amrsaied/Documents/Flutter/PayTab/github/react-native-paytabs-library/example/ios/Pods
    write-file /Users/amrsaied/DerivedData/PaymentsdkExample-fihmfcmcdadiqyacsuppipgwcqpk/Build/Intermediates.noindex/Pods.build/Debug-iphonesimulator/React-runtimescheduler.build/React-runtimescheduler-all-non-framework-target-headers.hmap

WriteAuxiliaryFile /Users/amrsaied/DerivedData/PaymentsdkExample-fihmfcmcdadiqyacsuppipgwcqpk/Build/Intermediates.noindex/Pods.build/Debug-iphonesimulator/React-runtimescheduler.build/Objects-normal/arm64/React-runtimescheduler.LinkFileList (in target 'React-runtimescheduler' from project 'Pods')
    cd /Users/amrsaied/Documents/Flutter/PayTab/github/react-native-paytabs-library/example/ios/Pods
    write-file /Users/amrsaied/DerivedData/PaymentsdkExample-fihmfcmcdadiqyacsuppipgwcqpk/Build/Intermediates.noindex/Pods.build/Debug-iphonesimulator/React-runtimescheduler.build/Objects-normal/arm64/React-runtimescheduler.LinkFileList

WriteAuxiliaryFile /Users/amrsaied/DerivedData/PaymentsdkExample-fihmfcmcdadiqyacsuppipgwcqpk/Build/Intermediates.noindex/Pods.build/Debug-iphonesimulator/React-runtimescheduler.build/Objects-normal/arm64/e6072d4f65d7061329687fe24e3d63a7-common-args.resp (in target 'React-runtimescheduler' from project 'Pods')
    cd /Users/amrsaied/Documents/Flutter/PayTab/github/react-native-paytabs-library/example/ios/Pods
    write-file /Users/amrsaied/DerivedData/PaymentsdkExample-fihmfcmcdadiqyacsuppipgwcqpk/Build/Intermediates.noindex/Pods.build/Debug-iphonesimulator/React-runtimescheduler.build/Objects-normal/arm64/e6072d4f65d7061329687fe24e3d63a7-common-args.resp
-target arm64-apple-ios15.1-simulator '-std=gnu11' -fobjc-arc -fmodules '-fmodules-cache-path=/Users/amrsaied/DerivedData/ModuleCache.noindex' -fpascal-strings -O0 -fno-common '-DPOD_CONFIGURATION_DEBUG=1' '-DDEBUG=1' '-DCOCOAPODS=1' '-DOBJC_OLD_DISPATCH_PROTOTYPES=0' -isysroot /Applications/Xcode.app/Contents/Developer/Platforms/iPhoneSimulator.platform/Developer/SDKs/iPhoneSimulator26.2.sdk -g '-fobjc-abi-version=2' -fobjc-legacy-dispatch -iquote /Users/amrsaied/DerivedData/PaymentsdkExample-fihmfcmcdadiqyacsuppipgwcqpk/Build/Intermediates.noindex/Pods.build/Debug-iphonesimulator/React-runtimescheduler.build/React-runtimescheduler-generated-files.hmap -I/Users/amrsaied/DerivedData/PaymentsdkExample-fihmfcmcdadiqyacsuppipgwcqpk/Build/Intermediates.noindex/Pods.build/Debug-iphonesimulator/React-runtimescheduler.build/React-runtimescheduler-own-target-headers.hmap -I/Users/amrsaied/DerivedData/PaymentsdkExample-fihmfcmcdadiqyacsuppipgwcqpk/Build/Intermediates.noindex/Pods.build/Debug-iphonesimulator/React-runtimescheduler.build/React-runtimescheduler-all-non-framework-target-headers.hmap -ivfsoverlay /Users/amrsaied/DerivedData/PaymentsdkExample-fihmfcmcdadiqyacsuppipgwcqpk/Build/Intermediates.noindex/Pods.build/Debug-iphonesimulator/Pods-8699adb1dd336b26511df848a716bd42-VFS-iphonesimulator/all-product-headers.yaml -iquote /Users/amrsaied/DerivedData/PaymentsdkExample-fihmfcmcdadiqyacsuppipgwcqpk/Build/Intermediates.noindex/Pods.build/Debug-iphonesimulator/React-runtimescheduler.build/React-runtimescheduler-project-headers.hmap -I/Users/amrsaied/DerivedData/PaymentsdkExample-fihmfcmcdadiqyacsuppipgwcqpk/Build/Products/Debug-iphonesimulator/React-runtimescheduler/include -I/Users/amrsaied/Documents/Flutter/PayTab/github/react-native-paytabs-library/example/ios/Pods/Headers/Private -I/Users/amrsaied/Documents/Flutter/PayTab/github/react-native-paytabs-library/example/ios/Pods/Headers/Private/React-runtimescheduler -I/Users/amrsaied/Documents/Flutter/PayTab/github/react-native-paytabs-library/example/ios/Pods/Headers/Public -I/Users/amrsaied/Documents/Flutter/PayTab/github/react-native-paytabs-library/example/ios/Pods/Headers/Public/DoubleConversion -I/Users/amrsaied/Documents/Flutter/PayTab/github/react-native-paytabs-library/example/ios/Pods/Headers/Public/RCT-Folly -I/Users/amrsaied/Documents/Flutter/PayTab/github/react-native-paytabs-library/example/ios/Pods/Headers/Public/React-callinvoker -I/Users/amrsaied/Documents/Flutter/PayTab/github/react-native-paytabs-library/example/ios/Pods/Headers/Public/React-cxxreact -I/Users/amrsaied/Documents/Flutter/PayTab/github/react-native-paytabs-library/example/ios/Pods/Headers/Public/React-debug -I/Users/amrsaied/Documents/Flutter/PayTab/github/react-native-paytabs-library/example/ios/Pods/Headers/Public/React-featureflags -I/Users/amrsaied/Documents/Flutter/PayTab/github/react-native-paytabs-library/example/ios/Pods/Headers/Public/React-hermes -I/Users/amrsaied/Documents/Flutter/PayTab/github/react-native-paytabs-library/example/ios/Pods/Headers/Public/React-jsi -I/Users/amrsaied/Documents/Flutter/PayTab/github/react-native-paytabs-library/example/ios/Pods/Headers/Public/React-jsiexecutor -I/Users/amrsaied/Documents/Flutter/PayTab/github/react-native-paytabs-library/example/ios/Pods/Headers/Public/React-jsinspector -I/Users/amrsaied/Documents/Flutter/PayTab/github/react-native-paytabs-library/example/ios/Pods/Headers/Public/React-jsinspectortracing -I/Users/amrsaied/Documents/Flutter/PayTab/github/react-native-paytabs-library/example/ios/Pods/Headers/Public/React-logger -I/Users/amrsaied/Documents/Flutter/PayTab/github/react-native-paytabs-library/example/ios/Pods/Headers/Public/React-oscompat -I/Users/amrsaied/Documents/Flutter/PayTab/github/react-native-paytabs-library/example/ios/Pods/Headers/Public/React-perflogger -I/Users/amrsaied/Documents/Flutter/PayTab/github/react-native-paytabs-library/example/ios/Pods/Headers/Public/React-performancetimeline -I/Users/amrsaied/Documents/Flutter/PayTab/github/react-native-paytabs-library/example/ios/Pods/Headers/Public/React-rendererconsistency -I/Users/amrsaied/Documents/Flutter/PayTab/github/react-native-paytabs-library/example/ios/Pods/Headers/Public/React-rendererdebug -I/Users/amrsaied/Documents/Flutter/PayTab/github/react-native-paytabs-library/example/ios/Pods/Headers/Public/React-runtimeexecutor -I/Users/amrsaied/Documents/Flutter/PayTab/github/react-native-paytabs-library/example/ios/Pods/Headers/Public/React-runtimescheduler -I/Users/amrsaied/Documents/Flutter/PayTab/github/react-native-paytabs-library/example/ios/Pods/Headers/Public/React-timing -I/Users/amrsaied/Documents/Flutter/PayTab/github/react-native-paytabs-library/example/ios/Pods/Headers/Public/React-utils -I/Users/amrsaied/Documents/Flutter/PayTab/github/react-native-paytabs-library/example/ios/Pods/Headers/Public/boost -I/Users/amrsaied/Documents/Flutter/PayTab/github/react-native-paytabs-library/example/ios/Pods/Headers/Public/fast_float -I/Users/amrsaied/Documents/Flutter/PayTab/github/react-native-paytabs-library/example/ios/Pods/Headers/Public/fmt -I/Users/amrsaied/Documents/Flutter/PayTab/github/react-native-paytabs-library/example/ios/Pods/Headers/Public/glog -I/Users/amrsaied/Documents/Flutter/PayTab/github/react-native-paytabs-library/example/ios/Pods/Headers/Public/hermes-engine -I/Users/amrsaied/Documents/Flutter/PayTab/github/react-native-paytabs-library/example/ios/Pods/RCT-Folly -I/Users/amrsaied/Documents/Flutter/PayTab/github/react-native-paytabs-library/example/ios/Pods/boost -I/Users/amrsaied/DerivedData/PaymentsdkExample-fihmfcmcdadiqyacsuppipgwcqpk/Build/Products/Debug-iphonesimulator/React-debug/React_debug.framework/Headers -I/Users/amrsaied/DerivedData/PaymentsdkExample-fihmfcmcdadiqyacsuppipgwcqpk/Build/Products/Debug-iphonesimulator/React-jsinspectortracing/jsinspector_moderntracing.framework/Headers -I/Users/amrsaied/DerivedData/PaymentsdkExample-fihmfcmcdadiqyacsuppipgwcqpk/Build/Intermediates.noindex/Pods.build/Debug-iphonesimulator/React-runtimescheduler.build/DerivedSources-normal/arm64 -I/Users/amrsaied/DerivedData/PaymentsdkExample-fihmfcmcdadiqyacsuppipgwcqpk/Build/Intermediates.noindex/Pods.build/Debug-iphonesimulator/React-runtimescheduler.build/DerivedSources/arm64 -I/Users/amrsaied/DerivedData/PaymentsdkExample-fihmfcmcdadiqyacsuppipgwcqpk/Build/Intermediates.noindex/Pods.build/Debug-iphonesimulator/React-runtimescheduler.build/DerivedSources -F/Users/amrsaied/DerivedData/PaymentsdkExample-fihmfcmcdadiqyacsuppipgwcqpk/Build/Products/Debug-iphonesimulator/React-runtimescheduler -F/Users/amrsaied/Documents/Flutter/PayTab/github/react-native-paytabs-library/example/ios/Pods/hermes-engine/destroot/Library/Frameworks/universal -F/Users/amrsaied/DerivedData/PaymentsdkExample-fihmfcmcdadiqyacsuppipgwcqpk/Build/Products/Debug-iphonesimulator/XCFrameworkIntermediates/hermes-engine/Pre-built '-fmodule-map-file=/Users/amrsaied/Documents/Flutter/PayTab/github/react-native-paytabs-library/example/ios/Pods/Headers/Public/folly/RCT-Folly.modulemap' '-fmodule-map-file=/Users/amrsaied/Documents/Flutter/PayTab/github/react-native-paytabs-library/example/ios/Pods/Headers/Public/jsi/React-jsi.modulemap' '-fmodule-map-file=/Users/amrsaied/Documents/Flutter/PayTab/github/react-native-paytabs-library/example/ios/Pods/Headers/Public/jsinspector_modern/React-jsinspector.modulemap' '-fmodule-map-file=/Users/amrsaied/Documents/Flutter/PayTab/github/react-native-paytabs-library/example/ios/Pods/Headers/Public/jsinspector_modern_tracing/React-jsinspectortracing.modulemap' '-fmodule-map-file=/Users/amrsaied/Documents/Flutter/PayTab/github/react-native-paytabs-library/example/ios/Pods/Headers/Public/react_debug/React-debug.modulemap' '-fmodule-map-file=/Users/amrsaied/Documents/Flutter/PayTab/github/react-native-paytabs-library/example/ios/Pods/Headers/Public/react_featureflags/React-featureflags.modulemap' '-fmodule-map-file=/Users/amrsaied/Documents/Flutter/PayTab/github/react-native-paytabs-library/example/ios/Pods/Headers/Public/react_renderer_debug/React-rendererdebug.modulemap' '-fmodule-map-file=/Users/amrsaied/Documents/Flutter/PayTab/github/react-native-paytabs-library/example/ios/Pods/Headers/Public/react_utils/React-utils.modulemap' '-fmodule-map-file=/Users/amrsaied/Documents/Flutter/PayTab/github/react-native-paytabs-library/example/ios/Pods/Headers/Public/reacthermes/React-hermes.modulemap'

WriteAuxiliaryFile /Users/amrsaied/DerivedData/PaymentsdkExample-fihmfcmcdadiqyacsuppipgwcqpk/Build/Intermediates.noindex/Pods.build/Debug-iphonesimulator/React-runtimescheduler.build/Objects-normal/arm64/82b82416624d2658e5098eb0a28c15c5-common-args.resp (in target 'React-runtimescheduler' from project 'Pods')
    cd /Users/amrsaied/Documents/Flutter/PayTab/github/react-native-paytabs-library/example/ios/Pods
    write-file /Users/amrsaied/DerivedData/PaymentsdkExample-fihmfcmcdadiqyacsuppipgwcqpk/Build/Intermediates.noindex/Pods.build/Debug-iphonesimulator/React-runtimescheduler.build/Objects-normal/arm64/82b82416624d2658e5098eb0a28c15c5-common-args.resp
-target arm64-apple-ios15.1-simulator '-std=c++20' '-stdlib=libc++' -fmodules -fno-cxx-modules '-fmodules-cache-path=/Users/amrsaied/DerivedData/ModuleCache.noindex' '-D_LIBCPP_HARDENING_MODE=_LIBCPP_HARDENING_MODE_DEBUG' -fpascal-strings -O0 -fno-common '-DPOD_CONFIGURATION_DEBUG=1' '-DDEBUG=1' '-DCOCOAPODS=1' -isysroot /Applications/Xcode.app/Contents/Developer/Platforms/iPhoneSimulator.platform/Developer/SDKs/iPhoneSimulator26.2.sdk -g -iquote /Users/amrsaied/DerivedData/PaymentsdkExample-fihmfcmcdadiqyacsuppipgwcqpk/Build/Intermediates.noindex/Pods.build/Debug-iphonesimulator/React-runtimescheduler.build/React-runtimescheduler-generated-files.hmap -I/Users/amrsaied/DerivedData/PaymentsdkExample-fihmfcmcdadiqyacsuppipgwcqpk/Build/Intermediates.noindex/Pods.build/Debug-iphonesimulator/React-runtimescheduler.build/React-runtimescheduler-own-target-headers.hmap -I/Users/amrsaied/DerivedData/PaymentsdkExample-fihmfcmcdadiqyacsuppipgwcqpk/Build/Intermediates.noindex/Pods.build/Debug-iphonesimulator/React-runtimescheduler.build/React-runtimescheduler-all-non-framework-target-headers.hmap -ivfsoverlay /Users/amrsaied/DerivedData/PaymentsdkExample-fihmfcmcdadiqyacsuppipgwcqpk/Build/Intermediates.noindex/Pods.build/Debug-iphonesimulator/Pods-8699adb1dd336b26511df848a716bd42-VFS-iphonesimulator/all-product-headers.yaml -iquote /Users/amrsaied/DerivedData/PaymentsdkExample-fihmfcmcdadiqyacsuppipgwcqpk/Build/Intermediates.noindex/Pods.build/Debug-iphonesimulator/React-runtimescheduler.build/React-runtimescheduler-project-headers.hmap -I/Users/amrsaied/DerivedData/PaymentsdkExample-fihmfcmcdadiqyacsuppipgwcqpk/Build/Products/Debug-iphonesimulator/React-runtimescheduler/include -I/Users/amrsaied/Documents/Flutter/PayTab/github/react-native-paytabs-library/example/ios/Pods/Headers/Private -I/Users/amrsaied/Documents/Flutter/PayTab/github/react-native-paytabs-library/example/ios/Pods/Headers/Private/React-runtimescheduler -I/Users/amrsaied/Documents/Flutter/PayTab/github/react-native-paytabs-library/example/ios/Pods/Headers/Public -I/Users/amrsaied/Documents/Flutter/PayTab/github/react-native-paytabs-library/example/ios/Pods/Headers/Public/DoubleConversion -I/Users/amrsaied/Documents/Flutter/PayTab/github/react-native-paytabs-library/example/ios/Pods/Headers/Public/RCT-Folly -I/Users/amrsaied/Documents/Flutter/PayTab/github/react-native-paytabs-library/example/ios/Pods/Headers/Public/React-callinvoker -I/Users/amrsaied/Documents/Flutter/PayTab/github/react-native-paytabs-library/example/ios/Pods/Headers/Public/React-cxxreact -I/Users/amrsaied/Documents/Flutter/PayTab/github/react-native-paytabs-library/example/ios/Pods/Headers/Public/React-debug -I/Users/amrsaied/Documents/Flutter/PayTab/github/react-native-paytabs-library/example/ios/Pods/Headers/Public/React-featureflags -I/Users/amrsaied/Documents/Flutter/PayTab/github/react-native-paytabs-library/example/ios/Pods/Headers/Public/React-hermes -I/Users/amrsaied/Documents/Flutter/PayTab/github/react-native-paytabs-library/example/ios/Pods/Headers/Public/React-jsi -I/Users/amrsaied/Documents/Flutter/PayTab/github/react-native-paytabs-library/example/ios/Pods/Headers/Public/React-jsiexecutor -I/Users/amrsaied/Documents/Flutter/PayTab/github/react-native-paytabs-library/example/ios/Pods/Headers/Public/React-jsinspector -I/Users/amrsaied/Documents/Flutter/PayTab/github/react-native-paytabs-library/example/ios/Pods/Headers/Public/React-jsinspectortracing -I/Users/amrsaied/Documents/Flutter/PayTab/github/react-native-paytabs-library/example/ios/Pods/Headers/Public/React-logger -I/Users/amrsaied/Documents/Flutter/PayTab/github/react-native-paytabs-library/example/ios/Pods/Headers/Public/React-oscompat -I/Users/amrsaied/Documents/Flutter/PayTab/github/react-native-paytabs-library/example/ios/Pods/Headers/Public/React-perflogger -I/Users/amrsaied/Documents/Flutter/PayTab/github/react-native-paytabs-library/example/ios/Pods/Headers/Public/React-performancetimeline -I/Users/amrsaied/Documents/Flutter/PayTab/github/react-native-paytabs-library/example/ios/Pods/Headers/Public/React-rendererconsistency -I/Users/amrsaied/Documents/Flutter/PayTab/github/react-native-paytabs-library/example/ios/Pods/Headers/Public/React-rendererdebug -I/Users/amrsaied/Documents/Flutter/PayTab/github/react-native-paytabs-library/example/ios/Pods/Headers/Public/React-runtimeexecutor -I/Users/amrsaied/Documents/Flutter/PayTab/github/react-native-paytabs-library/example/ios/Pods/Headers/Public/React-runtimescheduler -I/Users/amrsaied/Documents/Flutter/PayTab/github/react-native-paytabs-library/example/ios/Pods/Headers/Public/React-timing -I/Users/amrsaied/Documents/Flutter/PayTab/github/react-native-paytabs-library/example/ios/Pods/Headers/Public/React-utils -I/Users/amrsaied/Documents/Flutter/PayTab/github/react-native-paytabs-library/example/ios/Pods/Headers/Public/boost -I/Users/amrsaied/Documents/Flutter/PayTab/github/react-native-paytabs-library/example/ios/Pods/Headers/Public/fast_float -I/Users/amrsaied/Documents/Flutter/PayTab/github/react-native-paytabs-library/example/ios/Pods/Headers/Public/fmt -I/Users/amrsaied/Documents/Flutter/PayTab/github/react-native-paytabs-library/example/ios/Pods/Headers/Public/glog -I/Users/amrsaied/Documents/Flutter/PayTab/github/react-native-paytabs-library/example/ios/Pods/Headers/Public/hermes-engine -I/Users/amrsaied/Documents/Flutter/PayTab/github/react-native-paytabs-library/example/ios/Pods/RCT-Folly -I/Users/amrsaied/Documents/Flutter/PayTab/github/react-native-paytabs-library/example/ios/Pods/boost -I/Users/amrsaied/DerivedData/PaymentsdkExample-fihmfcmcdadiqyacsuppipgwcqpk/Build/Products/Debug-iphonesimulator/React-debug/React_debug.framework/Headers -I/Users/amrsaied/DerivedData/PaymentsdkExample-fihmfcmcdadiqyacsuppipgwcqpk/Build/Products/Debug-iphonesimulator/React-jsinspectortracing/jsinspector_moderntracing.framework/Headers -I/Users/amrsaied/DerivedData/PaymentsdkExample-fihmfcmcdadiqyacsuppipgwcqpk/Build/Intermediates.noindex/Pods.build/Debug-iphonesimulator/React-runtimescheduler.build/DerivedSources-normal/arm64 -I/Users/amrsaied/DerivedData/PaymentsdkExample-fihmfcmcdadiqyacsuppipgwcqpk/Build/Intermediates.noindex/Pods.build/Debug-iphonesimulator/React-runtimescheduler.build/DerivedSources/arm64 -I/Users/amrsaied/DerivedData/PaymentsdkExample-fihmfcmcdadiqyacsuppipgwcqpk/Build/Intermediates.noindex/Pods.build/Debug-iphonesimulator/React-runtimescheduler.build/DerivedSources -F/Users/amrsaied/DerivedData/PaymentsdkExample-fihmfcmcdadiqyacsuppipgwcqpk/Build/Products/Debug-iphonesimulator/React-runtimescheduler -F/Users/amrsaied/Documents/Flutter/PayTab/github/react-native-paytabs-library/example/ios/Pods/hermes-engine/destroot/Library/Frameworks/universal -F/Users/amrsaied/DerivedData/PaymentsdkExample-fihmfcmcdadiqyacsuppipgwcqpk/Build/Products/Debug-iphonesimulator/XCFrameworkIntermediates/hermes-engine/Pre-built '-fmodule-map-file=/Users/amrsaied/Documents/Flutter/PayTab/github/react-native-paytabs-library/example/ios/Pods/Headers/Public/folly/RCT-Folly.modulemap' '-fmodule-map-file=/Users/amrsaied/Documents/Flutter/PayTab/github/react-native-paytabs-library/example/ios/Pods/Headers/Public/jsi/React-jsi.modulemap' '-fmodule-map-file=/Users/amrsaied/Documents/Flutter/PayTab/github/react-native-paytabs-library/example/ios/Pods/Headers/Public/jsinspector_modern/React-jsinspector.modulemap' '-fmodule-map-file=/Users/amrsaied/Documents/Flutter/PayTab/github/react-native-paytabs-library/example/ios/Pods/Headers/Public/jsinspector_modern_tracing/React-jsinspectortracing.modulemap' '-fmodule-map-file=/Users/amrsaied/Documents/Flutter/PayTab/github/react-native-paytabs-library/example/ios/Pods/Headers/Public/react_debug/React-debug.modulemap' '-fmodule-map-file=/Users/amrsaied/Documents/Flutter/PayTab/github/react-native-paytabs-library/example/ios/Pods/Headers/Public/react_featureflags/React-featureflags.modulemap' '-fmodule-map-file=/Users/amrsaied/Documents/Flutter/PayTab/github/react-native-paytabs-library/example/ios/Pods/Headers/Public/react_renderer_debug/React-rendererdebug.modulemap' '-fmodule-map-file=/Users/amrsaied/Documents/Flutter/PayTab/github/react-native-paytabs-library/example/ios/Pods/Headers/Public/react_utils/React-utils.modulemap' '-fmodule-map-file=/Users/amrsaied/Documents/Flutter/PayTab/github/react-native-paytabs-library/example/ios/Pods/Headers/Public/reacthermes/React-hermes.modulemap'

WriteAuxiliaryFile /Users/amrsaied/DerivedData/PaymentsdkExample-fihmfcmcdadiqyacsuppipgwcqpk/Build/Intermediates.noindex/Pods.build/Debug-iphonesimulator/React-rendererdebug.build/React-rendererdebug.hmap (in target 'React-rendererdebug' from project 'Pods')
    cd /Users/amrsaied/Documents/Flutter/PayTab/github/react-native-paytabs-library/example/ios/Pods
    write-file /Users/amrsaied/DerivedData/PaymentsdkExample-fihmfcmcdadiqyacsuppipgwcqpk/Build/Intermediates.noindex/Pods.build/Debug-iphonesimulator/React-rendererdebug.build/React-rendererdebug.hmap

WriteAuxiliaryFile /Users/amrsaied/DerivedData/PaymentsdkExample-fihmfcmcdadiqyacsuppipgwcqpk/Build/Intermediates.noindex/Pods.build/Debug-iphonesimulator/React-rendererdebug.build/React-rendererdebug.DependencyStaticMetadataFileList (in target 'React-rendererdebug' from project 'Pods')
    cd /Users/amrsaied/Documents/Flutter/PayTab/github/react-native-paytabs-library/example/ios/Pods
    write-file /Users/amrsaied/DerivedData/PaymentsdkExample-fihmfcmcdadiqyacsuppipgwcqpk/Build/Intermediates.noindex/Pods.build/Debug-iphonesimulator/React-rendererdebug.build/React-rendererdebug.DependencyStaticMetadataFileList

WriteAuxiliaryFile /Users/amrsaied/DerivedData/PaymentsdkExample-fihmfcmcdadiqyacsuppipgwcqpk/Build/Intermediates.noindex/Pods.build/Debug-iphonesimulator/React-rendererdebug.build/React-rendererdebug.DependencyMetadataFileList (in target 'React-rendererdebug' from project 'Pods')
    cd /Users/amrsaied/Documents/Flutter/PayTab/github/react-native-paytabs-library/example/ios/Pods
    write-file /Users/amrsaied/DerivedData/PaymentsdkExample-fihmfcmcdadiqyacsuppipgwcqpk/Build/Intermediates.noindex/Pods.build/Debug-iphonesimulator/React-rendererdebug.build/React-rendererdebug.DependencyMetadataFileList

WriteAuxiliaryFile /Users/amrsaied/DerivedData/PaymentsdkExample-fihmfcmcdadiqyacsuppipgwcqpk/Build/Intermediates.noindex/Pods.build/Debug-iphonesimulator/React-rendererdebug.build/React-rendererdebug-project-headers.hmap (in target 'React-rendererdebug' from project 'Pods')
    cd /Users/amrsaied/Documents/Flutter/PayTab/github/react-native-paytabs-library/example/ios/Pods
    write-file /Users/amrsaied/DerivedData/PaymentsdkExample-fihmfcmcdadiqyacsuppipgwcqpk/Build/Intermediates.noindex/Pods.build/Debug-iphonesimulator/React-rendererdebug.build/React-rendererdebug-project-headers.hmap

WriteAuxiliaryFile /Users/amrsaied/DerivedData/PaymentsdkExample-fihmfcmcdadiqyacsuppipgwcqpk/Build/Intermediates.noindex/Pods.build/Debug-iphonesimulator/React-rendererdebug.build/React-rendererdebug-own-target-headers.hmap (in target 'React-rendererdebug' from project 'Pods')
    cd /Users/amrsaied/Documents/Flutter/PayTab/github/react-native-paytabs-library/example/ios/Pods
    write-file /Users/amrsaied/DerivedData/PaymentsdkExample-fihmfcmcdadiqyacsuppipgwcqpk/Build/Intermediates.noindex/Pods.build/Debug-iphonesimulator/React-rendererdebug.build/React-rendererdebug-own-target-headers.hmap

WriteAuxiliaryFile /Users/amrsaied/DerivedData/PaymentsdkExample-fihmfcmcdadiqyacsuppipgwcqpk/Build/Intermediates.noindex/Pods.build/Debug-iphonesimulator/React-rendererdebug.build/React-rendererdebug-generated-files.hmap (in target 'React-rendererdebug' from project 'Pods')
    cd /Users/amrsaied/Documents/Flutter/PayTab/github/react-native-paytabs-library/example/ios/Pods
    write-file /Users/amrsaied/DerivedData/PaymentsdkExample-fihmfcmcdadiqyacsuppipgwcqpk/Build/Intermediates.noindex/Pods.build/Debug-iphonesimulator/React-rendererdebug.build/React-rendererdebug-generated-files.hmap

WriteAuxiliaryFile /Users/amrsaied/DerivedData/PaymentsdkExample-fihmfcmcdadiqyacsuppipgwcqpk/Build/Intermediates.noindex/Pods.build/Debug-iphonesimulator/React-rendererdebug.build/React-rendererdebug-all-target-headers.hmap (in target 'React-rendererdebug' from project 'Pods')
    cd /Users/amrsaied/Documents/Flutter/PayTab/github/react-native-paytabs-library/example/ios/Pods
    write-file /Users/amrsaied/DerivedData/PaymentsdkExample-fihmfcmcdadiqyacsuppipgwcqpk/Build/Intermediates.noindex/Pods.build/Debug-iphonesimulator/React-rendererdebug.build/React-rendererdebug-all-target-headers.hmap

WriteAuxiliaryFile /Users/amrsaied/DerivedData/PaymentsdkExample-fihmfcmcdadiqyacsuppipgwcqpk/Build/Intermediates.noindex/Pods.build/Debug-iphonesimulator/React-rendererdebug.build/React-rendererdebug-all-non-framework-target-headers.hmap (in target 'React-rendererdebug' from project 'Pods')
    cd /Users/amrsaied/Documents/Flutter/PayTab/github/react-native-paytabs-library/example/ios/Pods
    write-file /Users/amrsaied/DerivedData/PaymentsdkExample-fihmfcmcdadiqyacsuppipgwcqpk/Build/Intermediates.noindex/Pods.build/Debug-iphonesimulator/React-rendererdebug.build/React-rendererdebug-all-non-framework-target-headers.hmap

WriteAuxiliaryFile /Users/amrsaied/DerivedData/PaymentsdkExample-fihmfcmcdadiqyacsuppipgwcqpk/Build/Intermediates.noindex/Pods.build/Debug-iphonesimulator/React-rendererdebug.build/Objects-normal/arm64/e6072d4f65d7061329687fe24e3d63a7-common-args.resp (in target 'React-rendererdebug' from project 'Pods')
    cd /Users/amrsaied/Documents/Flutter/PayTab/github/react-native-paytabs-library/example/ios/Pods
    write-file /Users/amrsaied/DerivedData/PaymentsdkExample-fihmfcmcdadiqyacsuppipgwcqpk/Build/Intermediates.noindex/Pods.build/Debug-iphonesimulator/React-rendererdebug.build/Objects-normal/arm64/e6072d4f65d7061329687fe24e3d63a7-common-args.resp
-target arm64-apple-ios15.1-simulator '-std=gnu11' -fobjc-arc -fmodules '-fmodules-cache-path=/Users/amrsaied/DerivedData/ModuleCache.noindex' '-fmodule-name=react_renderer_debug' -fpascal-strings -O0 -fno-common '-DPOD_CONFIGURATION_DEBUG=1' '-DDEBUG=1' '-DCOCOAPODS=1' '-DOBJC_OLD_DISPATCH_PROTOTYPES=0' -isysroot /Applications/Xcode.app/Contents/Developer/Platforms/iPhoneSimulator.platform/Developer/SDKs/iPhoneSimulator26.2.sdk -g '-fobjc-abi-version=2' -fobjc-legacy-dispatch -iquote /Users/amrsaied/DerivedData/PaymentsdkExample-fihmfcmcdadiqyacsuppipgwcqpk/Build/Intermediates.noindex/Pods.build/Debug-iphonesimulator/React-rendererdebug.build/React-rendererdebug-generated-files.hmap -I/Users/amrsaied/DerivedData/PaymentsdkExample-fihmfcmcdadiqyacsuppipgwcqpk/Build/Intermediates.noindex/Pods.build/Debug-iphonesimulator/React-rendererdebug.build/React-rendererdebug-own-target-headers.hmap -I/Users/amrsaied/DerivedData/PaymentsdkExample-fihmfcmcdadiqyacsuppipgwcqpk/Build/Intermediates.noindex/Pods.build/Debug-iphonesimulator/React-rendererdebug.build/React-rendererdebug-all-non-framework-target-headers.hmap -ivfsoverlay /Users/amrsaied/DerivedData/PaymentsdkExample-fihmfcmcdadiqyacsuppipgwcqpk/Build/Intermediates.noindex/Pods.build/Debug-iphonesimulator/Pods-8699adb1dd336b26511df848a716bd42-VFS-iphonesimulator/all-product-headers.yaml -iquote /Users/amrsaied/DerivedData/PaymentsdkExample-fihmfcmcdadiqyacsuppipgwcqpk/Build/Intermediates.noindex/Pods.build/Debug-iphonesimulator/React-rendererdebug.build/React-rendererdebug-project-headers.hmap -I/Users/amrsaied/DerivedData/PaymentsdkExample-fihmfcmcdadiqyacsuppipgwcqpk/Build/Products/Debug-iphonesimulator/React-rendererdebug/include -I/Users/amrsaied/Documents/Flutter/PayTab/github/react-native-paytabs-library/example/ios/Pods/Headers/Private -I/Users/amrsaied/Documents/Flutter/PayTab/github/react-native-paytabs-library/example/ios/Pods/Headers/Private/React-rendererdebug -I/Users/amrsaied/Documents/Flutter/PayTab/github/react-native-paytabs-library/example/ios/Pods/Headers/Public -I/Users/amrsaied/Documents/Flutter/PayTab/github/react-native-paytabs-library/example/ios/Pods/Headers/Public/DoubleConversion -I/Users/amrsaied/Documents/Flutter/PayTab/github/react-native-paytabs-library/example/ios/Pods/Headers/Public/RCT-Folly -I/Users/amrsaied/Documents/Flutter/PayTab/github/react-native-paytabs-library/example/ios/Pods/Headers/Public/React-debug -I/Users/amrsaied/Documents/Flutter/PayTab/github/react-native-paytabs-library/example/ios/Pods/Headers/Public/React-rendererdebug -I/Users/amrsaied/Documents/Flutter/PayTab/github/react-native-paytabs-library/example/ios/Pods/Headers/Public/boost -I/Users/amrsaied/Documents/Flutter/PayTab/github/react-native-paytabs-library/example/ios/Pods/Headers/Public/fast_float -I/Users/amrsaied/Documents/Flutter/PayTab/github/react-native-paytabs-library/example/ios/Pods/Headers/Public/fmt -I/Users/amrsaied/Documents/Flutter/PayTab/github/react-native-paytabs-library/example/ios/Pods/Headers/Public/glog -I/Users/amrsaied/Documents/Flutter/PayTab/github/react-native-paytabs-library/example/ios/Pods/RCT-Folly -I/Users/amrsaied/Documents/Flutter/PayTab/github/react-native-paytabs-library/example/ios/Pods/boost -I/Users/amrsaied/Documents/Flutter/PayTab/github/react-native-paytabs-library/example/ios/Pods/RCT-Folly -I/Users/amrsaied/Documents/Flutter/PayTab/github/react-native-paytabs-library/example/ios/Pods/DoubleConversion -I/Users/amrsaied/Documents/Flutter/PayTab/github/react-native-paytabs-library/example/ios/Pods/fast_float/include -I/Users/amrsaied/Documents/Flutter/PayTab/github/react-native-paytabs-library/example/ios/Pods/fmt/include -I/Users/amrsaied/DerivedData/PaymentsdkExample-fihmfcmcdadiqyacsuppipgwcqpk/Build/Products/Debug-iphonesimulator/React-debug/React_debug.framework/Headers -I/Users/amrsaied/DerivedData/PaymentsdkExample-fihmfcmcdadiqyacsuppipgwcqpk/Build/Intermediates.noindex/Pods.build/Debug-iphonesimulator/React-rendererdebug.build/DerivedSources-normal/arm64 -I/Users/amrsaied/DerivedData/PaymentsdkExample-fihmfcmcdadiqyacsuppipgwcqpk/Build/Intermediates.noindex/Pods.build/Debug-iphonesimulator/React-rendererdebug.build/DerivedSources/arm64 -I/Users/amrsaied/DerivedData/PaymentsdkExample-fihmfcmcdadiqyacsuppipgwcqpk/Build/Intermediates.noindex/Pods.build/Debug-iphonesimulator/React-rendererdebug.build/DerivedSources -F/Users/amrsaied/DerivedData/PaymentsdkExample-fihmfcmcdadiqyacsuppipgwcqpk/Build/Products/Debug-iphonesimulator/React-rendererdebug '-fmodule-map-file=/Users/amrsaied/Documents/Flutter/PayTab/github/react-native-paytabs-library/example/ios/Pods/Headers/Public/folly/RCT-Folly.modulemap' '-fmodule-map-file=/Users/amrsaied/Documents/Flutter/PayTab/github/react-native-paytabs-library/example/ios/Pods/Headers/Public/react_debug/React-debug.modulemap'

WriteAuxiliaryFile /Users/amrsaied/DerivedData/PaymentsdkExample-fihmfcmcdadiqyacsuppipgwcqpk/Build/Intermediates.noindex/Pods.build/Debug-iphonesimulator/React-rendererdebug.build/Objects-normal/arm64/React-rendererdebug.LinkFileList (in target 'React-rendererdebug' from project 'Pods')
    cd /Users/amrsaied/Documents/Flutter/PayTab/github/react-native-paytabs-library/example/ios/Pods
    write-file /Users/amrsaied/DerivedData/PaymentsdkExample-fihmfcmcdadiqyacsuppipgwcqpk/Build/Intermediates.noindex/Pods.build/Debug-iphonesimulator/React-rendererdebug.build/Objects-normal/arm64/React-rendererdebug.LinkFileList

WriteAuxiliaryFile /Users/amrsaied/DerivedData/PaymentsdkExample-fihmfcmcdadiqyacsuppipgwcqpk/Build/Intermediates.noindex/Pods.build/Debug-iphonesimulator/React-rendererdebug.build/Objects-normal/arm64/82b82416624d2658e5098eb0a28c15c5-common-args.resp (in target 'React-rendererdebug' from project 'Pods')
    cd /Users/amrsaied/Documents/Flutter/PayTab/github/react-native-paytabs-library/example/ios/Pods
    write-file /Users/amrsaied/DerivedData/PaymentsdkExample-fihmfcmcdadiqyacsuppipgwcqpk/Build/Intermediates.noindex/Pods.build/Debug-iphonesimulator/React-rendererdebug.build/Objects-normal/arm64/82b82416624d2658e5098eb0a28c15c5-common-args.resp
-target arm64-apple-ios15.1-simulator '-std=c++20' '-stdlib=libc++' -fmodules -fno-cxx-modules '-fmodules-cache-path=/Users/amrsaied/DerivedData/ModuleCache.noindex' '-fmodule-name=react_renderer_debug' '-D_LIBCPP_HARDENING_MODE=_LIBCPP_HARDENING_MODE_DEBUG' -fpascal-strings -O0 -fno-common '-DPOD_CONFIGURATION_DEBUG=1' '-DDEBUG=1' '-DCOCOAPODS=1' -isysroot /Applications/Xcode.app/Contents/Developer/Platforms/iPhoneSimulator.platform/Developer/SDKs/iPhoneSimulator26.2.sdk -g -iquote /Users/amrsaied/DerivedData/PaymentsdkExample-fihmfcmcdadiqyacsuppipgwcqpk/Build/Intermediates.noindex/Pods.build/Debug-iphonesimulator/React-rendererdebug.build/React-rendererdebug-generated-files.hmap -I/Users/amrsaied/DerivedData/PaymentsdkExample-fihmfcmcdadiqyacsuppipgwcqpk/Build/Intermediates.noindex/Pods.build/Debug-iphonesimulator/React-rendererdebug.build/React-rendererdebug-own-target-headers.hmap -I/Users/amrsaied/DerivedData/PaymentsdkExample-fihmfcmcdadiqyacsuppipgwcqpk/Build/Intermediates.noindex/Pods.build/Debug-iphonesimulator/React-rendererdebug.build/React-rendererdebug-all-non-framework-target-headers.hmap -ivfsoverlay /Users/amrsaied/DerivedData/PaymentsdkExample-fihmfcmcdadiqyacsuppipgwcqpk/Build/Intermediates.noindex/Pods.build/Debug-iphonesimulator/Pods-8699adb1dd336b26511df848a716bd42-VFS-iphonesimulator/all-product-headers.yaml -iquote /Users/amrsaied/DerivedData/PaymentsdkExample-fihmfcmcdadiqyacsuppipgwcqpk/Build/Intermediates.noindex/Pods.build/Debug-iphonesimulator/React-rendererdebug.build/React-rendererdebug-project-headers.hmap -I/Users/amrsaied/DerivedData/PaymentsdkExample-fihmfcmcdadiqyacsuppipgwcqpk/Build/Products/Debug-iphonesimulator/React-rendererdebug/include -I/Users/amrsaied/Documents/Flutter/PayTab/github/react-native-paytabs-library/example/ios/Pods/Headers/Private -I/Users/amrsaied/Documents/Flutter/PayTab/github/react-native-paytabs-library/example/ios/Pods/Headers/Private/React-rendererdebug -I/Users/amrsaied/Documents/Flutter/PayTab/github/react-native-paytabs-library/example/ios/Pods/Headers/Public -I/Users/amrsaied/Documents/Flutter/PayTab/github/react-native-paytabs-library/example/ios/Pods/Headers/Public/DoubleConversion -I/Users/amrsaied/Documents/Flutter/PayTab/github/react-native-paytabs-library/example/ios/Pods/Headers/Public/RCT-Folly -I/Users/amrsaied/Documents/Flutter/PayTab/github/react-native-paytabs-library/example/ios/Pods/Headers/Public/React-debug -I/Users/amrsaied/Documents/Flutter/PayTab/github/react-native-paytabs-library/example/ios/Pods/Headers/Public/React-rendererdebug -I/Users/amrsaied/Documents/Flutter/PayTab/github/react-native-paytabs-library/example/ios/Pods/Headers/Public/boost -I/Users/amrsaied/Documents/Flutter/PayTab/github/react-native-paytabs-library/example/ios/Pods/Headers/Public/fast_float -I/Users/amrsaied/Documents/Flutter/PayTab/github/react-native-paytabs-library/example/ios/Pods/Headers/Public/fmt -I/Users/amrsaied/Documents/Flutter/PayTab/github/react-native-paytabs-library/example/ios/Pods/Headers/Public/glog -I/Users/amrsaied/Documents/Flutter/PayTab/github/react-native-paytabs-library/example/ios/Pods/RCT-Folly -I/Users/amrsaied/Documents/Flutter/PayTab/github/react-native-paytabs-library/example/ios/Pods/boost -I/Users/amrsaied/Documents/Flutter/PayTab/github/react-native-paytabs-library/example/ios/Pods/RCT-Folly -I/Users/amrsaied/Documents/Flutter/PayTab/github/react-native-paytabs-library/example/ios/Pods/DoubleConversion -I/Users/amrsaied/Documents/Flutter/PayTab/github/react-native-paytabs-library/example/ios/Pods/fast_float/include -I/Users/amrsaied/Documents/Flutter/PayTab/github/react-native-paytabs-library/example/ios/Pods/fmt/include -I/Users/amrsaied/DerivedData/PaymentsdkExample-fihmfcmcdadiqyacsuppipgwcqpk/Build/Products/Debug-iphonesimulator/React-debug/React_debug.framework/Headers -I/Users/amrsaied/DerivedData/PaymentsdkExample-fihmfcmcdadiqyacsuppipgwcqpk/Build/Intermediates.noindex/Pods.build/Debug-iphonesimulator/React-rendererdebug.build/DerivedSources-normal/arm64 -I/Users/amrsaied/DerivedData/PaymentsdkExample-fihmfcmcdadiqyacsuppipgwcqpk/Build/Intermediates.noindex/Pods.build/Debug-iphonesimulator/React-rendererdebug.build/DerivedSources/arm64 -I/Users/amrsaied/DerivedData/PaymentsdkExample-fihmfcmcdadiqyacsuppipgwcqpk/Build/Intermediates.noindex/Pods.build/Debug-iphonesimulator/React-rendererdebug.build/DerivedSources -F/Users/amrsaied/DerivedData/PaymentsdkExample-fihmfcmcdadiqyacsuppipgwcqpk/Build/Products/Debug-iphonesimulator/React-rendererdebug '-fmodule-map-file=/Users/amrsaied/Documents/Flutter/PayTab/github/react-native-paytabs-library/example/ios/Pods/Headers/Public/folly/RCT-Folly.modulemap' '-fmodule-map-file=/Users/amrsaied/Documents/Flutter/PayTab/github/react-native-paytabs-library/example/ios/Pods/Headers/Public/react_debug/React-debug.modulemap'

WriteAuxiliaryFile /Users/amrsaied/DerivedData/PaymentsdkExample-fihmfcmcdadiqyacsuppipgwcqpk/Build/Intermediates.noindex/Pods.build/Debug-iphonesimulator/React-renderercss.build/React-renderercss.DependencyStaticMetadataFileList (in target 'React-renderercss' from project 'Pods')
    cd /Users/amrsaied/Documents/Flutter/PayTab/github/react-native-paytabs-library/example/ios/Pods
    write-file /Users/amrsaied/DerivedData/PaymentsdkExample-fihmfcmcdadiqyacsuppipgwcqpk/Build/Intermediates.noindex/Pods.build/Debug-iphonesimulator/React-renderercss.build/React-renderercss.DependencyStaticMetadataFileList

WriteAuxiliaryFile /Users/amrsaied/DerivedData/PaymentsdkExample-fihmfcmcdadiqyacsuppipgwcqpk/Build/Intermediates.noindex/Pods.build/Debug-iphonesimulator/React-renderercss.build/React-renderercss.hmap (in target 'React-renderercss' from project 'Pods')
    cd /Users/amrsaied/Documents/Flutter/PayTab/github/react-native-paytabs-library/example/ios/Pods
    write-file /Users/amrsaied/DerivedData/PaymentsdkExample-fihmfcmcdadiqyacsuppipgwcqpk/Build/Intermediates.noindex/Pods.build/Debug-iphonesimulator/React-renderercss.build/React-renderercss.hmap

WriteAuxiliaryFile /Users/amrsaied/DerivedData/PaymentsdkExample-fihmfcmcdadiqyacsuppipgwcqpk/Build/Intermediates.noindex/Pods.build/Debug-iphonesimulator/React-renderercss.build/React-renderercss.DependencyMetadataFileList (in target 'React-renderercss' from project 'Pods')
    cd /Users/amrsaied/Documents/Flutter/PayTab/github/react-native-paytabs-library/example/ios/Pods
    write-file /Users/amrsaied/DerivedData/PaymentsdkExample-fihmfcmcdadiqyacsuppipgwcqpk/Build/Intermediates.noindex/Pods.build/Debug-iphonesimulator/React-renderercss.build/React-renderercss.DependencyMetadataFileList

WriteAuxiliaryFile /Users/amrsaied/DerivedData/PaymentsdkExample-fihmfcmcdadiqyacsuppipgwcqpk/Build/Intermediates.noindex/Pods.build/Debug-iphonesimulator/React-renderercss.build/React-renderercss-project-headers.hmap (in target 'React-renderercss' from project 'Pods')
    cd /Users/amrsaied/Documents/Flutter/PayTab/github/react-native-paytabs-library/example/ios/Pods
    write-file /Users/amrsaied/DerivedData/PaymentsdkExample-fihmfcmcdadiqyacsuppipgwcqpk/Build/Intermediates.noindex/Pods.build/Debug-iphonesimulator/React-renderercss.build/React-renderercss-project-headers.hmap

WriteAuxiliaryFile /Users/amrsaied/DerivedData/PaymentsdkExample-fihmfcmcdadiqyacsuppipgwcqpk/Build/Intermediates.noindex/Pods.build/Debug-iphonesimulator/React-renderercss.build/React-renderercss-own-target-headers.hmap (in target 'React-renderercss' from project 'Pods')
    cd /Users/amrsaied/Documents/Flutter/PayTab/github/react-native-paytabs-library/example/ios/Pods
    write-file /Users/amrsaied/DerivedData/PaymentsdkExample-fihmfcmcdadiqyacsuppipgwcqpk/Build/Intermediates.noindex/Pods.build/Debug-iphonesimulator/React-renderercss.build/React-renderercss-own-target-headers.hmap

WriteAuxiliaryFile /Users/amrsaied/DerivedData/PaymentsdkExample-fihmfcmcdadiqyacsuppipgwcqpk/Build/Intermediates.noindex/Pods.build/Debug-iphonesimulator/React-renderercss.build/React-renderercss-generated-files.hmap (in target 'React-renderercss' from project 'Pods')
    cd /Users/amrsaied/Documents/Flutter/PayTab/github/react-native-paytabs-library/example/ios/Pods
    write-file /Users/amrsaied/DerivedData/PaymentsdkExample-fihmfcmcdadiqyacsuppipgwcqpk/Build/Intermediates.noindex/Pods.build/Debug-iphonesimulator/React-renderercss.build/React-renderercss-generated-files.hmap

WriteAuxiliaryFile /Users/amrsaied/DerivedData/PaymentsdkExample-fihmfcmcdadiqyacsuppipgwcqpk/Build/Intermediates.noindex/Pods.build/Debug-iphonesimulator/React-renderercss.build/React-renderercss-all-target-headers.hmap (in target 'React-renderercss' from project 'Pods')
    cd /Users/amrsaied/Documents/Flutter/PayTab/github/react-native-paytabs-library/example/ios/Pods
    write-file /Users/amrsaied/DerivedData/PaymentsdkExample-fihmfcmcdadiqyacsuppipgwcqpk/Build/Intermediates.noindex/Pods.build/Debug-iphonesimulator/React-renderercss.build/React-renderercss-all-target-headers.hmap

WriteAuxiliaryFile /Users/amrsaied/DerivedData/PaymentsdkExample-fihmfcmcdadiqyacsuppipgwcqpk/Build/Intermediates.noindex/Pods.build/Debug-iphonesimulator/React-renderercss.build/React-renderercss-all-non-framework-target-headers.hmap (in target 'React-renderercss' from project 'Pods')
    cd /Users/amrsaied/Documents/Flutter/PayTab/github/react-native-paytabs-library/example/ios/Pods
    write-file /Users/amrsaied/DerivedData/PaymentsdkExample-fihmfcmcdadiqyacsuppipgwcqpk/Build/Intermediates.noindex/Pods.build/Debug-iphonesimulator/React-renderercss.build/React-renderercss-all-non-framework-target-headers.hmap

WriteAuxiliaryFile /Users/amrsaied/DerivedData/PaymentsdkExample-fihmfcmcdadiqyacsuppipgwcqpk/Build/Intermediates.noindex/Pods.build/Debug-iphonesimulator/React-renderercss.build/Objects-normal/arm64/e6072d4f65d7061329687fe24e3d63a7-common-args.resp (in target 'React-renderercss' from project 'Pods')
    cd /Users/amrsaied/Documents/Flutter/PayTab/github/react-native-paytabs-library/example/ios/Pods
    write-file /Users/amrsaied/DerivedData/PaymentsdkExample-fihmfcmcdadiqyacsuppipgwcqpk/Build/Intermediates.noindex/Pods.build/Debug-iphonesimulator/React-renderercss.build/Objects-normal/arm64/e6072d4f65d7061329687fe24e3d63a7-common-args.resp
-target arm64-apple-ios15.1-simulator '-std=gnu11' -fobjc-arc -fmodules '-fmodules-cache-path=/Users/amrsaied/DerivedData/ModuleCache.noindex' '-fmodule-name=react_renderer_css' -fpascal-strings -O0 -fno-common '-DPOD_CONFIGURATION_DEBUG=1' '-DDEBUG=1' '-DCOCOAPODS=1' '-DOBJC_OLD_DISPATCH_PROTOTYPES=0' -isysroot /Applications/Xcode.app/Contents/Developer/Platforms/iPhoneSimulator.platform/Developer/SDKs/iPhoneSimulator26.2.sdk -g '-fobjc-abi-version=2' -fobjc-legacy-dispatch -iquote /Users/amrsaied/DerivedData/PaymentsdkExample-fihmfcmcdadiqyacsuppipgwcqpk/Build/Intermediates.noindex/Pods.build/Debug-iphonesimulator/React-renderercss.build/React-renderercss-generated-files.hmap -I/Users/amrsaied/DerivedData/PaymentsdkExample-fihmfcmcdadiqyacsuppipgwcqpk/Build/Intermediates.noindex/Pods.build/Debug-iphonesimulator/React-renderercss.build/React-renderercss-own-target-headers.hmap -I/Users/amrsaied/DerivedData/PaymentsdkExample-fihmfcmcdadiqyacsuppipgwcqpk/Build/Intermediates.noindex/Pods.build/Debug-iphonesimulator/React-renderercss.build/React-renderercss-all-non-framework-target-headers.hmap -ivfsoverlay /Users/amrsaied/DerivedData/PaymentsdkExample-fihmfcmcdadiqyacsuppipgwcqpk/Build/Intermediates.noindex/Pods.build/Debug-iphonesimulator/Pods-8699adb1dd336b26511df848a716bd42-VFS-iphonesimulator/all-product-headers.yaml -iquote /Users/amrsaied/DerivedData/PaymentsdkExample-fihmfcmcdadiqyacsuppipgwcqpk/Build/Intermediates.noindex/Pods.build/Debug-iphonesimulator/React-renderercss.build/React-renderercss-project-headers.hmap -I/Users/amrsaied/DerivedData/PaymentsdkExample-fihmfcmcdadiqyacsuppipgwcqpk/Build/Products/Debug-iphonesimulator/React-renderercss/include -I/Users/amrsaied/Documents/Flutter/PayTab/github/react-native-paytabs-library/example/ios/Pods/Headers/Private -I/Users/amrsaied/Documents/Flutter/PayTab/github/react-native-paytabs-library/example/ios/Pods/Headers/Private/React-renderercss -I/Users/amrsaied/Documents/Flutter/PayTab/github/react-native-paytabs-library/example/ios/Pods/Headers/Public -I/Users/amrsaied/Documents/Flutter/PayTab/github/react-native-paytabs-library/example/ios/Pods/Headers/Public/DoubleConversion -I/Users/amrsaied/Documents/Flutter/PayTab/github/react-native-paytabs-library/example/ios/Pods/Headers/Public/RCT-Folly -I/Users/amrsaied/Documents/Flutter/PayTab/github/react-native-paytabs-library/example/ios/Pods/Headers/Public/React-callinvoker -I/Users/amrsaied/Documents/Flutter/PayTab/github/react-native-paytabs-library/example/ios/Pods/Headers/Public/React-cxxreact -I/Users/amrsaied/Documents/Flutter/PayTab/github/react-native-paytabs-library/example/ios/Pods/Headers/Public/React-debug -I/Users/amrsaied/Documents/Flutter/PayTab/github/react-native-paytabs-library/example/ios/Pods/Headers/Public/React-featureflags -I/Users/amrsaied/Documents/Flutter/PayTab/github/react-native-paytabs-library/example/ios/Pods/Headers/Public/React-hermes -I/Users/amrsaied/Documents/Flutter/PayTab/github/react-native-paytabs-library/example/ios/Pods/Headers/Public/React-jsi -I/Users/amrsaied/Documents/Flutter/PayTab/github/react-native-paytabs-library/example/ios/Pods/Headers/Public/React-jsiexecutor -I/Users/amrsaied/Documents/Flutter/PayTab/github/react-native-paytabs-library/example/ios/Pods/Headers/Public/React-jsinspector -I/Users/amrsaied/Documents/Flutter/PayTab/github/react-native-paytabs-library/example/ios/Pods/Headers/Public/React-jsinspectortracing -I/Users/amrsaied/Documents/Flutter/PayTab/github/react-native-paytabs-library/example/ios/Pods/Headers/Public/React-logger -I/Users/amrsaied/Documents/Flutter/PayTab/github/react-native-paytabs-library/example/ios/Pods/Headers/Public/React-oscompat -I/Users/amrsaied/Documents/Flutter/PayTab/github/react-native-paytabs-library/example/ios/Pods/Headers/Public/React-perflogger -I/Users/amrsaied/Documents/Flutter/PayTab/github/react-native-paytabs-library/example/ios/Pods/Headers/Public/React-renderercss -I/Users/amrsaied/Documents/Flutter/PayTab/github/react-native-paytabs-library/example/ios/Pods/Headers/Public/React-runtimeexecutor -I/Users/amrsaied/Documents/Flutter/PayTab/github/react-native-paytabs-library/example/ios/Pods/Headers/Public/React-timing -I/Users/amrsaied/Documents/Flutter/PayTab/github/react-native-paytabs-library/example/ios/Pods/Headers/Public/React-utils -I/Users/amrsaied/Documents/Flutter/PayTab/github/react-native-paytabs-library/example/ios/Pods/Headers/Public/boost -I/Users/amrsaied/Documents/Flutter/PayTab/github/react-native-paytabs-library/example/ios/Pods/Headers/Public/fast_float -I/Users/amrsaied/Documents/Flutter/PayTab/github/react-native-paytabs-library/example/ios/Pods/Headers/Public/fmt -I/Users/amrsaied/Documents/Flutter/PayTab/github/react-native-paytabs-library/example/ios/Pods/Headers/Public/glog -I/Users/amrsaied/Documents/Flutter/PayTab/github/react-native-paytabs-library/example/ios/Pods/Headers/Public/hermes-engine -I/Users/amrsaied/DerivedData/PaymentsdkExample-fihmfcmcdadiqyacsuppipgwcqpk/Build/Products/Debug-iphonesimulator/React-debug/React_debug.framework/Headers -I/Users/amrsaied/DerivedData/PaymentsdkExample-fihmfcmcdadiqyacsuppipgwcqpk/Build/Products/Debug-iphonesimulator/React-utils/React_utils.framework/Headers -I/Users/amrsaied/DerivedData/PaymentsdkExample-fihmfcmcdadiqyacsuppipgwcqpk/Build/Intermediates.noindex/Pods.build/Debug-iphonesimulator/React-renderercss.build/DerivedSources-normal/arm64 -I/Users/amrsaied/DerivedData/PaymentsdkExample-fihmfcmcdadiqyacsuppipgwcqpk/Build/Intermediates.noindex/Pods.build/Debug-iphonesimulator/React-renderercss.build/DerivedSources/arm64 -I/Users/amrsaied/DerivedData/PaymentsdkExample-fihmfcmcdadiqyacsuppipgwcqpk/Build/Intermediates.noindex/Pods.build/Debug-iphonesimulator/React-renderercss.build/DerivedSources -F/Users/amrsaied/DerivedData/PaymentsdkExample-fihmfcmcdadiqyacsuppipgwcqpk/Build/Products/Debug-iphonesimulator/React-renderercss -F/Users/amrsaied/Documents/Flutter/PayTab/github/react-native-paytabs-library/example/ios/Pods/hermes-engine/destroot/Library/Frameworks/universal -F/Users/amrsaied/DerivedData/PaymentsdkExample-fihmfcmcdadiqyacsuppipgwcqpk/Build/Products/Debug-iphonesimulator/XCFrameworkIntermediates/hermes-engine/Pre-built '-fmodule-map-file=/Users/amrsaied/Documents/Flutter/PayTab/github/react-native-paytabs-library/example/ios/Pods/Headers/Public/folly/RCT-Folly.modulemap' '-fmodule-map-file=/Users/amrsaied/Documents/Flutter/PayTab/github/react-native-paytabs-library/example/ios/Pods/Headers/Public/jsi/React-jsi.modulemap' '-fmodule-map-file=/Users/amrsaied/Documents/Flutter/PayTab/github/react-native-paytabs-library/example/ios/Pods/Headers/Public/jsinspector_modern/React-jsinspector.modulemap' '-fmodule-map-file=/Users/amrsaied/Documents/Flutter/PayTab/github/react-native-paytabs-library/example/ios/Pods/Headers/Public/jsinspector_modern_tracing/React-jsinspectortracing.modulemap' '-fmodule-map-file=/Users/amrsaied/Documents/Flutter/PayTab/github/react-native-paytabs-library/example/ios/Pods/Headers/Public/react_debug/React-debug.modulemap' '-fmodule-map-file=/Users/amrsaied/Documents/Flutter/PayTab/github/react-native-paytabs-library/example/ios/Pods/Headers/Public/react_featureflags/React-featureflags.modulemap' '-fmodule-map-file=/Users/amrsaied/Documents/Flutter/PayTab/github/react-native-paytabs-library/example/ios/Pods/Headers/Public/react_utils/React-utils.modulemap' '-fmodule-map-file=/Users/amrsaied/Documents/Flutter/PayTab/github/react-native-paytabs-library/example/ios/Pods/Headers/Public/reacthermes/React-hermes.modulemap'

WriteAuxiliaryFile /Users/amrsaied/DerivedData/PaymentsdkExample-fihmfcmcdadiqyacsuppipgwcqpk/Build/Intermediates.noindex/Pods.build/Debug-iphonesimulator/React-renderercss.build/Objects-normal/arm64/React-renderercss.LinkFileList (in target 'React-renderercss' from project 'Pods')
    cd /Users/amrsaied/Documents/Flutter/PayTab/github/react-native-paytabs-library/example/ios/Pods
    write-file /Users/amrsaied/DerivedData/PaymentsdkExample-fihmfcmcdadiqyacsuppipgwcqpk/Build/Intermediates.noindex/Pods.build/Debug-iphonesimulator/React-renderercss.build/Objects-normal/arm64/React-renderercss.LinkFileList

WriteAuxiliaryFile /Users/amrsaied/DerivedData/PaymentsdkExample-fihmfcmcdadiqyacsuppipgwcqpk/Build/Intermediates.noindex/Pods.build/Debug-iphonesimulator/React-renderercss.build/Objects-normal/arm64/82b82416624d2658e5098eb0a28c15c5-common-args.resp (in target 'React-renderercss' from project 'Pods')
    cd /Users/amrsaied/Documents/Flutter/PayTab/github/react-native-paytabs-library/example/ios/Pods
    write-file /Users/amrsaied/DerivedData/PaymentsdkExample-fihmfcmcdadiqyacsuppipgwcqpk/Build/Intermediates.noindex/Pods.build/Debug-iphonesimulator/React-renderercss.build/Objects-normal/arm64/82b82416624d2658e5098eb0a28c15c5-common-args.resp
-target arm64-apple-ios15.1-simulator '-std=c++20' '-stdlib=libc++' -fmodules -fno-cxx-modules '-fmodules-cache-path=/Users/amrsaied/DerivedData/ModuleCache.noindex' '-fmodule-name=react_renderer_css' '-D_LIBCPP_HARDENING_MODE=_LIBCPP_HARDENING_MODE_DEBUG' -fpascal-strings -O0 -fno-common '-DPOD_CONFIGURATION_DEBUG=1' '-DDEBUG=1' '-DCOCOAPODS=1' -isysroot /Applications/Xcode.app/Contents/Developer/Platforms/iPhoneSimulator.platform/Developer/SDKs/iPhoneSimulator26.2.sdk -g -iquote /Users/amrsaied/DerivedData/PaymentsdkExample-fihmfcmcdadiqyacsuppipgwcqpk/Build/Intermediates.noindex/Pods.build/Debug-iphonesimulator/React-renderercss.build/React-renderercss-generated-files.hmap -I/Users/amrsaied/DerivedData/PaymentsdkExample-fihmfcmcdadiqyacsuppipgwcqpk/Build/Intermediates.noindex/Pods.build/Debug-iphonesimulator/React-renderercss.build/React-renderercss-own-target-headers.hmap -I/Users/amrsaied/DerivedData/PaymentsdkExample-fihmfcmcdadiqyacsuppipgwcqpk/Build/Intermediates.noindex/Pods.build/Debug-iphonesimulator/React-renderercss.build/React-renderercss-all-non-framework-target-headers.hmap -ivfsoverlay /Users/amrsaied/DerivedData/PaymentsdkExample-fihmfcmcdadiqyacsuppipgwcqpk/Build/Intermediates.noindex/Pods.build/Debug-iphonesimulator/Pods-8699adb1dd336b26511df848a716bd42-VFS-iphonesimulator/all-product-headers.yaml -iquote /Users/amrsaied/DerivedData/PaymentsdkExample-fihmfcmcdadiqyacsuppipgwcqpk/Build/Intermediates.noindex/Pods.build/Debug-iphonesimulator/React-renderercss.build/React-renderercss-project-headers.hmap -I/Users/amrsaied/DerivedData/PaymentsdkExample-fihmfcmcdadiqyacsuppipgwcqpk/Build/Products/Debug-iphonesimulator/React-renderercss/include -I/Users/amrsaied/Documents/Flutter/PayTab/github/react-native-paytabs-library/example/ios/Pods/Headers/Private -I/Users/amrsaied/Documents/Flutter/PayTab/github/react-native-paytabs-library/example/ios/Pods/Headers/Private/React-renderercss -I/Users/amrsaied/Documents/Flutter/PayTab/github/react-native-paytabs-library/example/ios/Pods/Headers/Public -I/Users/amrsaied/Documents/Flutter/PayTab/github/react-native-paytabs-library/example/ios/Pods/Headers/Public/DoubleConversion -I/Users/amrsaied/Documents/Flutter/PayTab/github/react-native-paytabs-library/example/ios/Pods/Headers/Public/RCT-Folly -I/Users/amrsaied/Documents/Flutter/PayTab/github/react-native-paytabs-library/example/ios/Pods/Headers/Public/React-callinvoker -I/Users/amrsaied/Documents/Flutter/PayTab/github/react-native-paytabs-library/example/ios/Pods/Headers/Public/React-cxxreact -I/Users/amrsaied/Documents/Flutter/PayTab/github/react-native-paytabs-library/example/ios/Pods/Headers/Public/React-debug -I/Users/amrsaied/Documents/Flutter/PayTab/github/react-native-paytabs-library/example/ios/Pods/Headers/Public/React-featureflags -I/Users/amrsaied/Documents/Flutter/PayTab/github/react-native-paytabs-library/example/ios/Pods/Headers/Public/React-hermes -I/Users/amrsaied/Documents/Flutter/PayTab/github/react-native-paytabs-library/example/ios/Pods/Headers/Public/React-jsi -I/Users/amrsaied/Documents/Flutter/PayTab/github/react-native-paytabs-library/example/ios/Pods/Headers/Public/React-jsiexecutor -I/Users/amrsaied/Documents/Flutter/PayTab/github/react-native-paytabs-library/example/ios/Pods/Headers/Public/React-jsinspector -I/Users/amrsaied/Documents/Flutter/PayTab/github/react-native-paytabs-library/example/ios/Pods/Headers/Public/React-jsinspectortracing -I/Users/amrsaied/Documents/Flutter/PayTab/github/react-native-paytabs-library/example/ios/Pods/Headers/Public/React-logger -I/Users/amrsaied/Documents/Flutter/PayTab/github/react-native-paytabs-library/example/ios/Pods/Headers/Public/React-oscompat -I/Users/amrsaied/Documents/Flutter/PayTab/github/react-native-paytabs-library/example/ios/Pods/Headers/Public/React-perflogger -I/Users/amrsaied/Documents/Flutter/PayTab/github/react-native-paytabs-library/example/ios/Pods/Headers/Public/React-renderercss -I/Users/amrsaied/Documents/Flutter/PayTab/github/react-native-paytabs-library/example/ios/Pods/Headers/Public/React-runtimeexecutor -I/Users/amrsaied/Documents/Flutter/PayTab/github/react-native-paytabs-library/example/ios/Pods/Headers/Public/React-timing -I/Users/amrsaied/Documents/Flutter/PayTab/github/react-native-paytabs-library/example/ios/Pods/Headers/Public/React-utils -I/Users/amrsaied/Documents/Flutter/PayTab/github/react-native-paytabs-library/example/ios/Pods/Headers/Public/boost -I/Users/amrsaied/Documents/Flutter/PayTab/github/react-native-paytabs-library/example/ios/Pods/Headers/Public/fast_float -I/Users/amrsaied/Documents/Flutter/PayTab/github/react-native-paytabs-library/example/ios/Pods/Headers/Public/fmt -I/Users/amrsaied/Documents/Flutter/PayTab/github/react-native-paytabs-library/example/ios/Pods/Headers/Public/glog -I/Users/amrsaied/Documents/Flutter/PayTab/github/react-native-paytabs-library/example/ios/Pods/Headers/Public/hermes-engine -I/Users/amrsaied/DerivedData/PaymentsdkExample-fihmfcmcdadiqyacsuppipgwcqpk/Build/Products/Debug-iphonesimulator/React-debug/React_debug.framework/Headers -I/Users/amrsaied/DerivedData/PaymentsdkExample-fihmfcmcdadiqyacsuppipgwcqpk/Build/Products/Debug-iphonesimulator/React-utils/React_utils.framework/Headers -I/Users/amrsaied/DerivedData/PaymentsdkExample-fihmfcmcdadiqyacsuppipgwcqpk/Build/Intermediates.noindex/Pods.build/Debug-iphonesimulator/React-renderercss.build/DerivedSources-normal/arm64 -I/Users/amrsaied/DerivedData/PaymentsdkExample-fihmfcmcdadiqyacsuppipgwcqpk/Build/Intermediates.noindex/Pods.build/Debug-iphonesimulator/React-renderercss.build/DerivedSources/arm64 -I/Users/amrsaied/DerivedData/PaymentsdkExample-fihmfcmcdadiqyacsuppipgwcqpk/Build/Intermediates.noindex/Pods.build/Debug-iphonesimulator/React-renderercss.build/DerivedSources -F/Users/amrsaied/DerivedData/PaymentsdkExample-fihmfcmcdadiqyacsuppipgwcqpk/Build/Products/Debug-iphonesimulator/React-renderercss -F/Users/amrsaied/Documents/Flutter/PayTab/github/react-native-paytabs-library/example/ios/Pods/hermes-engine/destroot/Library/Frameworks/universal -F/Users/amrsaied/DerivedData/PaymentsdkExample-fihmfcmcdadiqyacsuppipgwcqpk/Build/Products/Debug-iphonesimulator/XCFrameworkIntermediates/hermes-engine/Pre-built '-fmodule-map-file=/Users/amrsaied/Documents/Flutter/PayTab/github/react-native-paytabs-library/example/ios/Pods/Headers/Public/folly/RCT-Folly.modulemap' '-fmodule-map-file=/Users/amrsaied/Documents/Flutter/PayTab/github/react-native-paytabs-library/example/ios/Pods/Headers/Public/jsi/React-jsi.modulemap' '-fmodule-map-file=/Users/amrsaied/Documents/Flutter/PayTab/github/react-native-paytabs-library/example/ios/Pods/Headers/Public/jsinspector_modern/React-jsinspector.modulemap' '-fmodule-map-file=/Users/amrsaied/Documents/Flutter/PayTab/github/react-native-paytabs-library/example/ios/Pods/Headers/Public/jsinspector_modern_tracing/React-jsinspectortracing.modulemap' '-fmodule-map-file=/Users/amrsaied/Documents/Flutter/PayTab/github/react-native-paytabs-library/example/ios/Pods/Headers/Public/react_debug/React-debug.modulemap' '-fmodule-map-file=/Users/amrsaied/Documents/Flutter/PayTab/github/react-native-paytabs-library/example/ios/Pods/Headers/Public/react_featureflags/React-featureflags.modulemap' '-fmodule-map-file=/Users/amrsaied/Documents/Flutter/PayTab/github/react-native-paytabs-library/example/ios/Pods/Headers/Public/react_utils/React-utils.modulemap' '-fmodule-map-file=/Users/amrsaied/Documents/Flutter/PayTab/github/react-native-paytabs-library/example/ios/Pods/Headers/Public/reacthermes/React-hermes.modulemap'

WriteAuxiliaryFile /Users/amrsaied/DerivedData/PaymentsdkExample-fihmfcmcdadiqyacsuppipgwcqpk/Build/Intermediates.noindex/Pods.build/Debug-iphonesimulator/React-rendererconsistency.build/React-rendererconsistency.hmap (in target 'React-rendererconsistency' from project 'Pods')
    cd /Users/amrsaied/Documents/Flutter/PayTab/github/react-native-paytabs-library/example/ios/Pods
    write-file /Users/amrsaied/DerivedData/PaymentsdkExample-fihmfcmcdadiqyacsuppipgwcqpk/Build/Intermediates.noindex/Pods.build/Debug-iphonesimulator/React-rendererconsistency.build/React-rendererconsistency.hmap

WriteAuxiliaryFile /Users/amrsaied/DerivedData/PaymentsdkExample-fihmfcmcdadiqyacsuppipgwcqpk/Build/Intermediates.noindex/Pods.build/Debug-iphonesimulator/React-rendererconsistency.build/React-rendererconsistency.DependencyStaticMetadataFileList (in target 'React-rendererconsistency' from project 'Pods')
    cd /Users/amrsaied/Documents/Flutter/PayTab/github/react-native-paytabs-library/example/ios/Pods
    write-file /Users/amrsaied/DerivedData/PaymentsdkExample-fihmfcmcdadiqyacsuppipgwcqpk/Build/Intermediates.noindex/Pods.build/Debug-iphonesimulator/React-rendererconsistency.build/React-rendererconsistency.DependencyStaticMetadataFileList

WriteAuxiliaryFile /Users/amrsaied/DerivedData/PaymentsdkExample-fihmfcmcdadiqyacsuppipgwcqpk/Build/Intermediates.noindex/Pods.build/Debug-iphonesimulator/React-rendererconsistency.build/React-rendererconsistency-project-headers.hmap (in target 'React-rendererconsistency' from project 'Pods')
    cd /Users/amrsaied/Documents/Flutter/PayTab/github/react-native-paytabs-library/example/ios/Pods
    write-file /Users/amrsaied/DerivedData/PaymentsdkExample-fihmfcmcdadiqyacsuppipgwcqpk/Build/Intermediates.noindex/Pods.build/Debug-iphonesimulator/React-rendererconsistency.build/React-rendererconsistency-project-headers.hmap

WriteAuxiliaryFile /Users/amrsaied/DerivedData/PaymentsdkExample-fihmfcmcdadiqyacsuppipgwcqpk/Build/Intermediates.noindex/Pods.build/Debug-iphonesimulator/React-rendererconsistency.build/React-rendererconsistency.DependencyMetadataFileList (in target 'React-rendererconsistency' from project 'Pods')
    cd /Users/amrsaied/Documents/Flutter/PayTab/github/react-native-paytabs-library/example/ios/Pods
    write-file /Users/amrsaied/DerivedData/PaymentsdkExample-fihmfcmcdadiqyacsuppipgwcqpk/Build/Intermediates.noindex/Pods.build/Debug-iphonesimulator/React-rendererconsistency.build/React-rendererconsistency.DependencyMetadataFileList

WriteAuxiliaryFile /Users/amrsaied/DerivedData/PaymentsdkExample-fihmfcmcdadiqyacsuppipgwcqpk/Build/Intermediates.noindex/Pods.build/Debug-iphonesimulator/React-rendererconsistency.build/React-rendererconsistency-own-target-headers.hmap (in target 'React-rendererconsistency' from project 'Pods')
    cd /Users/amrsaied/Documents/Flutter/PayTab/github/react-native-paytabs-library/example/ios/Pods
    write-file /Users/amrsaied/DerivedData/PaymentsdkExample-fihmfcmcdadiqyacsuppipgwcqpk/Build/Intermediates.noindex/Pods.build/Debug-iphonesimulator/React-rendererconsistency.build/React-rendererconsistency-own-target-headers.hmap

WriteAuxiliaryFile /Users/amrsaied/DerivedData/PaymentsdkExample-fihmfcmcdadiqyacsuppipgwcqpk/Build/Intermediates.noindex/Pods.build/Debug-iphonesimulator/React-rendererconsistency.build/React-rendererconsistency-all-target-headers.hmap (in target 'React-rendererconsistency' from project 'Pods')
    cd /Users/amrsaied/Documents/Flutter/PayTab/github/react-native-paytabs-library/example/ios/Pods
    write-file /Users/amrsaied/DerivedData/PaymentsdkExample-fihmfcmcdadiqyacsuppipgwcqpk/Build/Intermediates.noindex/Pods.build/Debug-iphonesimulator/React-rendererconsistency.build/React-rendererconsistency-all-target-headers.hmap

WriteAuxiliaryFile /Users/amrsaied/DerivedData/PaymentsdkExample-fihmfcmcdadiqyacsuppipgwcqpk/Build/Intermediates.noindex/Pods.build/Debug-iphonesimulator/React-rendererconsistency.build/React-rendererconsistency-generated-files.hmap (in target 'React-rendererconsistency' from project 'Pods')
    cd /Users/amrsaied/Documents/Flutter/PayTab/github/react-native-paytabs-library/example/ios/Pods
    write-file /Users/amrsaied/DerivedData/PaymentsdkExample-fihmfcmcdadiqyacsuppipgwcqpk/Build/Intermediates.noindex/Pods.build/Debug-iphonesimulator/React-rendererconsistency.build/React-rendererconsistency-generated-files.hmap

WriteAuxiliaryFile /Users/amrsaied/DerivedData/PaymentsdkExample-fihmfcmcdadiqyacsuppipgwcqpk/Build/Intermediates.noindex/Pods.build/Debug-iphonesimulator/React-rendererconsistency.build/React-rendererconsistency-all-non-framework-target-headers.hmap (in target 'React-rendererconsistency' from project 'Pods')
    cd /Users/amrsaied/Documents/Flutter/PayTab/github/react-native-paytabs-library/example/ios/Pods
    write-file /Users/amrsaied/DerivedData/PaymentsdkExample-fihmfcmcdadiqyacsuppipgwcqpk/Build/Intermediates.noindex/Pods.build/Debug-iphonesimulator/React-rendererconsistency.build/React-rendererconsistency-all-non-framework-target-headers.hmap

WriteAuxiliaryFile /Users/amrsaied/DerivedData/PaymentsdkExample-fihmfcmcdadiqyacsuppipgwcqpk/Build/Intermediates.noindex/Pods.build/Debug-iphonesimulator/React-rendererconsistency.build/Objects-normal/arm64/React-rendererconsistency.LinkFileList (in target 'React-rendererconsistency' from project 'Pods')
    cd /Users/amrsaied/Documents/Flutter/PayTab/github/react-native-paytabs-library/example/ios/Pods
    write-file /Users/amrsaied/DerivedData/PaymentsdkExample-fihmfcmcdadiqyacsuppipgwcqpk/Build/Intermediates.noindex/Pods.build/Debug-iphonesimulator/React-rendererconsistency.build/Objects-normal/arm64/React-rendererconsistency.LinkFileList

WriteAuxiliaryFile /Users/amrsaied/DerivedData/PaymentsdkExample-fihmfcmcdadiqyacsuppipgwcqpk/Build/Intermediates.noindex/Pods.build/Debug-iphonesimulator/React-rendererconsistency.build/Objects-normal/arm64/e6072d4f65d7061329687fe24e3d63a7-common-args.resp (in target 'React-rendererconsistency' from project 'Pods')
    cd /Users/amrsaied/Documents/Flutter/PayTab/github/react-native-paytabs-library/example/ios/Pods
    write-file /Users/amrsaied/DerivedData/PaymentsdkExample-fihmfcmcdadiqyacsuppipgwcqpk/Build/Intermediates.noindex/Pods.build/Debug-iphonesimulator/React-rendererconsistency.build/Objects-normal/arm64/e6072d4f65d7061329687fe24e3d63a7-common-args.resp
-target arm64-apple-ios15.1-simulator '-std=gnu11' -fobjc-arc -fmodules '-fmodules-cache-path=/Users/amrsaied/DerivedData/ModuleCache.noindex' -fpascal-strings -O0 -fno-common '-DPOD_CONFIGURATION_DEBUG=1' '-DDEBUG=1' '-DCOCOAPODS=1' '-DOBJC_OLD_DISPATCH_PROTOTYPES=0' -isysroot /Applications/Xcode.app/Contents/Developer/Platforms/iPhoneSimulator.platform/Developer/SDKs/iPhoneSimulator26.2.sdk -g '-fobjc-abi-version=2' -fobjc-legacy-dispatch -iquote /Users/amrsaied/DerivedData/PaymentsdkExample-fihmfcmcdadiqyacsuppipgwcqpk/Build/Intermediates.noindex/Pods.build/Debug-iphonesimulator/React-rendererconsistency.build/React-rendererconsistency-generated-files.hmap -I/Users/amrsaied/DerivedData/PaymentsdkExample-fihmfcmcdadiqyacsuppipgwcqpk/Build/Intermediates.noindex/Pods.build/Debug-iphonesimulator/React-rendererconsistency.build/React-rendererconsistency-own-target-headers.hmap -I/Users/amrsaied/DerivedData/PaymentsdkExample-fihmfcmcdadiqyacsuppipgwcqpk/Build/Intermediates.noindex/Pods.build/Debug-iphonesimulator/React-rendererconsistency.build/React-rendererconsistency-all-non-framework-target-headers.hmap -ivfsoverlay /Users/amrsaied/DerivedData/PaymentsdkExample-fihmfcmcdadiqyacsuppipgwcqpk/Build/Intermediates.noindex/Pods.build/Debug-iphonesimulator/Pods-8699adb1dd336b26511df848a716bd42-VFS-iphonesimulator/all-product-headers.yaml -iquote /Users/amrsaied/DerivedData/PaymentsdkExample-fihmfcmcdadiqyacsuppipgwcqpk/Build/Intermediates.noindex/Pods.build/Debug-iphonesimulator/React-rendererconsistency.build/React-rendererconsistency-project-headers.hmap -I/Users/amrsaied/DerivedData/PaymentsdkExample-fihmfcmcdadiqyacsuppipgwcqpk/Build/Products/Debug-iphonesimulator/React-rendererconsistency/include -I/Users/amrsaied/Documents/Flutter/PayTab/github/react-native-paytabs-library/example/ios/Pods/Headers/Private -I/Users/amrsaied/Documents/Flutter/PayTab/github/react-native-paytabs-library/example/ios/Pods/Headers/Private/React-rendererconsistency -I/Users/amrsaied/Documents/Flutter/PayTab/github/react-native-paytabs-library/example/ios/Pods/Headers/Public -I/Users/amrsaied/Documents/Flutter/PayTab/github/react-native-paytabs-library/example/ios/Pods/Headers/Public/React-rendererconsistency -I/Users/amrsaied/DerivedData/PaymentsdkExample-fihmfcmcdadiqyacsuppipgwcqpk/Build/Intermediates.noindex/Pods.build/Debug-iphonesimulator/React-rendererconsistency.build/DerivedSources-normal/arm64 -I/Users/amrsaied/DerivedData/PaymentsdkExample-fihmfcmcdadiqyacsuppipgwcqpk/Build/Intermediates.noindex/Pods.build/Debug-iphonesimulator/React-rendererconsistency.build/DerivedSources/arm64 -I/Users/amrsaied/DerivedData/PaymentsdkExample-fihmfcmcdadiqyacsuppipgwcqpk/Build/Intermediates.noindex/Pods.build/Debug-iphonesimulator/React-rendererconsistency.build/DerivedSources -F/Users/amrsaied/DerivedData/PaymentsdkExample-fihmfcmcdadiqyacsuppipgwcqpk/Build/Products/Debug-iphonesimulator/React-rendererconsistency

WriteAuxiliaryFile /Users/amrsaied/DerivedData/PaymentsdkExample-fihmfcmcdadiqyacsuppipgwcqpk/Build/Intermediates.noindex/Pods.build/Debug-iphonesimulator/React-rendererconsistency.build/Objects-normal/arm64/82b82416624d2658e5098eb0a28c15c5-common-args.resp (in target 'React-rendererconsistency' from project 'Pods')
    cd /Users/amrsaied/Documents/Flutter/PayTab/github/react-native-paytabs-library/example/ios/Pods
    write-file /Users/amrsaied/DerivedData/PaymentsdkExample-fihmfcmcdadiqyacsuppipgwcqpk/Build/Intermediates.noindex/Pods.build/Debug-iphonesimulator/React-rendererconsistency.build/Objects-normal/arm64/82b82416624d2658e5098eb0a28c15c5-common-args.resp
-target arm64-apple-ios15.1-simulator '-std=c++20' '-stdlib=libc++' -fmodules -fno-cxx-modules '-fmodules-cache-path=/Users/amrsaied/DerivedData/ModuleCache.noindex' '-D_LIBCPP_HARDENING_MODE=_LIBCPP_HARDENING_MODE_DEBUG' -fpascal-strings -O0 -fno-common '-DPOD_CONFIGURATION_DEBUG=1' '-DDEBUG=1' '-DCOCOAPODS=1' -isysroot /Applications/Xcode.app/Contents/Developer/Platforms/iPhoneSimulator.platform/Developer/SDKs/iPhoneSimulator26.2.sdk -g -iquote /Users/amrsaied/DerivedData/PaymentsdkExample-fihmfcmcdadiqyacsuppipgwcqpk/Build/Intermediates.noindex/Pods.build/Debug-iphonesimulator/React-rendererconsistency.build/React-rendererconsistency-generated-files.hmap -I/Users/amrsaied/DerivedData/PaymentsdkExample-fihmfcmcdadiqyacsuppipgwcqpk/Build/Intermediates.noindex/Pods.build/Debug-iphonesimulator/React-rendererconsistency.build/React-rendererconsistency-own-target-headers.hmap -I/Users/amrsaied/DerivedData/PaymentsdkExample-fihmfcmcdadiqyacsuppipgwcqpk/Build/Intermediates.noindex/Pods.build/Debug-iphonesimulator/React-rendererconsistency.build/React-rendererconsistency-all-non-framework-target-headers.hmap -ivfsoverlay /Users/amrsaied/DerivedData/PaymentsdkExample-fihmfcmcdadiqyacsuppipgwcqpk/Build/Intermediates.noindex/Pods.build/Debug-iphonesimulator/Pods-8699adb1dd336b26511df848a716bd42-VFS-iphonesimulator/all-product-headers.yaml -iquote /Users/amrsaied/DerivedData/PaymentsdkExample-fihmfcmcdadiqyacsuppipgwcqpk/Build/Intermediates.noindex/Pods.build/Debug-iphonesimulator/React-rendererconsistency.build/React-rendererconsistency-project-headers.hmap -I/Users/amrsaied/DerivedData/PaymentsdkExample-fihmfcmcdadiqyacsuppipgwcqpk/Build/Products/Debug-iphonesimulator/React-rendererconsistency/include -I/Users/amrsaied/Documents/Flutter/PayTab/github/react-native-paytabs-library/example/ios/Pods/Headers/Private -I/Users/amrsaied/Documents/Flutter/PayTab/github/react-native-paytabs-library/example/ios/Pods/Headers/Private/React-rendererconsistency -I/Users/amrsaied/Documents/Flutter/PayTab/github/react-native-paytabs-library/example/ios/Pods/Headers/Public -I/Users/amrsaied/Documents/Flutter/PayTab/github/react-native-paytabs-library/example/ios/Pods/Headers/Public/React-rendererconsistency -I/Users/amrsaied/DerivedData/PaymentsdkExample-fihmfcmcdadiqyacsuppipgwcqpk/Build/Intermediates.noindex/Pods.build/Debug-iphonesimulator/React-rendererconsistency.build/DerivedSources-normal/arm64 -I/Users/amrsaied/DerivedData/PaymentsdkExample-fihmfcmcdadiqyacsuppipgwcqpk/Build/Intermediates.noindex/Pods.build/Debug-iphonesimulator/React-rendererconsistency.build/DerivedSources/arm64 -I/Users/amrsaied/DerivedData/PaymentsdkExample-fihmfcmcdadiqyacsuppipgwcqpk/Build/Intermediates.noindex/Pods.build/Debug-iphonesimulator/React-rendererconsistency.build/DerivedSources -F/Users/amrsaied/DerivedData/PaymentsdkExample-fihmfcmcdadiqyacsuppipgwcqpk/Build/Products/Debug-iphonesimulator/React-rendererconsistency

ProcessInfoPlistFile /Users/amrsaied/DerivedData/PaymentsdkExample-fihmfcmcdadiqyacsuppipgwcqpk/Build/Products/Debug-iphonesimulator/boost/boost_privacy.bundle/Info.plist /Users/amrsaied/Documents/Flutter/PayTab/github/react-native-paytabs-library/example/ios/Pods/Target\ Support\ Files/boost/ResourceBundle-boost_privacy-boost-Info.plist (in target 'boost-boost_privacy' from project 'Pods')
    cd /Users/amrsaied/Documents/Flutter/PayTab/github/react-native-paytabs-library/example/ios/Pods
    builtin-infoPlistUtility /Users/amrsaied/Documents/Flutter/PayTab/github/react-native-paytabs-library/example/ios/Pods/Target\ Support\ Files/boost/ResourceBundle-boost_privacy-boost-Info.plist -producttype com.apple.product-type.bundle -expandbuildsettings -format binary -platform iphonesimulator -o /Users/amrsaied/DerivedData/PaymentsdkExample-fihmfcmcdadiqyacsuppipgwcqpk/Build/Products/Debug-iphonesimulator/boost/boost_privacy.bundle/Info.plist

CreateBuildDirectory /Users/amrsaied/DerivedData/PaymentsdkExample-fihmfcmcdadiqyacsuppipgwcqpk/Build/Products/Debug-iphonesimulator/React-performancetimeline
    cd /Users/amrsaied/Documents/Flutter/PayTab/github/react-native-paytabs-library/example/ios
    builtin-create-build-directory /Users/amrsaied/DerivedData/PaymentsdkExample-fihmfcmcdadiqyacsuppipgwcqpk/Build/Products/Debug-iphonesimulator/React-performancetimeline

CreateBuildDirectory /Users/amrsaied/DerivedData/PaymentsdkExample-fihmfcmcdadiqyacsuppipgwcqpk/Build/Products/Debug-iphonesimulator/React-oscompat
    cd /Users/amrsaied/Documents/Flutter/PayTab/github/react-native-paytabs-library/example/ios
    builtin-create-build-directory /Users/amrsaied/DerivedData/PaymentsdkExample-fihmfcmcdadiqyacsuppipgwcqpk/Build/Products/Debug-iphonesimulator/React-oscompat

WriteAuxiliaryFile /Users/amrsaied/DerivedData/PaymentsdkExample-fihmfcmcdadiqyacsuppipgwcqpk/Build/Intermediates.noindex/Pods.build/Debug-iphonesimulator/React-performancetimeline.build/React-performancetimeline.DependencyStaticMetadataFileList (in target 'React-performancetimeline' from project 'Pods')
    cd /Users/amrsaied/Documents/Flutter/PayTab/github/react-native-paytabs-library/example/ios/Pods
    write-file /Users/amrsaied/DerivedData/PaymentsdkExample-fihmfcmcdadiqyacsuppipgwcqpk/Build/Intermediates.noindex/Pods.build/Debug-iphonesimulator/React-performancetimeline.build/React-performancetimeline.DependencyStaticMetadataFileList

WriteAuxiliaryFile /Users/amrsaied/DerivedData/PaymentsdkExample-fihmfcmcdadiqyacsuppipgwcqpk/Build/Intermediates.noindex/Pods.build/Debug-iphonesimulator/React-performancetimeline.build/React-performancetimeline.hmap (in target 'React-performancetimeline' from project 'Pods')
    cd /Users/amrsaied/Documents/Flutter/PayTab/github/react-native-paytabs-library/example/ios/Pods
    write-file /Users/amrsaied/DerivedData/PaymentsdkExample-fihmfcmcdadiqyacsuppipgwcqpk/Build/Intermediates.noindex/Pods.build/Debug-iphonesimulator/React-performancetimeline.build/React-performancetimeline.hmap

WriteAuxiliaryFile /Users/amrsaied/DerivedData/PaymentsdkExample-fihmfcmcdadiqyacsuppipgwcqpk/Build/Intermediates.noindex/Pods.build/Debug-iphonesimulator/React-performancetimeline.build/React-performancetimeline.DependencyMetadataFileList (in target 'React-performancetimeline' from project 'Pods')
    cd /Users/amrsaied/Documents/Flutter/PayTab/github/react-native-paytabs-library/example/ios/Pods
    write-file /Users/amrsaied/DerivedData/PaymentsdkExample-fihmfcmcdadiqyacsuppipgwcqpk/Build/Intermediates.noindex/Pods.build/Debug-iphonesimulator/React-performancetimeline.build/React-performancetimeline.DependencyMetadataFileList

WriteAuxiliaryFile /Users/amrsaied/DerivedData/PaymentsdkExample-fihmfcmcdadiqyacsuppipgwcqpk/Build/Intermediates.noindex/Pods.build/Debug-iphonesimulator/React-performancetimeline.build/React-performancetimeline-project-headers.hmap (in target 'React-performancetimeline' from project 'Pods')
    cd /Users/amrsaied/Documents/Flutter/PayTab/github/react-native-paytabs-library/example/ios/Pods
    write-file /Users/amrsaied/DerivedData/PaymentsdkExample-fihmfcmcdadiqyacsuppipgwcqpk/Build/Intermediates.noindex/Pods.build/Debug-iphonesimulator/React-performancetimeline.build/React-performancetimeline-project-headers.hmap

WriteAuxiliaryFile /Users/amrsaied/DerivedData/PaymentsdkExample-fihmfcmcdadiqyacsuppipgwcqpk/Build/Intermediates.noindex/Pods.build/Debug-iphonesimulator/React-performancetimeline.build/React-performancetimeline-own-target-headers.hmap (in target 'React-performancetimeline' from project 'Pods')
    cd /Users/amrsaied/Documents/Flutter/PayTab/github/react-native-paytabs-library/example/ios/Pods
    write-file /Users/amrsaied/DerivedData/PaymentsdkExample-fihmfcmcdadiqyacsuppipgwcqpk/Build/Intermediates.noindex/Pods.build/Debug-iphonesimulator/React-performancetimeline.build/React-performancetimeline-own-target-headers.hmap

WriteAuxiliaryFile /Users/amrsaied/DerivedData/PaymentsdkExample-fihmfcmcdadiqyacsuppipgwcqpk/Build/Intermediates.noindex/Pods.build/Debug-iphonesimulator/React-performancetimeline.build/React-performancetimeline-generated-files.hmap (in target 'React-performancetimeline' from project 'Pods')
    cd /Users/amrsaied/Documents/Flutter/PayTab/github/react-native-paytabs-library/example/ios/Pods
    write-file /Users/amrsaied/DerivedData/PaymentsdkExample-fihmfcmcdadiqyacsuppipgwcqpk/Build/Intermediates.noindex/Pods.build/Debug-iphonesimulator/React-performancetimeline.build/React-performancetimeline-generated-files.hmap

WriteAuxiliaryFile /Users/amrsaied/DerivedData/PaymentsdkExample-fihmfcmcdadiqyacsuppipgwcqpk/Build/Intermediates.noindex/Pods.build/Debug-iphonesimulator/React-performancetimeline.build/React-performancetimeline-all-target-headers.hmap (in target 'React-performancetimeline' from project 'Pods')
    cd /Users/amrsaied/Documents/Flutter/PayTab/github/react-native-paytabs-library/example/ios/Pods
    write-file /Users/amrsaied/DerivedData/PaymentsdkExample-fihmfcmcdadiqyacsuppipgwcqpk/Build/Intermediates.noindex/Pods.build/Debug-iphonesimulator/React-performancetimeline.build/React-performancetimeline-all-target-headers.hmap

WriteAuxiliaryFile /Users/amrsaied/DerivedData/PaymentsdkExample-fihmfcmcdadiqyacsuppipgwcqpk/Build/Intermediates.noindex/Pods.build/Debug-iphonesimulator/React-performancetimeline.build/React-performancetimeline-all-non-framework-target-headers.hmap (in target 'React-performancetimeline' from project 'Pods')
    cd /Users/amrsaied/Documents/Flutter/PayTab/github/react-native-paytabs-library/example/ios/Pods
    write-file /Users/amrsaied/DerivedData/PaymentsdkExample-fihmfcmcdadiqyacsuppipgwcqpk/Build/Intermediates.noindex/Pods.build/Debug-iphonesimulator/React-performancetimeline.build/React-performancetimeline-all-non-framework-target-headers.hmap

WriteAuxiliaryFile /Users/amrsaied/DerivedData/PaymentsdkExample-fihmfcmcdadiqyacsuppipgwcqpk/Build/Intermediates.noindex/Pods.build/Debug-iphonesimulator/React-performancetimeline.build/Objects-normal/arm64/e6072d4f65d7061329687fe24e3d63a7-common-args.resp (in target 'React-performancetimeline' from project 'Pods')
    cd /Users/amrsaied/Documents/Flutter/PayTab/github/react-native-paytabs-library/example/ios/Pods
    write-file /Users/amrsaied/DerivedData/PaymentsdkExample-fihmfcmcdadiqyacsuppipgwcqpk/Build/Intermediates.noindex/Pods.build/Debug-iphonesimulator/React-performancetimeline.build/Objects-normal/arm64/e6072d4f65d7061329687fe24e3d63a7-common-args.resp
-target arm64-apple-ios15.1-simulator '-std=gnu11' -fobjc-arc -fmodules '-fmodules-cache-path=/Users/amrsaied/DerivedData/ModuleCache.noindex' -fpascal-strings -O0 -fno-common '-DPOD_CONFIGURATION_DEBUG=1' '-DDEBUG=1' '-DCOCOAPODS=1' '-DOBJC_OLD_DISPATCH_PROTOTYPES=0' -isysroot /Applications/Xcode.app/Contents/Developer/Platforms/iPhoneSimulator.platform/Developer/SDKs/iPhoneSimulator26.2.sdk -g '-fobjc-abi-version=2' -fobjc-legacy-dispatch -iquote /Users/amrsaied/DerivedData/PaymentsdkExample-fihmfcmcdadiqyacsuppipgwcqpk/Build/Intermediates.noindex/Pods.build/Debug-iphonesimulator/React-performancetimeline.build/React-performancetimeline-generated-files.hmap -I/Users/amrsaied/DerivedData/PaymentsdkExample-fihmfcmcdadiqyacsuppipgwcqpk/Build/Intermediates.noindex/Pods.build/Debug-iphonesimulator/React-performancetimeline.build/React-performancetimeline-own-target-headers.hmap -I/Users/amrsaied/DerivedData/PaymentsdkExample-fihmfcmcdadiqyacsuppipgwcqpk/Build/Intermediates.noindex/Pods.build/Debug-iphonesimulator/React-performancetimeline.build/React-performancetimeline-all-non-framework-target-headers.hmap -ivfsoverlay /Users/amrsaied/DerivedData/PaymentsdkExample-fihmfcmcdadiqyacsuppipgwcqpk/Build/Intermediates.noindex/Pods.build/Debug-iphonesimulator/Pods-8699adb1dd336b26511df848a716bd42-VFS-iphonesimulator/all-product-headers.yaml -iquote /Users/amrsaied/DerivedData/PaymentsdkExample-fihmfcmcdadiqyacsuppipgwcqpk/Build/Intermediates.noindex/Pods.build/Debug-iphonesimulator/React-performancetimeline.build/React-performancetimeline-project-headers.hmap -I/Users/amrsaied/DerivedData/PaymentsdkExample-fihmfcmcdadiqyacsuppipgwcqpk/Build/Products/Debug-iphonesimulator/React-performancetimeline/include -I/Users/amrsaied/Documents/Flutter/PayTab/github/react-native-paytabs-library/example/ios/Pods/Headers/Private -I/Users/amrsaied/Documents/Flutter/PayTab/github/react-native-paytabs-library/example/ios/Pods/Headers/Private/React-performancetimeline -I/Users/amrsaied/Documents/Flutter/PayTab/github/react-native-paytabs-library/example/ios/Pods/Headers/Public -I/Users/amrsaied/Documents/Flutter/PayTab/github/react-native-paytabs-library/example/ios/Pods/Headers/Public/DoubleConversion -I/Users/amrsaied/Documents/Flutter/PayTab/github/react-native-paytabs-library/example/ios/Pods/Headers/Public/RCT-Folly -I/Users/amrsaied/Documents/Flutter/PayTab/github/react-native-paytabs-library/example/ios/Pods/Headers/Public/React-callinvoker -I/Users/amrsaied/Documents/Flutter/PayTab/github/react-native-paytabs-library/example/ios/Pods/Headers/Public/React-cxxreact -I/Users/amrsaied/Documents/Flutter/PayTab/github/react-native-paytabs-library/example/ios/Pods/Headers/Public/React-debug -I/Users/amrsaied/Documents/Flutter/PayTab/github/react-native-paytabs-library/example/ios/Pods/Headers/Public/React-featureflags -I/Users/amrsaied/Documents/Flutter/PayTab/github/react-native-paytabs-library/example/ios/Pods/Headers/Public/React-jsi -I/Users/amrsaied/Documents/Flutter/PayTab/github/react-native-paytabs-library/example/ios/Pods/Headers/Public/React-jsinspector -I/Users/amrsaied/Documents/Flutter/PayTab/github/react-native-paytabs-library/example/ios/Pods/Headers/Public/React-jsinspectortracing -I/Users/amrsaied/Documents/Flutter/PayTab/github/react-native-paytabs-library/example/ios/Pods/Headers/Public/React-logger -I/Users/amrsaied/Documents/Flutter/PayTab/github/react-native-paytabs-library/example/ios/Pods/Headers/Public/React-oscompat -I/Users/amrsaied/Documents/Flutter/PayTab/github/react-native-paytabs-library/example/ios/Pods/Headers/Public/React-perflogger -I/Users/amrsaied/Documents/Flutter/PayTab/github/react-native-paytabs-library/example/ios/Pods/Headers/Public/React-performancetimeline -I/Users/amrsaied/Documents/Flutter/PayTab/github/react-native-paytabs-library/example/ios/Pods/Headers/Public/React-runtimeexecutor -I/Users/amrsaied/Documents/Flutter/PayTab/github/react-native-paytabs-library/example/ios/Pods/Headers/Public/React-timing -I/Users/amrsaied/Documents/Flutter/PayTab/github/react-native-paytabs-library/example/ios/Pods/Headers/Public/boost -I/Users/amrsaied/Documents/Flutter/PayTab/github/react-native-paytabs-library/example/ios/Pods/Headers/Public/fast_float -I/Users/amrsaied/Documents/Flutter/PayTab/github/react-native-paytabs-library/example/ios/Pods/Headers/Public/fmt -I/Users/amrsaied/Documents/Flutter/PayTab/github/react-native-paytabs-library/example/ios/Pods/Headers/Public/glog -I/Users/amrsaied/Documents/Flutter/PayTab/github/react-native-paytabs-library/example/ios/Pods/Headers/Public/hermes-engine -I/Users/amrsaied/Documents/Flutter/PayTab/github/react-native-paytabs-library/example/ios/Pods/RCT-Folly -I/Users/amrsaied/Documents/Flutter/PayTab/github/react-native-paytabs-library/example/ios/Pods/boost -I/Users/amrsaied/DerivedData/PaymentsdkExample-fihmfcmcdadiqyacsuppipgwcqpk/Build/Products/Debug-iphonesimulator/React-jsinspectortracing/jsinspector_moderntracing.framework/Headers -I/Users/amrsaied/DerivedData/PaymentsdkExample-fihmfcmcdadiqyacsuppipgwcqpk/Build/Intermediates.noindex/Pods.build/Debug-iphonesimulator/React-performancetimeline.build/DerivedSources-normal/arm64 -I/Users/amrsaied/DerivedData/PaymentsdkExample-fihmfcmcdadiqyacsuppipgwcqpk/Build/Intermediates.noindex/Pods.build/Debug-iphonesimulator/React-performancetimeline.build/DerivedSources/arm64 -I/Users/amrsaied/DerivedData/PaymentsdkExample-fihmfcmcdadiqyacsuppipgwcqpk/Build/Intermediates.noindex/Pods.build/Debug-iphonesimulator/React-performancetimeline.build/DerivedSources -F/Users/amrsaied/DerivedData/PaymentsdkExample-fihmfcmcdadiqyacsuppipgwcqpk/Build/Products/Debug-iphonesimulator/React-performancetimeline -F/Users/amrsaied/Documents/Flutter/PayTab/github/react-native-paytabs-library/example/ios/Pods/hermes-engine/destroot/Library/Frameworks/universal -F/Users/amrsaied/DerivedData/PaymentsdkExample-fihmfcmcdadiqyacsuppipgwcqpk/Build/Products/Debug-iphonesimulator/XCFrameworkIntermediates/hermes-engine/Pre-built '-fmodule-map-file=/Users/amrsaied/Documents/Flutter/PayTab/github/react-native-paytabs-library/example/ios/Pods/Headers/Public/folly/RCT-Folly.modulemap' '-fmodule-map-file=/Users/amrsaied/Documents/Flutter/PayTab/github/react-native-paytabs-library/example/ios/Pods/Headers/Public/jsi/React-jsi.modulemap' '-fmodule-map-file=/Users/amrsaied/Documents/Flutter/PayTab/github/react-native-paytabs-library/example/ios/Pods/Headers/Public/jsinspector_modern/React-jsinspector.modulemap' '-fmodule-map-file=/Users/amrsaied/Documents/Flutter/PayTab/github/react-native-paytabs-library/example/ios/Pods/Headers/Public/jsinspector_modern_tracing/React-jsinspectortracing.modulemap' '-fmodule-map-file=/Users/amrsaied/Documents/Flutter/PayTab/github/react-native-paytabs-library/example/ios/Pods/Headers/Public/react_debug/React-debug.modulemap' '-fmodule-map-file=/Users/amrsaied/Documents/Flutter/PayTab/github/react-native-paytabs-library/example/ios/Pods/Headers/Public/react_featureflags/React-featureflags.modulemap'

WriteAuxiliaryFile /Users/amrsaied/DerivedData/PaymentsdkExample-fihmfcmcdadiqyacsuppipgwcqpk/Build/Intermediates.noindex/Pods.build/Debug-iphonesimulator/React-performancetimeline.build/Objects-normal/arm64/82b82416624d2658e5098eb0a28c15c5-common-args.resp (in target 'React-performancetimeline' from project 'Pods')
    cd /Users/amrsaied/Documents/Flutter/PayTab/github/react-native-paytabs-library/example/ios/Pods
    write-file /Users/amrsaied/DerivedData/PaymentsdkExample-fihmfcmcdadiqyacsuppipgwcqpk/Build/Intermediates.noindex/Pods.build/Debug-iphonesimulator/React-performancetimeline.build/Objects-normal/arm64/82b82416624d2658e5098eb0a28c15c5-common-args.resp
-target arm64-apple-ios15.1-simulator '-std=c++20' '-stdlib=libc++' -fmodules -fno-cxx-modules '-fmodules-cache-path=/Users/amrsaied/DerivedData/ModuleCache.noindex' '-D_LIBCPP_HARDENING_MODE=_LIBCPP_HARDENING_MODE_DEBUG' -fpascal-strings -O0 -fno-common '-DPOD_CONFIGURATION_DEBUG=1' '-DDEBUG=1' '-DCOCOAPODS=1' -isysroot /Applications/Xcode.app/Contents/Developer/Platforms/iPhoneSimulator.platform/Developer/SDKs/iPhoneSimulator26.2.sdk -g -iquote /Users/amrsaied/DerivedData/PaymentsdkExample-fihmfcmcdadiqyacsuppipgwcqpk/Build/Intermediates.noindex/Pods.build/Debug-iphonesimulator/React-performancetimeline.build/React-performancetimeline-generated-files.hmap -I/Users/amrsaied/DerivedData/PaymentsdkExample-fihmfcmcdadiqyacsuppipgwcqpk/Build/Intermediates.noindex/Pods.build/Debug-iphonesimulator/React-performancetimeline.build/React-performancetimeline-own-target-headers.hmap -I/Users/amrsaied/DerivedData/PaymentsdkExample-fihmfcmcdadiqyacsuppipgwcqpk/Build/Intermediates.noindex/Pods.build/Debug-iphonesimulator/React-performancetimeline.build/React-performancetimeline-all-non-framework-target-headers.hmap -ivfsoverlay /Users/amrsaied/DerivedData/PaymentsdkExample-fihmfcmcdadiqyacsuppipgwcqpk/Build/Intermediates.noindex/Pods.build/Debug-iphonesimulator/Pods-8699adb1dd336b26511df848a716bd42-VFS-iphonesimulator/all-product-headers.yaml -iquote /Users/amrsaied/DerivedData/PaymentsdkExample-fihmfcmcdadiqyacsuppipgwcqpk/Build/Intermediates.noindex/Pods.build/Debug-iphonesimulator/React-performancetimeline.build/React-performancetimeline-project-headers.hmap -I/Users/amrsaied/DerivedData/PaymentsdkExample-fihmfcmcdadiqyacsuppipgwcqpk/Build/Products/Debug-iphonesimulator/React-performancetimeline/include -I/Users/amrsaied/Documents/Flutter/PayTab/github/react-native-paytabs-library/example/ios/Pods/Headers/Private -I/Users/amrsaied/Documents/Flutter/PayTab/github/react-native-paytabs-library/example/ios/Pods/Headers/Private/React-performancetimeline -I/Users/amrsaied/Documents/Flutter/PayTab/github/react-native-paytabs-library/example/ios/Pods/Headers/Public -I/Users/amrsaied/Documents/Flutter/PayTab/github/react-native-paytabs-library/example/ios/Pods/Headers/Public/DoubleConversion -I/Users/amrsaied/Documents/Flutter/PayTab/github/react-native-paytabs-library/example/ios/Pods/Headers/Public/RCT-Folly -I/Users/amrsaied/Documents/Flutter/PayTab/github/react-native-paytabs-library/example/ios/Pods/Headers/Public/React-callinvoker -I/Users/amrsaied/Documents/Flutter/PayTab/github/react-native-paytabs-library/example/ios/Pods/Headers/Public/React-cxxreact -I/Users/amrsaied/Documents/Flutter/PayTab/github/react-native-paytabs-library/example/ios/Pods/Headers/Public/React-debug -I/Users/amrsaied/Documents/Flutter/PayTab/github/react-native-paytabs-library/example/ios/Pods/Headers/Public/React-featureflags -I/Users/amrsaied/Documents/Flutter/PayTab/github/react-native-paytabs-library/example/ios/Pods/Headers/Public/React-jsi -I/Users/amrsaied/Documents/Flutter/PayTab/github/react-native-paytabs-library/example/ios/Pods/Headers/Public/React-jsinspector -I/Users/amrsaied/Documents/Flutter/PayTab/github/react-native-paytabs-library/example/ios/Pods/Headers/Public/React-jsinspectortracing -I/Users/amrsaied/Documents/Flutter/PayTab/github/react-native-paytabs-library/example/ios/Pods/Headers/Public/React-logger -I/Users/amrsaied/Documents/Flutter/PayTab/github/react-native-paytabs-library/example/ios/Pods/Headers/Public/React-oscompat -I/Users/amrsaied/Documents/Flutter/PayTab/github/react-native-paytabs-library/example/ios/Pods/Headers/Public/React-perflogger -I/Users/amrsaied/Documents/Flutter/PayTab/github/react-native-paytabs-library/example/ios/Pods/Headers/Public/React-performancetimeline -I/Users/amrsaied/Documents/Flutter/PayTab/github/react-native-paytabs-library/example/ios/Pods/Headers/Public/React-runtimeexecutor -I/Users/amrsaied/Documents/Flutter/PayTab/github/react-native-paytabs-library/example/ios/Pods/Headers/Public/React-timing -I/Users/amrsaied/Documents/Flutter/PayTab/github/react-native-paytabs-library/example/ios/Pods/Headers/Public/boost -I/Users/amrsaied/Documents/Flutter/PayTab/github/react-native-paytabs-library/example/ios/Pods/Headers/Public/fast_float -I/Users/amrsaied/Documents/Flutter/PayTab/github/react-native-paytabs-library/example/ios/Pods/Headers/Public/fmt -I/Users/amrsaied/Documents/Flutter/PayTab/github/react-native-paytabs-library/example/ios/Pods/Headers/Public/glog -I/Users/amrsaied/Documents/Flutter/PayTab/github/react-native-paytabs-library/example/ios/Pods/Headers/Public/hermes-engine -I/Users/amrsaied/Documents/Flutter/PayTab/github/react-native-paytabs-library/example/ios/Pods/RCT-Folly -I/Users/amrsaied/Documents/Flutter/PayTab/github/react-native-paytabs-library/example/ios/Pods/boost -I/Users/amrsaied/DerivedData/PaymentsdkExample-fihmfcmcdadiqyacsuppipgwcqpk/Build/Products/Debug-iphonesimulator/React-jsinspectortracing/jsinspector_moderntracing.framework/Headers -I/Users/amrsaied/DerivedData/PaymentsdkExample-fihmfcmcdadiqyacsuppipgwcqpk/Build/Intermediates.noindex/Pods.build/Debug-iphonesimulator/React-performancetimeline.build/DerivedSources-normal/arm64 -I/Users/amrsaied/DerivedData/PaymentsdkExample-fihmfcmcdadiqyacsuppipgwcqpk/Build/Intermediates.noindex/Pods.build/Debug-iphonesimulator/React-performancetimeline.build/DerivedSources/arm64 -I/Users/amrsaied/DerivedData/PaymentsdkExample-fihmfcmcdadiqyacsuppipgwcqpk/Build/Intermediates.noindex/Pods.build/Debug-iphonesimulator/React-performancetimeline.build/DerivedSources -F/Users/amrsaied/DerivedData/PaymentsdkExample-fihmfcmcdadiqyacsuppipgwcqpk/Build/Products/Debug-iphonesimulator/React-performancetimeline -F/Users/amrsaied/Documents/Flutter/PayTab/github/react-native-paytabs-library/example/ios/Pods/hermes-engine/destroot/Library/Frameworks/universal -F/Users/amrsaied/DerivedData/PaymentsdkExample-fihmfcmcdadiqyacsuppipgwcqpk/Build/Products/Debug-iphonesimulator/XCFrameworkIntermediates/hermes-engine/Pre-built '-fmodule-map-file=/Users/amrsaied/Documents/Flutter/PayTab/github/react-native-paytabs-library/example/ios/Pods/Headers/Public/folly/RCT-Folly.modulemap' '-fmodule-map-file=/Users/amrsaied/Documents/Flutter/PayTab/github/react-native-paytabs-library/example/ios/Pods/Headers/Public/jsi/React-jsi.modulemap' '-fmodule-map-file=/Users/amrsaied/Documents/Flutter/PayTab/github/react-native-paytabs-library/example/ios/Pods/Headers/Public/jsinspector_modern/React-jsinspector.modulemap' '-fmodule-map-file=/Users/amrsaied/Documents/Flutter/PayTab/github/react-native-paytabs-library/example/ios/Pods/Headers/Public/jsinspector_modern_tracing/React-jsinspectortracing.modulemap' '-fmodule-map-file=/Users/amrsaied/Documents/Flutter/PayTab/github/react-native-paytabs-library/example/ios/Pods/Headers/Public/react_debug/React-debug.modulemap' '-fmodule-map-file=/Users/amrsaied/Documents/Flutter/PayTab/github/react-native-paytabs-library/example/ios/Pods/Headers/Public/react_featureflags/React-featureflags.modulemap'

WriteAuxiliaryFile /Users/amrsaied/DerivedData/PaymentsdkExample-fihmfcmcdadiqyacsuppipgwcqpk/Build/Intermediates.noindex/Pods.build/Debug-iphonesimulator/React-performancetimeline.build/Objects-normal/arm64/React-performancetimeline.LinkFileList (in target 'React-performancetimeline' from project 'Pods')
    cd /Users/amrsaied/Documents/Flutter/PayTab/github/react-native-paytabs-library/example/ios/Pods
    write-file /Users/amrsaied/DerivedData/PaymentsdkExample-fihmfcmcdadiqyacsuppipgwcqpk/Build/Intermediates.noindex/Pods.build/Debug-iphonesimulator/React-performancetimeline.build/Objects-normal/arm64/React-performancetimeline.LinkFileList

WriteAuxiliaryFile /Users/amrsaied/DerivedData/PaymentsdkExample-fihmfcmcdadiqyacsuppipgwcqpk/Build/Intermediates.noindex/Pods.build/Debug-iphonesimulator/React-oscompat.build/React-oscompat.hmap (in target 'React-oscompat' from project 'Pods')
    cd /Users/amrsaied/Documents/Flutter/PayTab/github/react-native-paytabs-library/example/ios/Pods
    write-file /Users/amrsaied/DerivedData/PaymentsdkExample-fihmfcmcdadiqyacsuppipgwcqpk/Build/Intermediates.noindex/Pods.build/Debug-iphonesimulator/React-oscompat.build/React-oscompat.hmap

WriteAuxiliaryFile /Users/amrsaied/DerivedData/PaymentsdkExample-fihmfcmcdadiqyacsuppipgwcqpk/Build/Intermediates.noindex/Pods.build/Debug-iphonesimulator/React-oscompat.build/React-oscompat.DependencyStaticMetadataFileList (in target 'React-oscompat' from project 'Pods')
    cd /Users/amrsaied/Documents/Flutter/PayTab/github/react-native-paytabs-library/example/ios/Pods
    write-file /Users/amrsaied/DerivedData/PaymentsdkExample-fihmfcmcdadiqyacsuppipgwcqpk/Build/Intermediates.noindex/Pods.build/Debug-iphonesimulator/React-oscompat.build/React-oscompat.DependencyStaticMetadataFileList

WriteAuxiliaryFile /Users/amrsaied/DerivedData/PaymentsdkExample-fihmfcmcdadiqyacsuppipgwcqpk/Build/Intermediates.noindex/Pods.build/Debug-iphonesimulator/React-oscompat.build/React-oscompat.DependencyMetadataFileList (in target 'React-oscompat' from project 'Pods')
    cd /Users/amrsaied/Documents/Flutter/PayTab/github/react-native-paytabs-library/example/ios/Pods
    write-file /Users/amrsaied/DerivedData/PaymentsdkExample-fihmfcmcdadiqyacsuppipgwcqpk/Build/Intermediates.noindex/Pods.build/Debug-iphonesimulator/React-oscompat.build/React-oscompat.DependencyMetadataFileList

WriteAuxiliaryFile /Users/amrsaied/DerivedData/PaymentsdkExample-fihmfcmcdadiqyacsuppipgwcqpk/Build/Intermediates.noindex/Pods.build/Debug-iphonesimulator/React-oscompat.build/React-oscompat-project-headers.hmap (in target 'React-oscompat' from project 'Pods')
    cd /Users/amrsaied/Documents/Flutter/PayTab/github/react-native-paytabs-library/example/ios/Pods
    write-file /Users/amrsaied/DerivedData/PaymentsdkExample-fihmfcmcdadiqyacsuppipgwcqpk/Build/Intermediates.noindex/Pods.build/Debug-iphonesimulator/React-oscompat.build/React-oscompat-project-headers.hmap

WriteAuxiliaryFile /Users/amrsaied/DerivedData/PaymentsdkExample-fihmfcmcdadiqyacsuppipgwcqpk/Build/Intermediates.noindex/Pods.build/Debug-iphonesimulator/React-oscompat.build/React-oscompat-own-target-headers.hmap (in target 'React-oscompat' from project 'Pods')
    cd /Users/amrsaied/Documents/Flutter/PayTab/github/react-native-paytabs-library/example/ios/Pods
    write-file /Users/amrsaied/DerivedData/PaymentsdkExample-fihmfcmcdadiqyacsuppipgwcqpk/Build/Intermediates.noindex/Pods.build/Debug-iphonesimulator/React-oscompat.build/React-oscompat-own-target-headers.hmap

WriteAuxiliaryFile /Users/amrsaied/DerivedData/PaymentsdkExample-fihmfcmcdadiqyacsuppipgwcqpk/Build/Intermediates.noindex/Pods.build/Debug-iphonesimulator/React-oscompat.build/React-oscompat-generated-files.hmap (in target 'React-oscompat' from project 'Pods')
    cd /Users/amrsaied/Documents/Flutter/PayTab/github/react-native-paytabs-library/example/ios/Pods
    write-file /Users/amrsaied/DerivedData/PaymentsdkExample-fihmfcmcdadiqyacsuppipgwcqpk/Build/Intermediates.noindex/Pods.build/Debug-iphonesimulator/React-oscompat.build/React-oscompat-generated-files.hmap

WriteAuxiliaryFile /Users/amrsaied/DerivedData/PaymentsdkExample-fihmfcmcdadiqyacsuppipgwcqpk/Build/Intermediates.noindex/Pods.build/Debug-iphonesimulator/React-oscompat.build/React-oscompat-all-target-headers.hmap (in target 'React-oscompat' from project 'Pods')
    cd /Users/amrsaied/Documents/Flutter/PayTab/github/react-native-paytabs-library/example/ios/Pods
    write-file /Users/amrsaied/DerivedData/PaymentsdkExample-fihmfcmcdadiqyacsuppipgwcqpk/Build/Intermediates.noindex/Pods.build/Debug-iphonesimulator/React-oscompat.build/React-oscompat-all-target-headers.hmap

WriteAuxiliaryFile /Users/amrsaied/DerivedData/PaymentsdkExample-fihmfcmcdadiqyacsuppipgwcqpk/Build/Intermediates.noindex/Pods.build/Debug-iphonesimulator/React-oscompat.build/React-oscompat-all-non-framework-target-headers.hmap (in target 'React-oscompat' from project 'Pods')
    cd /Users/amrsaied/Documents/Flutter/PayTab/github/react-native-paytabs-library/example/ios/Pods
    write-file /Users/amrsaied/DerivedData/PaymentsdkExample-fihmfcmcdadiqyacsuppipgwcqpk/Build/Intermediates.noindex/Pods.build/Debug-iphonesimulator/React-oscompat.build/React-oscompat-all-non-framework-target-headers.hmap

WriteAuxiliaryFile /Users/amrsaied/DerivedData/PaymentsdkExample-fihmfcmcdadiqyacsuppipgwcqpk/Build/Intermediates.noindex/Pods.build/Debug-iphonesimulator/React-oscompat.build/Objects-normal/arm64/e6072d4f65d7061329687fe24e3d63a7-common-args.resp (in target 'React-oscompat' from project 'Pods')
    cd /Users/amrsaied/Documents/Flutter/PayTab/github/react-native-paytabs-library/example/ios/Pods
    write-file /Users/amrsaied/DerivedData/PaymentsdkExample-fihmfcmcdadiqyacsuppipgwcqpk/Build/Intermediates.noindex/Pods.build/Debug-iphonesimulator/React-oscompat.build/Objects-normal/arm64/e6072d4f65d7061329687fe24e3d63a7-common-args.resp
-target arm64-apple-ios15.1-simulator '-std=gnu11' -fobjc-arc -fmodules '-fmodules-cache-path=/Users/amrsaied/DerivedData/ModuleCache.noindex' -fpascal-strings -O0 -fno-common '-DPOD_CONFIGURATION_DEBUG=1' '-DDEBUG=1' '-DCOCOAPODS=1' '-DOBJC_OLD_DISPATCH_PROTOTYPES=0' -isysroot /Applications/Xcode.app/Contents/Developer/Platforms/iPhoneSimulator.platform/Developer/SDKs/iPhoneSimulator26.2.sdk -g '-fobjc-abi-version=2' -fobjc-legacy-dispatch -iquote /Users/amrsaied/DerivedData/PaymentsdkExample-fihmfcmcdadiqyacsuppipgwcqpk/Build/Intermediates.noindex/Pods.build/Debug-iphonesimulator/React-oscompat.build/React-oscompat-generated-files.hmap -I/Users/amrsaied/DerivedData/PaymentsdkExample-fihmfcmcdadiqyacsuppipgwcqpk/Build/Intermediates.noindex/Pods.build/Debug-iphonesimulator/React-oscompat.build/React-oscompat-own-target-headers.hmap -I/Users/amrsaied/DerivedData/PaymentsdkExample-fihmfcmcdadiqyacsuppipgwcqpk/Build/Intermediates.noindex/Pods.build/Debug-iphonesimulator/React-oscompat.build/React-oscompat-all-non-framework-target-headers.hmap -ivfsoverlay /Users/amrsaied/DerivedData/PaymentsdkExample-fihmfcmcdadiqyacsuppipgwcqpk/Build/Intermediates.noindex/Pods.build/Debug-iphonesimulator/Pods-8699adb1dd336b26511df848a716bd42-VFS-iphonesimulator/all-product-headers.yaml -iquote /Users/amrsaied/DerivedData/PaymentsdkExample-fihmfcmcdadiqyacsuppipgwcqpk/Build/Intermediates.noindex/Pods.build/Debug-iphonesimulator/React-oscompat.build/React-oscompat-project-headers.hmap -I/Users/amrsaied/DerivedData/PaymentsdkExample-fihmfcmcdadiqyacsuppipgwcqpk/Build/Products/Debug-iphonesimulator/React-oscompat/include -I/Users/amrsaied/Documents/Flutter/PayTab/github/react-native-paytabs-library/example/ios/Pods/Headers/Private -I/Users/amrsaied/Documents/Flutter/PayTab/github/react-native-paytabs-library/example/ios/Pods/Headers/Private/React-oscompat -I/Users/amrsaied/Documents/Flutter/PayTab/github/react-native-paytabs-library/example/ios/Pods/Headers/Public -I/Users/amrsaied/Documents/Flutter/PayTab/github/react-native-paytabs-library/example/ios/Pods/Headers/Public/React-oscompat -I/Users/amrsaied/DerivedData/PaymentsdkExample-fihmfcmcdadiqyacsuppipgwcqpk/Build/Intermediates.noindex/Pods.build/Debug-iphonesimulator/React-oscompat.build/DerivedSources-normal/arm64 -I/Users/amrsaied/DerivedData/PaymentsdkExample-fihmfcmcdadiqyacsuppipgwcqpk/Build/Intermediates.noindex/Pods.build/Debug-iphonesimulator/React-oscompat.build/DerivedSources/arm64 -I/Users/amrsaied/DerivedData/PaymentsdkExample-fihmfcmcdadiqyacsuppipgwcqpk/Build/Intermediates.noindex/Pods.build/Debug-iphonesimulator/React-oscompat.build/DerivedSources -F/Users/amrsaied/DerivedData/PaymentsdkExample-fihmfcmcdadiqyacsuppipgwcqpk/Build/Products/Debug-iphonesimulator/React-oscompat

WriteAuxiliaryFile /Users/amrsaied/DerivedData/PaymentsdkExample-fihmfcmcdadiqyacsuppipgwcqpk/Build/Intermediates.noindex/Pods.build/Debug-iphonesimulator/React-oscompat.build/Objects-normal/arm64/React-oscompat.LinkFileList (in target 'React-oscompat' from project 'Pods')
    cd /Users/amrsaied/Documents/Flutter/PayTab/github/react-native-paytabs-library/example/ios/Pods
    write-file /Users/amrsaied/DerivedData/PaymentsdkExample-fihmfcmcdadiqyacsuppipgwcqpk/Build/Intermediates.noindex/Pods.build/Debug-iphonesimulator/React-oscompat.build/Objects-normal/arm64/React-oscompat.LinkFileList

WriteAuxiliaryFile /Users/amrsaied/DerivedData/PaymentsdkExample-fihmfcmcdadiqyacsuppipgwcqpk/Build/Intermediates.noindex/Pods.build/Debug-iphonesimulator/React-oscompat.build/Objects-normal/arm64/82b82416624d2658e5098eb0a28c15c5-common-args.resp (in target 'React-oscompat' from project 'Pods')
    cd /Users/amrsaied/Documents/Flutter/PayTab/github/react-native-paytabs-library/example/ios/Pods
    write-file /Users/amrsaied/DerivedData/PaymentsdkExample-fihmfcmcdadiqyacsuppipgwcqpk/Build/Intermediates.noindex/Pods.build/Debug-iphonesimulator/React-oscompat.build/Objects-normal/arm64/82b82416624d2658e5098eb0a28c15c5-common-args.resp
-target arm64-apple-ios15.1-simulator '-std=c++20' '-stdlib=libc++' -fmodules -fno-cxx-modules '-fmodules-cache-path=/Users/amrsaied/DerivedData/ModuleCache.noindex' '-D_LIBCPP_HARDENING_MODE=_LIBCPP_HARDENING_MODE_DEBUG' -fpascal-strings -O0 -fno-common '-DPOD_CONFIGURATION_DEBUG=1' '-DDEBUG=1' '-DCOCOAPODS=1' -isysroot /Applications/Xcode.app/Contents/Developer/Platforms/iPhoneSimulator.platform/Developer/SDKs/iPhoneSimulator26.2.sdk -g -iquote /Users/amrsaied/DerivedData/PaymentsdkExample-fihmfcmcdadiqyacsuppipgwcqpk/Build/Intermediates.noindex/Pods.build/Debug-iphonesimulator/React-oscompat.build/React-oscompat-generated-files.hmap -I/Users/amrsaied/DerivedData/PaymentsdkExample-fihmfcmcdadiqyacsuppipgwcqpk/Build/Intermediates.noindex/Pods.build/Debug-iphonesimulator/React-oscompat.build/React-oscompat-own-target-headers.hmap -I/Users/amrsaied/DerivedData/PaymentsdkExample-fihmfcmcdadiqyacsuppipgwcqpk/Build/Intermediates.noindex/Pods.build/Debug-iphonesimulator/React-oscompat.build/React-oscompat-all-non-framework-target-headers.hmap -ivfsoverlay /Users/amrsaied/DerivedData/PaymentsdkExample-fihmfcmcdadiqyacsuppipgwcqpk/Build/Intermediates.noindex/Pods.build/Debug-iphonesimulator/Pods-8699adb1dd336b26511df848a716bd42-VFS-iphonesimulator/all-product-headers.yaml -iquote /Users/amrsaied/DerivedData/PaymentsdkExample-fihmfcmcdadiqyacsuppipgwcqpk/Build/Intermediates.noindex/Pods.build/Debug-iphonesimulator/React-oscompat.build/React-oscompat-project-headers.hmap -I/Users/amrsaied/DerivedData/PaymentsdkExample-fihmfcmcdadiqyacsuppipgwcqpk/Build/Products/Debug-iphonesimulator/React-oscompat/include -I/Users/amrsaied/Documents/Flutter/PayTab/github/react-native-paytabs-library/example/ios/Pods/Headers/Private -I/Users/amrsaied/Documents/Flutter/PayTab/github/react-native-paytabs-library/example/ios/Pods/Headers/Private/React-oscompat -I/Users/amrsaied/Documents/Flutter/PayTab/github/react-native-paytabs-library/example/ios/Pods/Headers/Public -I/Users/amrsaied/Documents/Flutter/PayTab/github/react-native-paytabs-library/example/ios/Pods/Headers/Public/React-oscompat -I/Users/amrsaied/DerivedData/PaymentsdkExample-fihmfcmcdadiqyacsuppipgwcqpk/Build/Intermediates.noindex/Pods.build/Debug-iphonesimulator/React-oscompat.build/DerivedSources-normal/arm64 -I/Users/amrsaied/DerivedData/PaymentsdkExample-fihmfcmcdadiqyacsuppipgwcqpk/Build/Intermediates.noindex/Pods.build/Debug-iphonesimulator/React-oscompat.build/DerivedSources/arm64 -I/Users/amrsaied/DerivedData/PaymentsdkExample-fihmfcmcdadiqyacsuppipgwcqpk/Build/Intermediates.noindex/Pods.build/Debug-iphonesimulator/React-oscompat.build/DerivedSources -F/Users/amrsaied/DerivedData/PaymentsdkExample-fihmfcmcdadiqyacsuppipgwcqpk/Build/Products/Debug-iphonesimulator/React-oscompat

ProcessInfoPlistFile /Users/amrsaied/DerivedData/PaymentsdkExample-fihmfcmcdadiqyacsuppipgwcqpk/Build/Products/Debug-iphonesimulator/React-cxxreact/React-cxxreact_privacy.bundle/Info.plist /Users/amrsaied/Documents/Flutter/PayTab/github/react-native-paytabs-library/example/ios/Pods/Target\ Support\ Files/React-cxxreact/ResourceBundle-React-cxxreact_privacy-React-cxxreact-Info.plist (in target 'React-cxxreact-React-cxxreact_privacy' from project 'Pods')
    cd /Users/amrsaied/Documents/Flutter/PayTab/github/react-native-paytabs-library/example/ios/Pods
    builtin-infoPlistUtility /Users/amrsaied/Documents/Flutter/PayTab/github/react-native-paytabs-library/example/ios/Pods/Target\ Support\ Files/React-cxxreact/ResourceBundle-React-cxxreact_privacy-React-cxxreact-Info.plist -producttype com.apple.product-type.bundle -expandbuildsettings -format binary -platform iphonesimulator -o /Users/amrsaied/DerivedData/PaymentsdkExample-fihmfcmcdadiqyacsuppipgwcqpk/Build/Products/Debug-iphonesimulator/React-cxxreact/React-cxxreact_privacy.bundle/Info.plist

CpResource /Users/amrsaied/DerivedData/PaymentsdkExample-fihmfcmcdadiqyacsuppipgwcqpk/Build/Products/Debug-iphonesimulator/React-cxxreact/React-cxxreact_privacy.bundle/PrivacyInfo.xcprivacy /Users/amrsaied/Documents/Flutter/PayTab/github/react-native-paytabs-library/example/node_modules/react-native/ReactCommon/cxxreact/PrivacyInfo.xcprivacy (in target 'React-cxxreact-React-cxxreact_privacy' from project 'Pods')
    cd /Users/amrsaied/Documents/Flutter/PayTab/github/react-native-paytabs-library/example/ios/Pods
    builtin-copy -exclude .DS_Store -exclude CVS -exclude .svn -exclude .git -exclude .hg -resolve-src-symlinks /Users/amrsaied/Documents/Flutter/PayTab/github/react-native-paytabs-library/example/node_modules/react-native/ReactCommon/cxxreact/PrivacyInfo.xcprivacy /Users/amrsaied/DerivedData/PaymentsdkExample-fihmfcmcdadiqyacsuppipgwcqpk/Build/Products/Debug-iphonesimulator/React-cxxreact/React-cxxreact_privacy.bundle

CreateBuildDirectory /Users/amrsaied/DerivedData/PaymentsdkExample-fihmfcmcdadiqyacsuppipgwcqpk/Build/Products/Debug-iphonesimulator/React-microtasksnativemodule
    cd /Users/amrsaied/Documents/Flutter/PayTab/github/react-native-paytabs-library/example/ios
    builtin-create-build-directory /Users/amrsaied/DerivedData/PaymentsdkExample-fihmfcmcdadiqyacsuppipgwcqpk/Build/Products/Debug-iphonesimulator/React-microtasksnativemodule

CreateBuildDirectory /Users/amrsaied/DerivedData/PaymentsdkExample-fihmfcmcdadiqyacsuppipgwcqpk/Build/Products/Debug-iphonesimulator/React-jsitracing
    cd /Users/amrsaied/Documents/Flutter/PayTab/github/react-native-paytabs-library/example/ios
    builtin-create-build-directory /Users/amrsaied/DerivedData/PaymentsdkExample-fihmfcmcdadiqyacsuppipgwcqpk/Build/Products/Debug-iphonesimulator/React-jsitracing

ProcessInfoPlistFile /Users/amrsaied/DerivedData/PaymentsdkExample-fihmfcmcdadiqyacsuppipgwcqpk/Build/Products/Debug-iphonesimulator/React-Core/React-Core_privacy.bundle/Info.plist /Users/amrsaied/Documents/Flutter/PayTab/github/react-native-paytabs-library/example/ios/Pods/Target\ Support\ Files/React-Core/ResourceBundle-React-Core_privacy-React-Core-Info.plist (in target 'React-Core-React-Core_privacy' from project 'Pods')
    cd /Users/amrsaied/Documents/Flutter/PayTab/github/react-native-paytabs-library/example/ios/Pods
    builtin-infoPlistUtility /Users/amrsaied/Documents/Flutter/PayTab/github/react-native-paytabs-library/example/ios/Pods/Target\ Support\ Files/React-Core/ResourceBundle-React-Core_privacy-React-Core-Info.plist -producttype com.apple.product-type.bundle -expandbuildsettings -format binary -platform iphonesimulator -o /Users/amrsaied/DerivedData/PaymentsdkExample-fihmfcmcdadiqyacsuppipgwcqpk/Build/Products/Debug-iphonesimulator/React-Core/React-Core_privacy.bundle/Info.plist

CpResource /Users/amrsaied/DerivedData/PaymentsdkExample-fihmfcmcdadiqyacsuppipgwcqpk/Build/Products/Debug-iphonesimulator/React-Core/React-Core_privacy.bundle/PrivacyInfo.xcprivacy /Users/amrsaied/Documents/Flutter/PayTab/github/react-native-paytabs-library/example/node_modules/react-native/React/Resources/PrivacyInfo.xcprivacy (in target 'React-Core-React-Core_privacy' from project 'Pods')
    cd /Users/amrsaied/Documents/Flutter/PayTab/github/react-native-paytabs-library/example/ios/Pods
    builtin-copy -exclude .DS_Store -exclude CVS -exclude .svn -exclude .git -exclude .hg -resolve-src-symlinks /Users/amrsaied/Documents/Flutter/PayTab/github/react-native-paytabs-library/example/node_modules/react-native/React/Resources/PrivacyInfo.xcprivacy /Users/amrsaied/DerivedData/PaymentsdkExample-fihmfcmcdadiqyacsuppipgwcqpk/Build/Products/Debug-iphonesimulator/React-Core/React-Core_privacy.bundle

WriteAuxiliaryFile /Users/amrsaied/DerivedData/PaymentsdkExample-fihmfcmcdadiqyacsuppipgwcqpk/Build/Intermediates.noindex/Pods.build/Debug-iphonesimulator/React-microtasksnativemodule.build/React-microtasksnativemodule.DependencyStaticMetadataFileList (in target 'React-microtasksnativemodule' from project 'Pods')
    cd /Users/amrsaied/Documents/Flutter/PayTab/github/react-native-paytabs-library/example/ios/Pods
    write-file /Users/amrsaied/DerivedData/PaymentsdkExample-fihmfcmcdadiqyacsuppipgwcqpk/Build/Intermediates.noindex/Pods.build/Debug-iphonesimulator/React-microtasksnativemodule.build/React-microtasksnativemodule.DependencyStaticMetadataFileList

WriteAuxiliaryFile /Users/amrsaied/DerivedData/PaymentsdkExample-fihmfcmcdadiqyacsuppipgwcqpk/Build/Intermediates.noindex/Pods.build/Debug-iphonesimulator/React-microtasksnativemodule.build/React-microtasksnativemodule.hmap (in target 'React-microtasksnativemodule' from project 'Pods')
    cd /Users/amrsaied/Documents/Flutter/PayTab/github/react-native-paytabs-library/example/ios/Pods
    write-file /Users/amrsaied/DerivedData/PaymentsdkExample-fihmfcmcdadiqyacsuppipgwcqpk/Build/Intermediates.noindex/Pods.build/Debug-iphonesimulator/React-microtasksnativemodule.build/React-microtasksnativemodule.hmap

WriteAuxiliaryFile /Users/amrsaied/DerivedData/PaymentsdkExample-fihmfcmcdadiqyacsuppipgwcqpk/Build/Intermediates.noindex/Pods.build/Debug-iphonesimulator/React-microtasksnativemodule.build/React-microtasksnativemodule.DependencyMetadataFileList (in target 'React-microtasksnativemodule' from project 'Pods')
    cd /Users/amrsaied/Documents/Flutter/PayTab/github/react-native-paytabs-library/example/ios/Pods
    write-file /Users/amrsaied/DerivedData/PaymentsdkExample-fihmfcmcdadiqyacsuppipgwcqpk/Build/Intermediates.noindex/Pods.build/Debug-iphonesimulator/React-microtasksnativemodule.build/React-microtasksnativemodule.DependencyMetadataFileList

WriteAuxiliaryFile /Users/amrsaied/DerivedData/PaymentsdkExample-fihmfcmcdadiqyacsuppipgwcqpk/Build/Intermediates.noindex/Pods.build/Debug-iphonesimulator/React-microtasksnativemodule.build/React-microtasksnativemodule-project-headers.hmap (in target 'React-microtasksnativemodule' from project 'Pods')
    cd /Users/amrsaied/Documents/Flutter/PayTab/github/react-native-paytabs-library/example/ios/Pods
    write-file /Users/amrsaied/DerivedData/PaymentsdkExample-fihmfcmcdadiqyacsuppipgwcqpk/Build/Intermediates.noindex/Pods.build/Debug-iphonesimulator/React-microtasksnativemodule.build/React-microtasksnativemodule-project-headers.hmap

WriteAuxiliaryFile /Users/amrsaied/DerivedData/PaymentsdkExample-fihmfcmcdadiqyacsuppipgwcqpk/Build/Intermediates.noindex/Pods.build/Debug-iphonesimulator/React-microtasksnativemodule.build/React-microtasksnativemodule-own-target-headers.hmap (in target 'React-microtasksnativemodule' from project 'Pods')
    cd /Users/amrsaied/Documents/Flutter/PayTab/github/react-native-paytabs-library/example/ios/Pods
    write-file /Users/amrsaied/DerivedData/PaymentsdkExample-fihmfcmcdadiqyacsuppipgwcqpk/Build/Intermediates.noindex/Pods.build/Debug-iphonesimulator/React-microtasksnativemodule.build/React-microtasksnativemodule-own-target-headers.hmap

WriteAuxiliaryFile /Users/amrsaied/DerivedData/PaymentsdkExample-fihmfcmcdadiqyacsuppipgwcqpk/Build/Intermediates.noindex/Pods.build/Debug-iphonesimulator/React-microtasksnativemodule.build/React-microtasksnativemodule-generated-files.hmap (in target 'React-microtasksnativemodule' from project 'Pods')
    cd /Users/amrsaied/Documents/Flutter/PayTab/github/react-native-paytabs-library/example/ios/Pods
    write-file /Users/amrsaied/DerivedData/PaymentsdkExample-fihmfcmcdadiqyacsuppipgwcqpk/Build/Intermediates.noindex/Pods.build/Debug-iphonesimulator/React-microtasksnativemodule.build/React-microtasksnativemodule-generated-files.hmap

WriteAuxiliaryFile /Users/amrsaied/DerivedData/PaymentsdkExample-fihmfcmcdadiqyacsuppipgwcqpk/Build/Intermediates.noindex/Pods.build/Debug-iphonesimulator/React-microtasksnativemodule.build/React-microtasksnativemodule-all-target-headers.hmap (in target 'React-microtasksnativemodule' from project 'Pods')
    cd /Users/amrsaied/Documents/Flutter/PayTab/github/react-native-paytabs-library/example/ios/Pods
    write-file /Users/amrsaied/DerivedData/PaymentsdkExample-fihmfcmcdadiqyacsuppipgwcqpk/Build/Intermediates.noindex/Pods.build/Debug-iphonesimulator/React-microtasksnativemodule.build/React-microtasksnativemodule-all-target-headers.hmap

WriteAuxiliaryFile /Users/amrsaied/DerivedData/PaymentsdkExample-fihmfcmcdadiqyacsuppipgwcqpk/Build/Intermediates.noindex/Pods.build/Debug-iphonesimulator/React-microtasksnativemodule.build/React-microtasksnativemodule-all-non-framework-target-headers.hmap (in target 'React-microtasksnativemodule' from project 'Pods')
    cd /Users/amrsaied/Documents/Flutter/PayTab/github/react-native-paytabs-library/example/ios/Pods
    write-file /Users/amrsaied/DerivedData/PaymentsdkExample-fihmfcmcdadiqyacsuppipgwcqpk/Build/Intermediates.noindex/Pods.build/Debug-iphonesimulator/React-microtasksnativemodule.build/React-microtasksnativemodule-all-non-framework-target-headers.hmap

WriteAuxiliaryFile /Users/amrsaied/DerivedData/PaymentsdkExample-fihmfcmcdadiqyacsuppipgwcqpk/Build/Intermediates.noindex/Pods.build/Debug-iphonesimulator/React-microtasksnativemodule.build/Objects-normal/arm64/React-microtasksnativemodule.LinkFileList (in target 'React-microtasksnativemodule' from project 'Pods')
    cd /Users/amrsaied/Documents/Flutter/PayTab/github/react-native-paytabs-library/example/ios/Pods
    write-file /Users/amrsaied/DerivedData/PaymentsdkExample-fihmfcmcdadiqyacsuppipgwcqpk/Build/Intermediates.noindex/Pods.build/Debug-iphonesimulator/React-microtasksnativemodule.build/Objects-normal/arm64/React-microtasksnativemodule.LinkFileList

WriteAuxiliaryFile /Users/amrsaied/DerivedData/PaymentsdkExample-fihmfcmcdadiqyacsuppipgwcqpk/Build/Intermediates.noindex/Pods.build/Debug-iphonesimulator/React-microtasksnativemodule.build/Objects-normal/arm64/e6072d4f65d7061329687fe24e3d63a7-common-args.resp (in target 'React-microtasksnativemodule' from project 'Pods')
    cd /Users/amrsaied/Documents/Flutter/PayTab/github/react-native-paytabs-library/example/ios/Pods
    write-file /Users/amrsaied/DerivedData/PaymentsdkExample-fihmfcmcdadiqyacsuppipgwcqpk/Build/Intermediates.noindex/Pods.build/Debug-iphonesimulator/React-microtasksnativemodule.build/Objects-normal/arm64/e6072d4f65d7061329687fe24e3d63a7-common-args.resp
-target arm64-apple-ios15.1-simulator '-std=gnu11' -fobjc-arc -fmodules '-fmodules-cache-path=/Users/amrsaied/DerivedData/ModuleCache.noindex' '-fmodule-name=react_nativemodule_microtasks' -fpascal-strings -O0 -fno-common '-DPOD_CONFIGURATION_DEBUG=1' '-DDEBUG=1' '-DCOCOAPODS=1' '-DOBJC_OLD_DISPATCH_PROTOTYPES=0' -isysroot /Applications/Xcode.app/Contents/Developer/Platforms/iPhoneSimulator.platform/Developer/SDKs/iPhoneSimulator26.2.sdk -g '-fobjc-abi-version=2' -fobjc-legacy-dispatch -iquote /Users/amrsaied/DerivedData/PaymentsdkExample-fihmfcmcdadiqyacsuppipgwcqpk/Build/Intermediates.noindex/Pods.build/Debug-iphonesimulator/React-microtasksnativemodule.build/React-microtasksnativemodule-generated-files.hmap -I/Users/amrsaied/DerivedData/PaymentsdkExample-fihmfcmcdadiqyacsuppipgwcqpk/Build/Intermediates.noindex/Pods.build/Debug-iphonesimulator/React-microtasksnativemodule.build/React-microtasksnativemodule-own-target-headers.hmap -I/Users/amrsaied/DerivedData/PaymentsdkExample-fihmfcmcdadiqyacsuppipgwcqpk/Build/Intermediates.noindex/Pods.build/Debug-iphonesimulator/React-microtasksnativemodule.build/React-microtasksnativemodule-all-non-framework-target-headers.hmap -ivfsoverlay /Users/amrsaied/DerivedData/PaymentsdkExample-fihmfcmcdadiqyacsuppipgwcqpk/Build/Intermediates.noindex/Pods.build/Debug-iphonesimulator/Pods-8699adb1dd336b26511df848a716bd42-VFS-iphonesimulator/all-product-headers.yaml -iquote /Users/amrsaied/DerivedData/PaymentsdkExample-fihmfcmcdadiqyacsuppipgwcqpk/Build/Intermediates.noindex/Pods.build/Debug-iphonesimulator/React-microtasksnativemodule.build/React-microtasksnativemodule-project-headers.hmap -I/Users/amrsaied/DerivedData/PaymentsdkExample-fihmfcmcdadiqyacsuppipgwcqpk/Build/Products/Debug-iphonesimulator/React-microtasksnativemodule/include -I/Users/amrsaied/Documents/Flutter/PayTab/github/react-native-paytabs-library/example/ios/Pods/Headers/Private -I/Users/amrsaied/Documents/Flutter/PayTab/github/react-native-paytabs-library/example/ios/Pods/Headers/Private/React-microtasksnativemodule -I/Users/amrsaied/Documents/Flutter/PayTab/github/react-native-paytabs-library/example/ios/Pods/Headers/Public -I/Users/amrsaied/Documents/Flutter/PayTab/github/react-native-paytabs-library/example/ios/Pods/Headers/Public/DoubleConversion -I/Users/amrsaied/Documents/Flutter/PayTab/github/react-native-paytabs-library/example/ios/Pods/Headers/Public/FBLazyVector -I/Users/amrsaied/Documents/Flutter/PayTab/github/react-native-paytabs-library/example/ios/Pods/Headers/Public/RCT-Folly -I/Users/amrsaied/Documents/Flutter/PayTab/github/react-native-paytabs-library/example/ios/Pods/Headers/Public/RCTRequired -I/Users/amrsaied/Documents/Flutter/PayTab/github/react-native-paytabs-library/example/ios/Pods/Headers/Public/RCTTypeSafety -I/Users/amrsaied/Documents/Flutter/PayTab/github/react-native-paytabs-library/example/ios/Pods/Headers/Public/React-Core -I/Users/amrsaied/Documents/Flutter/PayTab/github/react-native-paytabs-library/example/ios/Pods/Headers/Public/React-NativeModulesApple -I/Users/amrsaied/Documents/Flutter/PayTab/github/react-native-paytabs-library/example/ios/Pods/Headers/Public/React-RCTFBReactNativeSpec -I/Users/amrsaied/Documents/Flutter/PayTab/github/react-native-paytabs-library/example/ios/Pods/Headers/Public/React-callinvoker -I/Users/amrsaied/Documents/Flutter/PayTab/github/react-native-paytabs-library/example/ios/Pods/Headers/Public/React-cxxreact -I/Users/amrsaied/Documents/Flutter/PayTab/github/react-native-paytabs-library/example/ios/Pods/Headers/Public/React-debug -I/Users/amrsaied/Documents/Flutter/PayTab/github/react-native-paytabs-library/example/ios/Pods/Headers/Public/React-featureflags -I/Users/amrsaied/Documents/Flutter/PayTab/github/react-native-paytabs-library/example/ios/Pods/Headers/Public/React-hermes -I/Users/amrsaied/Documents/Flutter/PayTab/github/react-native-paytabs-library/example/ios/Pods/Headers/Public/React-jsi -I/Users/amrsaied/Documents/Flutter/PayTab/github/react-native-paytabs-library/example/ios/Pods/Headers/Public/React-jsiexecutor -I/Users/amrsaied/Documents/Flutter/PayTab/github/react-native-paytabs-library/example/ios/Pods/Headers/Public/React-jsinspector -I/Users/amrsaied/Documents/Flutter/PayTab/github/react-native-paytabs-library/example/ios/Pods/Headers/Public/React-jsinspectortracing -I/Users/amrsaied/Documents/Flutter/PayTab/github/react-native-paytabs-library/example/ios/Pods/Headers/Public/React-jsitooling -I/Users/amrsaied/Documents/Flutter/PayTab/github/react-native-paytabs-library/example/ios/Pods/Headers/Public/React-logger -I/Users/amrsaied/Documents/Flutter/PayTab/github/react-native-paytabs-library/example/ios/Pods/Headers/Public/React-microtasksnativemodule -I/Users/amrsaied/Documents/Flutter/PayTab/github/react-native-paytabs-library/example/ios/Pods/Headers/Public/React-oscompat -I/Users/amrsaied/Documents/Flutter/PayTab/github/react-native-paytabs-library/example/ios/Pods/Headers/Public/React-perflogger -I/Users/amrsaied/Documents/Flutter/PayTab/github/react-native-paytabs-library/example/ios/Pods/Headers/Public/React-performancetimeline -I/Users/amrsaied/Documents/Flutter/PayTab/github/react-native-paytabs-library/example/ios/Pods/Headers/Public/React-rendererconsistency -I/Users/amrsaied/Documents/Flutter/PayTab/github/react-native-paytabs-library/example/ios/Pods/Headers/Public/React-rendererdebug -I/Users/amrsaied/Documents/Flutter/PayTab/github/react-native-paytabs-library/example/ios/Pods/Headers/Public/React-runtimeexecutor -I/Users/amrsaied/Documents/Flutter/PayTab/github/react-native-paytabs-library/example/ios/Pods/Headers/Public/React-runtimescheduler -I/Users/amrsaied/Documents/Flutter/PayTab/github/react-native-paytabs-library/example/ios/Pods/Headers/Public/React-timing -I/Users/amrsaied/Documents/Flutter/PayTab/github/react-native-paytabs-library/example/ios/Pods/Headers/Public/React-utils -I/Users/amrsaied/Documents/Flutter/PayTab/github/react-native-paytabs-library/example/ios/Pods/Headers/Public/ReactCommon -I/Users/amrsaied/Documents/Flutter/PayTab/github/react-native-paytabs-library/example/ios/Pods/Headers/Public/Yoga -I/Users/amrsaied/Documents/Flutter/PayTab/github/react-native-paytabs-library/example/ios/Pods/Headers/Public/boost -I/Users/amrsaied/Documents/Flutter/PayTab/github/react-native-paytabs-library/example/ios/Pods/Headers/Public/fast_float -I/Users/amrsaied/Documents/Flutter/PayTab/github/react-native-paytabs-library/example/ios/Pods/Headers/Public/fmt -I/Users/amrsaied/Documents/Flutter/PayTab/github/react-native-paytabs-library/example/ios/Pods/Headers/Public/glog -I/Users/amrsaied/Documents/Flutter/PayTab/github/react-native-paytabs-library/example/ios/Pods/Headers/Public/hermes-engine -I/Users/amrsaied/Documents/Flutter/PayTab/github/react-native-paytabs-library/example/ios/Pods/RCT-Folly -I/Users/amrsaied/DerivedData/PaymentsdkExample-fihmfcmcdadiqyacsuppipgwcqpk/Build/Products/Debug-iphonesimulator/React-RCTFBReactNativeSpec/React_RCTFBReactNativeSpec.framework/Headers -I/Users/amrsaied/DerivedData/PaymentsdkExample-fihmfcmcdadiqyacsuppipgwcqpk/Build/Intermediates.noindex/Pods.build/Debug-iphonesimulator/React-microtasksnativemodule.build/DerivedSources-normal/arm64 -I/Users/amrsaied/DerivedData/PaymentsdkExample-fihmfcmcdadiqyacsuppipgwcqpk/Build/Intermediates.noindex/Pods.build/Debug-iphonesimulator/React-microtasksnativemodule.build/DerivedSources/arm64 -I/Users/amrsaied/DerivedData/PaymentsdkExample-fihmfcmcdadiqyacsuppipgwcqpk/Build/Intermediates.noindex/Pods.build/Debug-iphonesimulator/React-microtasksnativemodule.build/DerivedSources -F/Users/amrsaied/DerivedData/PaymentsdkExample-fihmfcmcdadiqyacsuppipgwcqpk/Build/Products/Debug-iphonesimulator/React-microtasksnativemodule -F/Users/amrsaied/Documents/Flutter/PayTab/github/react-native-paytabs-library/example/ios/Pods/hermes-engine/destroot/Library/Frameworks/universal -F/Users/amrsaied/DerivedData/PaymentsdkExample-fihmfcmcdadiqyacsuppipgwcqpk/Build/Products/Debug-iphonesimulator/XCFrameworkIntermediates/hermes-engine/Pre-built '-fmodule-map-file=/Users/amrsaied/Documents/Flutter/PayTab/github/react-native-paytabs-library/example/ios/Pods/Headers/Public/RCTDeprecation/RCTDeprecation.modulemap' '-fmodule-map-file=/Users/amrsaied/Documents/Flutter/PayTab/github/react-native-paytabs-library/example/ios/Pods/Headers/Public/RCTTypeSafety/RCTTypeSafety.modulemap' '-fmodule-map-file=/Users/amrsaied/Documents/Flutter/PayTab/github/react-native-paytabs-library/example/ios/Pods/Headers/Public/React/React-Core.modulemap' '-fmodule-map-file=/Users/amrsaied/Documents/Flutter/PayTab/github/react-native-paytabs-library/example/ios/Pods/Headers/Public/ReactCommon/ReactCommon.modulemap' '-fmodule-map-file=/Users/amrsaied/Documents/Flutter/PayTab/github/react-native-paytabs-library/example/ios/Pods/Headers/Public/React_NativeModulesApple/React-NativeModulesApple.modulemap' '-fmodule-map-file=/Users/amrsaied/Documents/Flutter/PayTab/github/react-native-paytabs-library/example/ios/Pods/Headers/Public/folly/RCT-Folly.modulemap' '-fmodule-map-file=/Users/amrsaied/Documents/Flutter/PayTab/github/react-native-paytabs-library/example/ios/Pods/Headers/Public/jsi/React-jsi.modulemap' '-fmodule-map-file=/Users/amrsaied/Documents/Flutter/PayTab/github/react-native-paytabs-library/example/ios/Pods/Headers/Public/jsinspector_modern/React-jsinspector.modulemap' '-fmodule-map-file=/Users/amrsaied/Documents/Flutter/PayTab/github/react-native-paytabs-library/example/ios/Pods/Headers/Public/jsinspector_modern_tracing/React-jsinspectortracing.modulemap' '-fmodule-map-file=/Users/amrsaied/Documents/Flutter/PayTab/github/react-native-paytabs-library/example/ios/Pods/Headers/Public/react_debug/React-debug.modulemap' '-fmodule-map-file=/Users/amrsaied/Documents/Flutter/PayTab/github/react-native-paytabs-library/example/ios/Pods/Headers/Public/react_featureflags/React-featureflags.modulemap' '-fmodule-map-file=/Users/amrsaied/Documents/Flutter/PayTab/github/react-native-paytabs-library/example/ios/Pods/Headers/Public/react_renderer_debug/React-rendererdebug.modulemap' '-fmodule-map-file=/Users/amrsaied/Documents/Flutter/PayTab/github/react-native-paytabs-library/example/ios/Pods/Headers/Public/react_runtime/React-jsitooling.modulemap' '-fmodule-map-file=/Users/amrsaied/Documents/Flutter/PayTab/github/react-native-paytabs-library/example/ios/Pods/Headers/Public/react_utils/React-utils.modulemap' '-fmodule-map-file=/Users/amrsaied/Documents/Flutter/PayTab/github/react-native-paytabs-library/example/ios/Pods/Headers/Public/reacthermes/React-hermes.modulemap' '-fmodule-map-file=/Users/amrsaied/Documents/Flutter/PayTab/github/react-native-paytabs-library/example/ios/Pods/Headers/Public/yoga/Yoga.modulemap' -DFOLLY_NO_CONFIG '-DFOLLY_MOBILE=1' '-DFOLLY_USE_LIBCPP=1' '-DFOLLY_CFG_NO_COROUTINES=1' '-DFOLLY_HAVE_CLOCK_GETTIME=1'

WriteAuxiliaryFile /Users/amrsaied/DerivedData/PaymentsdkExample-fihmfcmcdadiqyacsuppipgwcqpk/Build/Intermediates.noindex/Pods.build/Debug-iphonesimulator/React-microtasksnativemodule.build/Objects-normal/arm64/82b82416624d2658e5098eb0a28c15c5-common-args.resp (in target 'React-microtasksnativemodule' from project 'Pods')
    cd /Users/amrsaied/Documents/Flutter/PayTab/github/react-native-paytabs-library/example/ios/Pods
    write-file /Users/amrsaied/DerivedData/PaymentsdkExample-fihmfcmcdadiqyacsuppipgwcqpk/Build/Intermediates.noindex/Pods.build/Debug-iphonesimulator/React-microtasksnativemodule.build/Objects-normal/arm64/82b82416624d2658e5098eb0a28c15c5-common-args.resp
-target arm64-apple-ios15.1-simulator '-std=c++20' '-stdlib=libc++' -fmodules -fno-cxx-modules '-fmodules-cache-path=/Users/amrsaied/DerivedData/ModuleCache.noindex' '-fmodule-name=react_nativemodule_microtasks' '-D_LIBCPP_HARDENING_MODE=_LIBCPP_HARDENING_MODE_DEBUG' -fpascal-strings -O0 -fno-common '-DPOD_CONFIGURATION_DEBUG=1' '-DDEBUG=1' '-DCOCOAPODS=1' -isysroot /Applications/Xcode.app/Contents/Developer/Platforms/iPhoneSimulator.platform/Developer/SDKs/iPhoneSimulator26.2.sdk -g -iquote /Users/amrsaied/DerivedData/PaymentsdkExample-fihmfcmcdadiqyacsuppipgwcqpk/Build/Intermediates.noindex/Pods.build/Debug-iphonesimulator/React-microtasksnativemodule.build/React-microtasksnativemodule-generated-files.hmap -I/Users/amrsaied/DerivedData/PaymentsdkExample-fihmfcmcdadiqyacsuppipgwcqpk/Build/Intermediates.noindex/Pods.build/Debug-iphonesimulator/React-microtasksnativemodule.build/React-microtasksnativemodule-own-target-headers.hmap -I/Users/amrsaied/DerivedData/PaymentsdkExample-fihmfcmcdadiqyacsuppipgwcqpk/Build/Intermediates.noindex/Pods.build/Debug-iphonesimulator/React-microtasksnativemodule.build/React-microtasksnativemodule-all-non-framework-target-headers.hmap -ivfsoverlay /Users/amrsaied/DerivedData/PaymentsdkExample-fihmfcmcdadiqyacsuppipgwcqpk/Build/Intermediates.noindex/Pods.build/Debug-iphonesimulator/Pods-8699adb1dd336b26511df848a716bd42-VFS-iphonesimulator/all-product-headers.yaml -iquote /Users/amrsaied/DerivedData/PaymentsdkExample-fihmfcmcdadiqyacsuppipgwcqpk/Build/Intermediates.noindex/Pods.build/Debug-iphonesimulator/React-microtasksnativemodule.build/React-microtasksnativemodule-project-headers.hmap -I/Users/amrsaied/DerivedData/PaymentsdkExample-fihmfcmcdadiqyacsuppipgwcqpk/Build/Products/Debug-iphonesimulator/React-microtasksnativemodule/include -I/Users/amrsaied/Documents/Flutter/PayTab/github/react-native-paytabs-library/example/ios/Pods/Headers/Private -I/Users/amrsaied/Documents/Flutter/PayTab/github/react-native-paytabs-library/example/ios/Pods/Headers/Private/React-microtasksnativemodule -I/Users/amrsaied/Documents/Flutter/PayTab/github/react-native-paytabs-library/example/ios/Pods/Headers/Public -I/Users/amrsaied/Documents/Flutter/PayTab/github/react-native-paytabs-library/example/ios/Pods/Headers/Public/DoubleConversion -I/Users/amrsaied/Documents/Flutter/PayTab/github/react-native-paytabs-library/example/ios/Pods/Headers/Public/FBLazyVector -I/Users/amrsaied/Documents/Flutter/PayTab/github/react-native-paytabs-library/example/ios/Pods/Headers/Public/RCT-Folly -I/Users/amrsaied/Documents/Flutter/PayTab/github/react-native-paytabs-library/example/ios/Pods/Headers/Public/RCTRequired -I/Users/amrsaied/Documents/Flutter/PayTab/github/react-native-paytabs-library/example/ios/Pods/Headers/Public/RCTTypeSafety -I/Users/amrsaied/Documents/Flutter/PayTab/github/react-native-paytabs-library/example/ios/Pods/Headers/Public/React-Core -I/Users/amrsaied/Documents/Flutter/PayTab/github/react-native-paytabs-library/example/ios/Pods/Headers/Public/React-NativeModulesApple -I/Users/amrsaied/Documents/Flutter/PayTab/github/react-native-paytabs-library/example/ios/Pods/Headers/Public/React-RCTFBReactNativeSpec -I/Users/amrsaied/Documents/Flutter/PayTab/github/react-native-paytabs-library/example/ios/Pods/Headers/Public/React-callinvoker -I/Users/amrsaied/Documents/Flutter/PayTab/github/react-native-paytabs-library/example/ios/Pods/Headers/Public/React-cxxreact -I/Users/amrsaied/Documents/Flutter/PayTab/github/react-native-paytabs-library/example/ios/Pods/Headers/Public/React-debug -I/Users/amrsaied/Documents/Flutter/PayTab/github/react-native-paytabs-library/example/ios/Pods/Headers/Public/React-featureflags -I/Users/amrsaied/Documents/Flutter/PayTab/github/react-native-paytabs-library/example/ios/Pods/Headers/Public/React-hermes -I/Users/amrsaied/Documents/Flutter/PayTab/github/react-native-paytabs-library/example/ios/Pods/Headers/Public/React-jsi -I/Users/amrsaied/Documents/Flutter/PayTab/github/react-native-paytabs-library/example/ios/Pods/Headers/Public/React-jsiexecutor -I/Users/amrsaied/Documents/Flutter/PayTab/github/react-native-paytabs-library/example/ios/Pods/Headers/Public/React-jsinspector -I/Users/amrsaied/Documents/Flutter/PayTab/github/react-native-paytabs-library/example/ios/Pods/Headers/Public/React-jsinspectortracing -I/Users/amrsaied/Documents/Flutter/PayTab/github/react-native-paytabs-library/example/ios/Pods/Headers/Public/React-jsitooling -I/Users/amrsaied/Documents/Flutter/PayTab/github/react-native-paytabs-library/example/ios/Pods/Headers/Public/React-logger -I/Users/amrsaied/Documents/Flutter/PayTab/github/react-native-paytabs-library/example/ios/Pods/Headers/Public/React-microtasksnativemodule -I/Users/amrsaied/Documents/Flutter/PayTab/github/react-native-paytabs-library/example/ios/Pods/Headers/Public/React-oscompat -I/Users/amrsaied/Documents/Flutter/PayTab/github/react-native-paytabs-library/example/ios/Pods/Headers/Public/React-perflogger -I/Users/amrsaied/Documents/Flutter/PayTab/github/react-native-paytabs-library/example/ios/Pods/Headers/Public/React-performancetimeline -I/Users/amrsaied/Documents/Flutter/PayTab/github/react-native-paytabs-library/example/ios/Pods/Headers/Public/React-rendererconsistency -I/Users/amrsaied/Documents/Flutter/PayTab/github/react-native-paytabs-library/example/ios/Pods/Headers/Public/React-rendererdebug -I/Users/amrsaied/Documents/Flutter/PayTab/github/react-native-paytabs-library/example/ios/Pods/Headers/Public/React-runtimeexecutor -I/Users/amrsaied/Documents/Flutter/PayTab/github/react-native-paytabs-library/example/ios/Pods/Headers/Public/React-runtimescheduler -I/Users/amrsaied/Documents/Flutter/PayTab/github/react-native-paytabs-library/example/ios/Pods/Headers/Public/React-timing -I/Users/amrsaied/Documents/Flutter/PayTab/github/react-native-paytabs-library/example/ios/Pods/Headers/Public/React-utils -I/Users/amrsaied/Documents/Flutter/PayTab/github/react-native-paytabs-library/example/ios/Pods/Headers/Public/ReactCommon -I/Users/amrsaied/Documents/Flutter/PayTab/github/react-native-paytabs-library/example/ios/Pods/Headers/Public/Yoga -I/Users/amrsaied/Documents/Flutter/PayTab/github/react-native-paytabs-library/example/ios/Pods/Headers/Public/boost -I/Users/amrsaied/Documents/Flutter/PayTab/github/react-native-paytabs-library/example/ios/Pods/Headers/Public/fast_float -I/Users/amrsaied/Documents/Flutter/PayTab/github/react-native-paytabs-library/example/ios/Pods/Headers/Public/fmt -I/Users/amrsaied/Documents/Flutter/PayTab/github/react-native-paytabs-library/example/ios/Pods/Headers/Public/glog -I/Users/amrsaied/Documents/Flutter/PayTab/github/react-native-paytabs-library/example/ios/Pods/Headers/Public/hermes-engine -I/Users/amrsaied/Documents/Flutter/PayTab/github/react-native-paytabs-library/example/ios/Pods/RCT-Folly -I/Users/amrsaied/DerivedData/PaymentsdkExample-fihmfcmcdadiqyacsuppipgwcqpk/Build/Products/Debug-iphonesimulator/React-RCTFBReactNativeSpec/React_RCTFBReactNativeSpec.framework/Headers -I/Users/amrsaied/DerivedData/PaymentsdkExample-fihmfcmcdadiqyacsuppipgwcqpk/Build/Intermediates.noindex/Pods.build/Debug-iphonesimulator/React-microtasksnativemodule.build/DerivedSources-normal/arm64 -I/Users/amrsaied/DerivedData/PaymentsdkExample-fihmfcmcdadiqyacsuppipgwcqpk/Build/Intermediates.noindex/Pods.build/Debug-iphonesimulator/React-microtasksnativemodule.build/DerivedSources/arm64 -I/Users/amrsaied/DerivedData/PaymentsdkExample-fihmfcmcdadiqyacsuppipgwcqpk/Build/Intermediates.noindex/Pods.build/Debug-iphonesimulator/React-microtasksnativemodule.build/DerivedSources -F/Users/amrsaied/DerivedData/PaymentsdkExample-fihmfcmcdadiqyacsuppipgwcqpk/Build/Products/Debug-iphonesimulator/React-microtasksnativemodule -F/Users/amrsaied/Documents/Flutter/PayTab/github/react-native-paytabs-library/example/ios/Pods/hermes-engine/destroot/Library/Frameworks/universal -F/Users/amrsaied/DerivedData/PaymentsdkExample-fihmfcmcdadiqyacsuppipgwcqpk/Build/Products/Debug-iphonesimulator/XCFrameworkIntermediates/hermes-engine/Pre-built '-fmodule-map-file=/Users/amrsaied/Documents/Flutter/PayTab/github/react-native-paytabs-library/example/ios/Pods/Headers/Public/RCTDeprecation/RCTDeprecation.modulemap' '-fmodule-map-file=/Users/amrsaied/Documents/Flutter/PayTab/github/react-native-paytabs-library/example/ios/Pods/Headers/Public/RCTTypeSafety/RCTTypeSafety.modulemap' '-fmodule-map-file=/Users/amrsaied/Documents/Flutter/PayTab/github/react-native-paytabs-library/example/ios/Pods/Headers/Public/React/React-Core.modulemap' '-fmodule-map-file=/Users/amrsaied/Documents/Flutter/PayTab/github/react-native-paytabs-library/example/ios/Pods/Headers/Public/ReactCommon/ReactCommon.modulemap' '-fmodule-map-file=/Users/amrsaied/Documents/Flutter/PayTab/github/react-native-paytabs-library/example/ios/Pods/Headers/Public/React_NativeModulesApple/React-NativeModulesApple.modulemap' '-fmodule-map-file=/Users/amrsaied/Documents/Flutter/PayTab/github/react-native-paytabs-library/example/ios/Pods/Headers/Public/folly/RCT-Folly.modulemap' '-fmodule-map-file=/Users/amrsaied/Documents/Flutter/PayTab/github/react-native-paytabs-library/example/ios/Pods/Headers/Public/jsi/React-jsi.modulemap' '-fmodule-map-file=/Users/amrsaied/Documents/Flutter/PayTab/github/react-native-paytabs-library/example/ios/Pods/Headers/Public/jsinspector_modern/React-jsinspector.modulemap' '-fmodule-map-file=/Users/amrsaied/Documents/Flutter/PayTab/github/react-native-paytabs-library/example/ios/Pods/Headers/Public/jsinspector_modern_tracing/React-jsinspectortracing.modulemap' '-fmodule-map-file=/Users/amrsaied/Documents/Flutter/PayTab/github/react-native-paytabs-library/example/ios/Pods/Headers/Public/react_debug/React-debug.modulemap' '-fmodule-map-file=/Users/amrsaied/Documents/Flutter/PayTab/github/react-native-paytabs-library/example/ios/Pods/Headers/Public/react_featureflags/React-featureflags.modulemap' '-fmodule-map-file=/Users/amrsaied/Documents/Flutter/PayTab/github/react-native-paytabs-library/example/ios/Pods/Headers/Public/react_renderer_debug/React-rendererdebug.modulemap' '-fmodule-map-file=/Users/amrsaied/Documents/Flutter/PayTab/github/react-native-paytabs-library/example/ios/Pods/Headers/Public/react_runtime/React-jsitooling.modulemap' '-fmodule-map-file=/Users/amrsaied/Documents/Flutter/PayTab/github/react-native-paytabs-library/example/ios/Pods/Headers/Public/react_utils/React-utils.modulemap' '-fmodule-map-file=/Users/amrsaied/Documents/Flutter/PayTab/github/react-native-paytabs-library/example/ios/Pods/Headers/Public/reacthermes/React-hermes.modulemap' '-fmodule-map-file=/Users/amrsaied/Documents/Flutter/PayTab/github/react-native-paytabs-library/example/ios/Pods/Headers/Public/yoga/Yoga.modulemap' -DFOLLY_NO_CONFIG '-DFOLLY_MOBILE=1' '-DFOLLY_USE_LIBCPP=1' '-DFOLLY_CFG_NO_COROUTINES=1' '-DFOLLY_HAVE_CLOCK_GETTIME=1'

WriteAuxiliaryFile /Users/amrsaied/DerivedData/PaymentsdkExample-fihmfcmcdadiqyacsuppipgwcqpk/Build/Intermediates.noindex/Pods.build/Debug-iphonesimulator/React-jsitracing.build/React-jsitracing.hmap (in target 'React-jsitracing' from project 'Pods')
    cd /Users/amrsaied/Documents/Flutter/PayTab/github/react-native-paytabs-library/example/ios/Pods
    write-file /Users/amrsaied/DerivedData/PaymentsdkExample-fihmfcmcdadiqyacsuppipgwcqpk/Build/Intermediates.noindex/Pods.build/Debug-iphonesimulator/React-jsitracing.build/React-jsitracing.hmap

WriteAuxiliaryFile /Users/amrsaied/DerivedData/PaymentsdkExample-fihmfcmcdadiqyacsuppipgwcqpk/Build/Intermediates.noindex/Pods.build/Debug-iphonesimulator/React-jsitracing.build/React-jsitracing.DependencyStaticMetadataFileList (in target 'React-jsitracing' from project 'Pods')
    cd /Users/amrsaied/Documents/Flutter/PayTab/github/react-native-paytabs-library/example/ios/Pods
    write-file /Users/amrsaied/DerivedData/PaymentsdkExample-fihmfcmcdadiqyacsuppipgwcqpk/Build/Intermediates.noindex/Pods.build/Debug-iphonesimulator/React-jsitracing.build/React-jsitracing.DependencyStaticMetadataFileList

WriteAuxiliaryFile /Users/amrsaied/DerivedData/PaymentsdkExample-fihmfcmcdadiqyacsuppipgwcqpk/Build/Intermediates.noindex/Pods.build/Debug-iphonesimulator/React-jsitracing.build/React-jsitracing.DependencyMetadataFileList (in target 'React-jsitracing' from project 'Pods')
    cd /Users/amrsaied/Documents/Flutter/PayTab/github/react-native-paytabs-library/example/ios/Pods
    write-file /Users/amrsaied/DerivedData/PaymentsdkExample-fihmfcmcdadiqyacsuppipgwcqpk/Build/Intermediates.noindex/Pods.build/Debug-iphonesimulator/React-jsitracing.build/React-jsitracing.DependencyMetadataFileList

WriteAuxiliaryFile /Users/amrsaied/DerivedData/PaymentsdkExample-fihmfcmcdadiqyacsuppipgwcqpk/Build/Intermediates.noindex/Pods.build/Debug-iphonesimulator/React-jsitracing.build/React-jsitracing-project-headers.hmap (in target 'React-jsitracing' from project 'Pods')
    cd /Users/amrsaied/Documents/Flutter/PayTab/github/react-native-paytabs-library/example/ios/Pods
    write-file /Users/amrsaied/DerivedData/PaymentsdkExample-fihmfcmcdadiqyacsuppipgwcqpk/Build/Intermediates.noindex/Pods.build/Debug-iphonesimulator/React-jsitracing.build/React-jsitracing-project-headers.hmap

WriteAuxiliaryFile /Users/amrsaied/DerivedData/PaymentsdkExample-fihmfcmcdadiqyacsuppipgwcqpk/Build/Intermediates.noindex/Pods.build/Debug-iphonesimulator/React-jsitracing.build/React-jsitracing-own-target-headers.hmap (in target 'React-jsitracing' from project 'Pods')
    cd /Users/amrsaied/Documents/Flutter/PayTab/github/react-native-paytabs-library/example/ios/Pods
    write-file /Users/amrsaied/DerivedData/PaymentsdkExample-fihmfcmcdadiqyacsuppipgwcqpk/Build/Intermediates.noindex/Pods.build/Debug-iphonesimulator/React-jsitracing.build/React-jsitracing-own-target-headers.hmap

WriteAuxiliaryFile /Users/amrsaied/DerivedData/PaymentsdkExample-fihmfcmcdadiqyacsuppipgwcqpk/Build/Intermediates.noindex/Pods.build/Debug-iphonesimulator/React-jsitracing.build/React-jsitracing-generated-files.hmap (in target 'React-jsitracing' from project 'Pods')
    cd /Users/amrsaied/Documents/Flutter/PayTab/github/react-native-paytabs-library/example/ios/Pods
    write-file /Users/amrsaied/DerivedData/PaymentsdkExample-fihmfcmcdadiqyacsuppipgwcqpk/Build/Intermediates.noindex/Pods.build/Debug-iphonesimulator/React-jsitracing.build/React-jsitracing-generated-files.hmap

WriteAuxiliaryFile /Users/amrsaied/DerivedData/PaymentsdkExample-fihmfcmcdadiqyacsuppipgwcqpk/Build/Intermediates.noindex/Pods.build/Debug-iphonesimulator/React-jsitracing.build/React-jsitracing-all-target-headers.hmap (in target 'React-jsitracing' from project 'Pods')
    cd /Users/amrsaied/Documents/Flutter/PayTab/github/react-native-paytabs-library/example/ios/Pods
    write-file /Users/amrsaied/DerivedData/PaymentsdkExample-fihmfcmcdadiqyacsuppipgwcqpk/Build/Intermediates.noindex/Pods.build/Debug-iphonesimulator/React-jsitracing.build/React-jsitracing-all-target-headers.hmap

WriteAuxiliaryFile /Users/amrsaied/DerivedData/PaymentsdkExample-fihmfcmcdadiqyacsuppipgwcqpk/Build/Intermediates.noindex/Pods.build/Debug-iphonesimulator/React-jsitracing.build/React-jsitracing-all-non-framework-target-headers.hmap (in target 'React-jsitracing' from project 'Pods')
    cd /Users/amrsaied/Documents/Flutter/PayTab/github/react-native-paytabs-library/example/ios/Pods
    write-file /Users/amrsaied/DerivedData/PaymentsdkExample-fihmfcmcdadiqyacsuppipgwcqpk/Build/Intermediates.noindex/Pods.build/Debug-iphonesimulator/React-jsitracing.build/React-jsitracing-all-non-framework-target-headers.hmap

WriteAuxiliaryFile /Users/amrsaied/DerivedData/PaymentsdkExample-fihmfcmcdadiqyacsuppipgwcqpk/Build/Intermediates.noindex/Pods.build/Debug-iphonesimulator/React-jsitracing.build/Objects-normal/arm64/React-jsitracing.LinkFileList (in target 'React-jsitracing' from project 'Pods')
    cd /Users/amrsaied/Documents/Flutter/PayTab/github/react-native-paytabs-library/example/ios/Pods
    write-file /Users/amrsaied/DerivedData/PaymentsdkExample-fihmfcmcdadiqyacsuppipgwcqpk/Build/Intermediates.noindex/Pods.build/Debug-iphonesimulator/React-jsitracing.build/Objects-normal/arm64/React-jsitracing.LinkFileList

WriteAuxiliaryFile /Users/amrsaied/DerivedData/PaymentsdkExample-fihmfcmcdadiqyacsuppipgwcqpk/Build/Intermediates.noindex/Pods.build/Debug-iphonesimulator/React-jsitracing.build/Objects-normal/arm64/e6072d4f65d7061329687fe24e3d63a7-common-args.resp (in target 'React-jsitracing' from project 'Pods')
    cd /Users/amrsaied/Documents/Flutter/PayTab/github/react-native-paytabs-library/example/ios/Pods
    write-file /Users/amrsaied/DerivedData/PaymentsdkExample-fihmfcmcdadiqyacsuppipgwcqpk/Build/Intermediates.noindex/Pods.build/Debug-iphonesimulator/React-jsitracing.build/Objects-normal/arm64/e6072d4f65d7061329687fe24e3d63a7-common-args.resp
-target arm64-apple-ios15.1-simulator '-std=gnu11' -fobjc-arc -fmodules '-fmodules-cache-path=/Users/amrsaied/DerivedData/ModuleCache.noindex' -fpascal-strings -O0 -fno-common -pedantic '-DPOD_CONFIGURATION_DEBUG=1' '-DDEBUG=1' '-DCOCOAPODS=1' '-DOBJC_OLD_DISPATCH_PROTOTYPES=0' -isysroot /Applications/Xcode.app/Contents/Developer/Platforms/iPhoneSimulator.platform/Developer/SDKs/iPhoneSimulator26.2.sdk -g '-fobjc-abi-version=2' -fobjc-legacy-dispatch -iquote /Users/amrsaied/DerivedData/PaymentsdkExample-fihmfcmcdadiqyacsuppipgwcqpk/Build/Intermediates.noindex/Pods.build/Debug-iphonesimulator/React-jsitracing.build/React-jsitracing-generated-files.hmap -I/Users/amrsaied/DerivedData/PaymentsdkExample-fihmfcmcdadiqyacsuppipgwcqpk/Build/Intermediates.noindex/Pods.build/Debug-iphonesimulator/React-jsitracing.build/React-jsitracing-own-target-headers.hmap -I/Users/amrsaied/DerivedData/PaymentsdkExample-fihmfcmcdadiqyacsuppipgwcqpk/Build/Intermediates.noindex/Pods.build/Debug-iphonesimulator/React-jsitracing.build/React-jsitracing-all-non-framework-target-headers.hmap -ivfsoverlay /Users/amrsaied/DerivedData/PaymentsdkExample-fihmfcmcdadiqyacsuppipgwcqpk/Build/Intermediates.noindex/Pods.build/Debug-iphonesimulator/Pods-8699adb1dd336b26511df848a716bd42-VFS-iphonesimulator/all-product-headers.yaml -iquote /Users/amrsaied/DerivedData/PaymentsdkExample-fihmfcmcdadiqyacsuppipgwcqpk/Build/Intermediates.noindex/Pods.build/Debug-iphonesimulator/React-jsitracing.build/React-jsitracing-project-headers.hmap -I/Users/amrsaied/DerivedData/PaymentsdkExample-fihmfcmcdadiqyacsuppipgwcqpk/Build/Products/Debug-iphonesimulator/React-jsitracing/include -I/Users/amrsaied/Documents/Flutter/PayTab/github/react-native-paytabs-library/example/ios/Pods/Headers/Private -I/Users/amrsaied/Documents/Flutter/PayTab/github/react-native-paytabs-library/example/ios/Pods/Headers/Private/React-jsitracing -I/Users/amrsaied/Documents/Flutter/PayTab/github/react-native-paytabs-library/example/ios/Pods/Headers/Public -I/Users/amrsaied/Documents/Flutter/PayTab/github/react-native-paytabs-library/example/ios/Pods/Headers/Public/DoubleConversion -I/Users/amrsaied/Documents/Flutter/PayTab/github/react-native-paytabs-library/example/ios/Pods/Headers/Public/RCT-Folly -I/Users/amrsaied/Documents/Flutter/PayTab/github/react-native-paytabs-library/example/ios/Pods/Headers/Public/React-jsi -I/Users/amrsaied/Documents/Flutter/PayTab/github/react-native-paytabs-library/example/ios/Pods/Headers/Public/React-jsitracing -I/Users/amrsaied/Documents/Flutter/PayTab/github/react-native-paytabs-library/example/ios/Pods/Headers/Public/boost -I/Users/amrsaied/Documents/Flutter/PayTab/github/react-native-paytabs-library/example/ios/Pods/Headers/Public/fast_float -I/Users/amrsaied/Documents/Flutter/PayTab/github/react-native-paytabs-library/example/ios/Pods/Headers/Public/fmt -I/Users/amrsaied/Documents/Flutter/PayTab/github/react-native-paytabs-library/example/ios/Pods/Headers/Public/glog -I/Users/amrsaied/Documents/Flutter/PayTab/github/react-native-paytabs-library/example/ios/Pods/Headers/Public/hermes-engine -I/Users/amrsaied/Documents/Flutter/PayTab/github/react-native-paytabs-library/example/node_modules/react-native/ReactCommon -I/Users/amrsaied/DerivedData/PaymentsdkExample-fihmfcmcdadiqyacsuppipgwcqpk/Build/Intermediates.noindex/Pods.build/Debug-iphonesimulator/React-jsitracing.build/DerivedSources-normal/arm64 -I/Users/amrsaied/DerivedData/PaymentsdkExample-fihmfcmcdadiqyacsuppipgwcqpk/Build/Intermediates.noindex/Pods.build/Debug-iphonesimulator/React-jsitracing.build/DerivedSources/arm64 -I/Users/amrsaied/DerivedData/PaymentsdkExample-fihmfcmcdadiqyacsuppipgwcqpk/Build/Intermediates.noindex/Pods.build/Debug-iphonesimulator/React-jsitracing.build/DerivedSources -F/Users/amrsaied/DerivedData/PaymentsdkExample-fihmfcmcdadiqyacsuppipgwcqpk/Build/Products/Debug-iphonesimulator/React-jsitracing -F/Users/amrsaied/Documents/Flutter/PayTab/github/react-native-paytabs-library/example/ios/Pods/hermes-engine/destroot/Library/Frameworks/universal -F/Users/amrsaied/DerivedData/PaymentsdkExample-fihmfcmcdadiqyacsuppipgwcqpk/Build/Products/Debug-iphonesimulator/XCFrameworkIntermediates/hermes-engine/Pre-built '-fmodule-map-file=/Users/amrsaied/Documents/Flutter/PayTab/github/react-native-paytabs-library/example/ios/Pods/Headers/Public/folly/RCT-Folly.modulemap' '-fmodule-map-file=/Users/amrsaied/Documents/Flutter/PayTab/github/react-native-paytabs-library/example/ios/Pods/Headers/Public/jsi/React-jsi.modulemap'

WriteAuxiliaryFile /Users/amrsaied/DerivedData/PaymentsdkExample-fihmfcmcdadiqyacsuppipgwcqpk/Build/Intermediates.noindex/Pods.build/Debug-iphonesimulator/React-jsitracing.build/Objects-normal/arm64/82b82416624d2658e5098eb0a28c15c5-common-args.resp (in target 'React-jsitracing' from project 'Pods')
    cd /Users/amrsaied/Documents/Flutter/PayTab/github/react-native-paytabs-library/example/ios/Pods
    write-file /Users/amrsaied/DerivedData/PaymentsdkExample-fihmfcmcdadiqyacsuppipgwcqpk/Build/Intermediates.noindex/Pods.build/Debug-iphonesimulator/React-jsitracing.build/Objects-normal/arm64/82b82416624d2658e5098eb0a28c15c5-common-args.resp
-target arm64-apple-ios15.1-simulator '-std=c++20' '-stdlib=libc++' -fmodules -fno-cxx-modules '-fmodules-cache-path=/Users/amrsaied/DerivedData/ModuleCache.noindex' '-D_LIBCPP_HARDENING_MODE=_LIBCPP_HARDENING_MODE_DEBUG' -fpascal-strings -O0 -fno-common -pedantic '-DPOD_CONFIGURATION_DEBUG=1' '-DDEBUG=1' '-DCOCOAPODS=1' -isysroot /Applications/Xcode.app/Contents/Developer/Platforms/iPhoneSimulator.platform/Developer/SDKs/iPhoneSimulator26.2.sdk -g -iquote /Users/amrsaied/DerivedData/PaymentsdkExample-fihmfcmcdadiqyacsuppipgwcqpk/Build/Intermediates.noindex/Pods.build/Debug-iphonesimulator/React-jsitracing.build/React-jsitracing-generated-files.hmap -I/Users/amrsaied/DerivedData/PaymentsdkExample-fihmfcmcdadiqyacsuppipgwcqpk/Build/Intermediates.noindex/Pods.build/Debug-iphonesimulator/React-jsitracing.build/React-jsitracing-own-target-headers.hmap -I/Users/amrsaied/DerivedData/PaymentsdkExample-fihmfcmcdadiqyacsuppipgwcqpk/Build/Intermediates.noindex/Pods.build/Debug-iphonesimulator/React-jsitracing.build/React-jsitracing-all-non-framework-target-headers.hmap -ivfsoverlay /Users/amrsaied/DerivedData/PaymentsdkExample-fihmfcmcdadiqyacsuppipgwcqpk/Build/Intermediates.noindex/Pods.build/Debug-iphonesimulator/Pods-8699adb1dd336b26511df848a716bd42-VFS-iphonesimulator/all-product-headers.yaml -iquote /Users/amrsaied/DerivedData/PaymentsdkExample-fihmfcmcdadiqyacsuppipgwcqpk/Build/Intermediates.noindex/Pods.build/Debug-iphonesimulator/React-jsitracing.build/React-jsitracing-project-headers.hmap -I/Users/amrsaied/DerivedData/PaymentsdkExample-fihmfcmcdadiqyacsuppipgwcqpk/Build/Products/Debug-iphonesimulator/React-jsitracing/include -I/Users/amrsaied/Documents/Flutter/PayTab/github/react-native-paytabs-library/example/ios/Pods/Headers/Private -I/Users/amrsaied/Documents/Flutter/PayTab/github/react-native-paytabs-library/example/ios/Pods/Headers/Private/React-jsitracing -I/Users/amrsaied/Documents/Flutter/PayTab/github/react-native-paytabs-library/example/ios/Pods/Headers/Public -I/Users/amrsaied/Documents/Flutter/PayTab/github/react-native-paytabs-library/example/ios/Pods/Headers/Public/DoubleConversion -I/Users/amrsaied/Documents/Flutter/PayTab/github/react-native-paytabs-library/example/ios/Pods/Headers/Public/RCT-Folly -I/Users/amrsaied/Documents/Flutter/PayTab/github/react-native-paytabs-library/example/ios/Pods/Headers/Public/React-jsi -I/Users/amrsaied/Documents/Flutter/PayTab/github/react-native-paytabs-library/example/ios/Pods/Headers/Public/React-jsitracing -I/Users/amrsaied/Documents/Flutter/PayTab/github/react-native-paytabs-library/example/ios/Pods/Headers/Public/boost -I/Users/amrsaied/Documents/Flutter/PayTab/github/react-native-paytabs-library/example/ios/Pods/Headers/Public/fast_float -I/Users/amrsaied/Documents/Flutter/PayTab/github/react-native-paytabs-library/example/ios/Pods/Headers/Public/fmt -I/Users/amrsaied/Documents/Flutter/PayTab/github/react-native-paytabs-library/example/ios/Pods/Headers/Public/glog -I/Users/amrsaied/Documents/Flutter/PayTab/github/react-native-paytabs-library/example/ios/Pods/Headers/Public/hermes-engine -I/Users/amrsaied/Documents/Flutter/PayTab/github/react-native-paytabs-library/example/node_modules/react-native/ReactCommon -I/Users/amrsaied/DerivedData/PaymentsdkExample-fihmfcmcdadiqyacsuppipgwcqpk/Build/Intermediates.noindex/Pods.build/Debug-iphonesimulator/React-jsitracing.build/DerivedSources-normal/arm64 -I/Users/amrsaied/DerivedData/PaymentsdkExample-fihmfcmcdadiqyacsuppipgwcqpk/Build/Intermediates.noindex/Pods.build/Debug-iphonesimulator/React-jsitracing.build/DerivedSources/arm64 -I/Users/amrsaied/DerivedData/PaymentsdkExample-fihmfcmcdadiqyacsuppipgwcqpk/Build/Intermediates.noindex/Pods.build/Debug-iphonesimulator/React-jsitracing.build/DerivedSources -F/Users/amrsaied/DerivedData/PaymentsdkExample-fihmfcmcdadiqyacsuppipgwcqpk/Build/Products/Debug-iphonesimulator/React-jsitracing -F/Users/amrsaied/Documents/Flutter/PayTab/github/react-native-paytabs-library/example/ios/Pods/hermes-engine/destroot/Library/Frameworks/universal -F/Users/amrsaied/DerivedData/PaymentsdkExample-fihmfcmcdadiqyacsuppipgwcqpk/Build/Products/Debug-iphonesimulator/XCFrameworkIntermediates/hermes-engine/Pre-built '-fmodule-map-file=/Users/amrsaied/Documents/Flutter/PayTab/github/react-native-paytabs-library/example/ios/Pods/Headers/Public/folly/RCT-Folly.modulemap' '-fmodule-map-file=/Users/amrsaied/Documents/Flutter/PayTab/github/react-native-paytabs-library/example/ios/Pods/Headers/Public/jsi/React-jsi.modulemap'

CreateBuildDirectory /Users/amrsaied/DerivedData/PaymentsdkExample-fihmfcmcdadiqyacsuppipgwcqpk/Build/Products/Debug-iphonesimulator/React-jsitooling
    cd /Users/amrsaied/Documents/Flutter/PayTab/github/react-native-paytabs-library/example/ios
    builtin-create-build-directory /Users/amrsaied/DerivedData/PaymentsdkExample-fihmfcmcdadiqyacsuppipgwcqpk/Build/Products/Debug-iphonesimulator/React-jsitooling

CreateBuildDirectory /Users/amrsaied/DerivedData/PaymentsdkExample-fihmfcmcdadiqyacsuppipgwcqpk/Build/Products/Debug-iphonesimulator/React-jsinspectortracing
    cd /Users/amrsaied/Documents/Flutter/PayTab/github/react-native-paytabs-library/example/ios
    builtin-create-build-directory /Users/amrsaied/DerivedData/PaymentsdkExample-fihmfcmcdadiqyacsuppipgwcqpk/Build/Products/Debug-iphonesimulator/React-jsinspectortracing

CompileC /Users/amrsaied/DerivedData/PaymentsdkExample-fihmfcmcdadiqyacsuppipgwcqpk/Build/Intermediates.noindex/Pods.build/Debug-iphonesimulator/glog.build/Objects-normal/arm64/vlog_is_on.o /Users/amrsaied/Documents/Flutter/PayTab/github/react-native-paytabs-library/example/ios/Pods/glog/src/vlog_is_on.cc normal arm64 c++ com.apple.compilers.llvm.clang.1_0.compiler (in target 'glog' from project 'Pods')
    cd /Users/amrsaied/Documents/Flutter/PayTab/github/react-native-paytabs-library/example/ios/Pods
    
    Using response file: /Users/amrsaied/DerivedData/PaymentsdkExample-fihmfcmcdadiqyacsuppipgwcqpk/Build/Intermediates.noindex/Pods.build/Debug-iphonesimulator/glog.build/Objects-normal/arm64/82b82416624d2658e5098eb0a28c15c5-common-args.resp
    
    /Applications/Xcode.app/Contents/Developer/Toolchains/XcodeDefault.xctoolchain/usr/bin/clang -x c++ -ivfsstatcache /Users/amrsaied/DerivedData/SDKStatCaches.noindex/iphonesimulator26.2-23C53-7d00a8b37fbd7999ea79df8ebc024bf0.sdkstatcache -fmessage-length\=0 -fdiagnostics-show-note-include-stack -fmacro-backtrace-limit\=0 -fno-color-diagnostics -fmodules-prune-interval\=86400 -fmodules-prune-after\=345600 -fbuild-session-file\=/Users/amrsaied/DerivedData/ModuleCache.noindex/Session.modulevalidation -fmodules-validate-once-per-build-session -Wnon-modular-include-in-framework-module -Werror\=non-modular-include-in-framework-module -Wno-trigraphs -Wno-missing-field-initializers -Wno-missing-prototypes -Werror\=return-type -Wdocumentation -Wunreachable-code -Werror\=deprecated-objc-isa-usage -Werror\=objc-root-class -Wno-non-virtual-dtor -Wno-overloaded-virtual -Wno-exit-time-destructors -Wno-missing-braces -Wparentheses -Wswitch -Wunused-function -Wno-unused-label -Wno-unused-parameter -Wunused-variable -Wunused-value -Wempty-body -Wuninitialized -Wconditional-uninitialized -Wno-unknown-pragmas -Wno-shadow -Wno-four-char-constants -Wno-conversion -Wconstant-conversion -Wint-conversion -Wbool-conversion -Wenum-conversion -Wno-float-conversion -Wnon-literal-null-conversion -Wobjc-literal-conversion -Wshorten-64-to-32 -Wno-newline-eof -Wno-c++11-extensions -Wno-implicit-fallthrough -fstrict-aliasing -Wdeprecated-declarations -Winvalid-offsetof -Wno-sign-conversion -Winfinite-recursion -Wmove -Wcomma -Wblock-capture-autoreleasing -Wstrict-prototypes -Wrange-loop-analysis -Wno-semicolon-before-method-body -Wunguarded-availability -index-store-path /Users/amrsaied/DerivedData/PaymentsdkExample-fihmfcmcdadiqyacsuppipgwcqpk/Index.noindex/DataStore @/Users/amrsaied/DerivedData/PaymentsdkExample-fihmfcmcdadiqyacsuppipgwcqpk/Build/Intermediates.noindex/Pods.build/Debug-iphonesimulator/glog.build/Objects-normal/arm64/82b82416624d2658e5098eb0a28c15c5-common-args.resp -Wno-shorten-64-to-32 -include /Users/amrsaied/Documents/Flutter/PayTab/github/react-native-paytabs-library/example/ios/Pods/Target\ Support\ Files/glog/glog-prefix.pch -MMD -MT dependencies -MF /Users/amrsaied/DerivedData/PaymentsdkExample-fihmfcmcdadiqyacsuppipgwcqpk/Build/Intermediates.noindex/Pods.build/Debug-iphonesimulator/glog.build/Objects-normal/arm64/vlog_is_on.d --serialize-diagnostics /Users/amrsaied/DerivedData/PaymentsdkExample-fihmfcmcdadiqyacsuppipgwcqpk/Build/Intermediates.noindex/Pods.build/Debug-iphonesimulator/glog.build/Objects-normal/arm64/vlog_is_on.dia -c /Users/amrsaied/Documents/Flutter/PayTab/github/react-native-paytabs-library/example/ios/Pods/glog/src/vlog_is_on.cc -o /Users/amrsaied/DerivedData/PaymentsdkExample-fihmfcmcdadiqyacsuppipgwcqpk/Build/Intermediates.noindex/Pods.build/Debug-iphonesimulator/glog.build/Objects-normal/arm64/vlog_is_on.o -index-unit-output-path /Pods.build/Debug-iphonesimulator/glog.build/Objects-normal/arm64/vlog_is_on.o

CompileC /Users/amrsaied/DerivedData/PaymentsdkExample-fihmfcmcdadiqyacsuppipgwcqpk/Build/Intermediates.noindex/Pods.build/Debug-iphonesimulator/glog.build/Objects-normal/arm64/utilities.o /Users/amrsaied/Documents/Flutter/PayTab/github/react-native-paytabs-library/example/ios/Pods/glog/src/utilities.cc normal arm64 c++ com.apple.compilers.llvm.clang.1_0.compiler (in target 'glog' from project 'Pods')
    cd /Users/amrsaied/Documents/Flutter/PayTab/github/react-native-paytabs-library/example/ios/Pods
    
    Using response file: /Users/amrsaied/DerivedData/PaymentsdkExample-fihmfcmcdadiqyacsuppipgwcqpk/Build/Intermediates.noindex/Pods.build/Debug-iphonesimulator/glog.build/Objects-normal/arm64/82b82416624d2658e5098eb0a28c15c5-common-args.resp
    
    /Applications/Xcode.app/Contents/Developer/Toolchains/XcodeDefault.xctoolchain/usr/bin/clang -x c++ -ivfsstatcache /Users/amrsaied/DerivedData/SDKStatCaches.noindex/iphonesimulator26.2-23C53-7d00a8b37fbd7999ea79df8ebc024bf0.sdkstatcache -fmessage-length\=0 -fdiagnostics-show-note-include-stack -fmacro-backtrace-limit\=0 -fno-color-diagnostics -fmodules-prune-interval\=86400 -fmodules-prune-after\=345600 -fbuild-session-file\=/Users/amrsaied/DerivedData/ModuleCache.noindex/Session.modulevalidation -fmodules-validate-once-per-build-session -Wnon-modular-include-in-framework-module -Werror\=non-modular-include-in-framework-module -Wno-trigraphs -Wno-missing-field-initializers -Wno-missing-prototypes -Werror\=return-type -Wdocumentation -Wunreachable-code -Werror\=deprecated-objc-isa-usage -Werror\=objc-root-class -Wno-non-virtual-dtor -Wno-overloaded-virtual -Wno-exit-time-destructors -Wno-missing-braces -Wparentheses -Wswitch -Wunused-function -Wno-unused-label -Wno-unused-parameter -Wunused-variable -Wunused-value -Wempty-body -Wuninitialized -Wconditional-uninitialized -Wno-unknown-pragmas -Wno-shadow -Wno-four-char-constants -Wno-conversion -Wconstant-conversion -Wint-conversion -Wbool-conversion -Wenum-conversion -Wno-float-conversion -Wnon-literal-null-conversion -Wobjc-literal-conversion -Wshorten-64-to-32 -Wno-newline-eof -Wno-c++11-extensions -Wno-implicit-fallthrough -fstrict-aliasing -Wdeprecated-declarations -Winvalid-offsetof -Wno-sign-conversion -Winfinite-recursion -Wmove -Wcomma -Wblock-capture-autoreleasing -Wstrict-prototypes -Wrange-loop-analysis -Wno-semicolon-before-method-body -Wunguarded-availability -index-store-path /Users/amrsaied/DerivedData/PaymentsdkExample-fihmfcmcdadiqyacsuppipgwcqpk/Index.noindex/DataStore @/Users/amrsaied/DerivedData/PaymentsdkExample-fihmfcmcdadiqyacsuppipgwcqpk/Build/Intermediates.noindex/Pods.build/Debug-iphonesimulator/glog.build/Objects-normal/arm64/82b82416624d2658e5098eb0a28c15c5-common-args.resp -Wno-shorten-64-to-32 -include /Users/amrsaied/Documents/Flutter/PayTab/github/react-native-paytabs-library/example/ios/Pods/Target\ Support\ Files/glog/glog-prefix.pch -MMD -MT dependencies -MF /Users/amrsaied/DerivedData/PaymentsdkExample-fihmfcmcdadiqyacsuppipgwcqpk/Build/Intermediates.noindex/Pods.build/Debug-iphonesimulator/glog.build/Objects-normal/arm64/utilities.d --serialize-diagnostics /Users/amrsaied/DerivedData/PaymentsdkExample-fihmfcmcdadiqyacsuppipgwcqpk/Build/Intermediates.noindex/Pods.build/Debug-iphonesimulator/glog.build/Objects-normal/arm64/utilities.dia -c /Users/amrsaied/Documents/Flutter/PayTab/github/react-native-paytabs-library/example/ios/Pods/glog/src/utilities.cc -o /Users/amrsaied/DerivedData/PaymentsdkExample-fihmfcmcdadiqyacsuppipgwcqpk/Build/Intermediates.noindex/Pods.build/Debug-iphonesimulator/glog.build/Objects-normal/arm64/utilities.o -index-unit-output-path /Pods.build/Debug-iphonesimulator/glog.build/Objects-normal/arm64/utilities.o

CompileC /Users/amrsaied/DerivedData/PaymentsdkExample-fihmfcmcdadiqyacsuppipgwcqpk/Build/Intermediates.noindex/Pods.build/Debug-iphonesimulator/glog.build/Objects-normal/arm64/symbolize.o /Users/amrsaied/Documents/Flutter/PayTab/github/react-native-paytabs-library/example/ios/Pods/glog/src/symbolize.cc normal arm64 c++ com.apple.compilers.llvm.clang.1_0.compiler (in target 'glog' from project 'Pods')
    cd /Users/amrsaied/Documents/Flutter/PayTab/github/react-native-paytabs-library/example/ios/Pods
    
    Using response file: /Users/amrsaied/DerivedData/PaymentsdkExample-fihmfcmcdadiqyacsuppipgwcqpk/Build/Intermediates.noindex/Pods.build/Debug-iphonesimulator/glog.build/Objects-normal/arm64/82b82416624d2658e5098eb0a28c15c5-common-args.resp
    
    /Applications/Xcode.app/Contents/Developer/Toolchains/XcodeDefault.xctoolchain/usr/bin/clang -x c++ -ivfsstatcache /Users/amrsaied/DerivedData/SDKStatCaches.noindex/iphonesimulator26.2-23C53-7d00a8b37fbd7999ea79df8ebc024bf0.sdkstatcache -fmessage-length\=0 -fdiagnostics-show-note-include-stack -fmacro-backtrace-limit\=0 -fno-color-diagnostics -fmodules-prune-interval\=86400 -fmodules-prune-after\=345600 -fbuild-session-file\=/Users/amrsaied/DerivedData/ModuleCache.noindex/Session.modulevalidation -fmodules-validate-once-per-build-session -Wnon-modular-include-in-framework-module -Werror\=non-modular-include-in-framework-module -Wno-trigraphs -Wno-missing-field-initializers -Wno-missing-prototypes -Werror\=return-type -Wdocumentation -Wunreachable-code -Werror\=deprecated-objc-isa-usage -Werror\=objc-root-class -Wno-non-virtual-dtor -Wno-overloaded-virtual -Wno-exit-time-destructors -Wno-missing-braces -Wparentheses -Wswitch -Wunused-function -Wno-unused-label -Wno-unused-parameter -Wunused-variable -Wunused-value -Wempty-body -Wuninitialized -Wconditional-uninitialized -Wno-unknown-pragmas -Wno-shadow -Wno-four-char-constants -Wno-conversion -Wconstant-conversion -Wint-conversion -Wbool-conversion -Wenum-conversion -Wno-float-conversion -Wnon-literal-null-conversion -Wobjc-literal-conversion -Wshorten-64-to-32 -Wno-newline-eof -Wno-c++11-extensions -Wno-implicit-fallthrough -fstrict-aliasing -Wdeprecated-declarations -Winvalid-offsetof -Wno-sign-conversion -Winfinite-recursion -Wmove -Wcomma -Wblock-capture-autoreleasing -Wstrict-prototypes -Wrange-loop-analysis -Wno-semicolon-before-method-body -Wunguarded-availability -index-store-path /Users/amrsaied/DerivedData/PaymentsdkExample-fihmfcmcdadiqyacsuppipgwcqpk/Index.noindex/DataStore @/Users/amrsaied/DerivedData/PaymentsdkExample-fihmfcmcdadiqyacsuppipgwcqpk/Build/Intermediates.noindex/Pods.build/Debug-iphonesimulator/glog.build/Objects-normal/arm64/82b82416624d2658e5098eb0a28c15c5-common-args.resp -Wno-shorten-64-to-32 -include /Users/amrsaied/Documents/Flutter/PayTab/github/react-native-paytabs-library/example/ios/Pods/Target\ Support\ Files/glog/glog-prefix.pch -MMD -MT dependencies -MF /Users/amrsaied/DerivedData/PaymentsdkExample-fihmfcmcdadiqyacsuppipgwcqpk/Build/Intermediates.noindex/Pods.build/Debug-iphonesimulator/glog.build/Objects-normal/arm64/symbolize.d --serialize-diagnostics /Users/amrsaied/DerivedData/PaymentsdkExample-fihmfcmcdadiqyacsuppipgwcqpk/Build/Intermediates.noindex/Pods.build/Debug-iphonesimulator/glog.build/Objects-normal/arm64/symbolize.dia -c /Users/amrsaied/Documents/Flutter/PayTab/github/react-native-paytabs-library/example/ios/Pods/glog/src/symbolize.cc -o /Users/amrsaied/DerivedData/PaymentsdkExample-fihmfcmcdadiqyacsuppipgwcqpk/Build/Intermediates.noindex/Pods.build/Debug-iphonesimulator/glog.build/Objects-normal/arm64/symbolize.o -index-unit-output-path /Pods.build/Debug-iphonesimulator/glog.build/Objects-normal/arm64/symbolize.o

CompileC /Users/amrsaied/DerivedData/PaymentsdkExample-fihmfcmcdadiqyacsuppipgwcqpk/Build/Intermediates.noindex/Pods.build/Debug-iphonesimulator/glog.build/Objects-normal/arm64/signalhandler.o /Users/amrsaied/Documents/Flutter/PayTab/github/react-native-paytabs-library/example/ios/Pods/glog/src/signalhandler.cc normal arm64 c++ com.apple.compilers.llvm.clang.1_0.compiler (in target 'glog' from project 'Pods')
    cd /Users/amrsaied/Documents/Flutter/PayTab/github/react-native-paytabs-library/example/ios/Pods
    
    Using response file: /Users/amrsaied/DerivedData/PaymentsdkExample-fihmfcmcdadiqyacsuppipgwcqpk/Build/Intermediates.noindex/Pods.build/Debug-iphonesimulator/glog.build/Objects-normal/arm64/82b82416624d2658e5098eb0a28c15c5-common-args.resp
    
    /Applications/Xcode.app/Contents/Developer/Toolchains/XcodeDefault.xctoolchain/usr/bin/clang -x c++ -ivfsstatcache /Users/amrsaied/DerivedData/SDKStatCaches.noindex/iphonesimulator26.2-23C53-7d00a8b37fbd7999ea79df8ebc024bf0.sdkstatcache -fmessage-length\=0 -fdiagnostics-show-note-include-stack -fmacro-backtrace-limit\=0 -fno-color-diagnostics -fmodules-prune-interval\=86400 -fmodules-prune-after\=345600 -fbuild-session-file\=/Users/amrsaied/DerivedData/ModuleCache.noindex/Session.modulevalidation -fmodules-validate-once-per-build-session -Wnon-modular-include-in-framework-module -Werror\=non-modular-include-in-framework-module -Wno-trigraphs -Wno-missing-field-initializers -Wno-missing-prototypes -Werror\=return-type -Wdocumentation -Wunreachable-code -Werror\=deprecated-objc-isa-usage -Werror\=objc-root-class -Wno-non-virtual-dtor -Wno-overloaded-virtual -Wno-exit-time-destructors -Wno-missing-braces -Wparentheses -Wswitch -Wunused-function -Wno-unused-label -Wno-unused-parameter -Wunused-variable -Wunused-value -Wempty-body -Wuninitialized -Wconditional-uninitialized -Wno-unknown-pragmas -Wno-shadow -Wno-four-char-constants -Wno-conversion -Wconstant-conversion -Wint-conversion -Wbool-conversion -Wenum-conversion -Wno-float-conversion -Wnon-literal-null-conversion -Wobjc-literal-conversion -Wshorten-64-to-32 -Wno-newline-eof -Wno-c++11-extensions -Wno-implicit-fallthrough -fstrict-aliasing -Wdeprecated-declarations -Winvalid-offsetof -Wno-sign-conversion -Winfinite-recursion -Wmove -Wcomma -Wblock-capture-autoreleasing -Wstrict-prototypes -Wrange-loop-analysis -Wno-semicolon-before-method-body -Wunguarded-availability -index-store-path /Users/amrsaied/DerivedData/PaymentsdkExample-fihmfcmcdadiqyacsuppipgwcqpk/Index.noindex/DataStore @/Users/amrsaied/DerivedData/PaymentsdkExample-fihmfcmcdadiqyacsuppipgwcqpk/Build/Intermediates.noindex/Pods.build/Debug-iphonesimulator/glog.build/Objects-normal/arm64/82b82416624d2658e5098eb0a28c15c5-common-args.resp -Wno-shorten-64-to-32 -include /Users/amrsaied/Documents/Flutter/PayTab/github/react-native-paytabs-library/example/ios/Pods/Target\ Support\ Files/glog/glog-prefix.pch -MMD -MT dependencies -MF /Users/amrsaied/DerivedData/PaymentsdkExample-fihmfcmcdadiqyacsuppipgwcqpk/Build/Intermediates.noindex/Pods.build/Debug-iphonesimulator/glog.build/Objects-normal/arm64/signalhandler.d --serialize-diagnostics /Users/amrsaied/DerivedData/PaymentsdkExample-fihmfcmcdadiqyacsuppipgwcqpk/Build/Intermediates.noindex/Pods.build/Debug-iphonesimulator/glog.build/Objects-normal/arm64/signalhandler.dia -c /Users/amrsaied/Documents/Flutter/PayTab/github/react-native-paytabs-library/example/ios/Pods/glog/src/signalhandler.cc -o /Users/amrsaied/DerivedData/PaymentsdkExample-fihmfcmcdadiqyacsuppipgwcqpk/Build/Intermediates.noindex/Pods.build/Debug-iphonesimulator/glog.build/Objects-normal/arm64/signalhandler.o -index-unit-output-path /Pods.build/Debug-iphonesimulator/glog.build/Objects-normal/arm64/signalhandler.o

CompileC /Users/amrsaied/DerivedData/PaymentsdkExample-fihmfcmcdadiqyacsuppipgwcqpk/Build/Intermediates.noindex/Pods.build/Debug-iphonesimulator/glog.build/Objects-normal/arm64/raw_logging.o /Users/amrsaied/Documents/Flutter/PayTab/github/react-native-paytabs-library/example/ios/Pods/glog/src/raw_logging.cc normal arm64 c++ com.apple.compilers.llvm.clang.1_0.compiler (in target 'glog' from project 'Pods')
    cd /Users/amrsaied/Documents/Flutter/PayTab/github/react-native-paytabs-library/example/ios/Pods
    
    Using response file: /Users/amrsaied/DerivedData/PaymentsdkExample-fihmfcmcdadiqyacsuppipgwcqpk/Build/Intermediates.noindex/Pods.build/Debug-iphonesimulator/glog.build/Objects-normal/arm64/82b82416624d2658e5098eb0a28c15c5-common-args.resp
    
    /Applications/Xcode.app/Contents/Developer/Toolchains/XcodeDefault.xctoolchain/usr/bin/clang -x c++ -ivfsstatcache /Users/amrsaied/DerivedData/SDKStatCaches.noindex/iphonesimulator26.2-23C53-7d00a8b37fbd7999ea79df8ebc024bf0.sdkstatcache -fmessage-length\=0 -fdiagnostics-show-note-include-stack -fmacro-backtrace-limit\=0 -fno-color-diagnostics -fmodules-prune-interval\=86400 -fmodules-prune-after\=345600 -fbuild-session-file\=/Users/amrsaied/DerivedData/ModuleCache.noindex/Session.modulevalidation -fmodules-validate-once-per-build-session -Wnon-modular-include-in-framework-module -Werror\=non-modular-include-in-framework-module -Wno-trigraphs -Wno-missing-field-initializers -Wno-missing-prototypes -Werror\=return-type -Wdocumentation -Wunreachable-code -Werror\=deprecated-objc-isa-usage -Werror\=objc-root-class -Wno-non-virtual-dtor -Wno-overloaded-virtual -Wno-exit-time-destructors -Wno-missing-braces -Wparentheses -Wswitch -Wunused-function -Wno-unused-label -Wno-unused-parameter -Wunused-variable -Wunused-value -Wempty-body -Wuninitialized -Wconditional-uninitialized -Wno-unknown-pragmas -Wno-shadow -Wno-four-char-constants -Wno-conversion -Wconstant-conversion -Wint-conversion -Wbool-conversion -Wenum-conversion -Wno-float-conversion -Wnon-literal-null-conversion -Wobjc-literal-conversion -Wshorten-64-to-32 -Wno-newline-eof -Wno-c++11-extensions -Wno-implicit-fallthrough -fstrict-aliasing -Wdeprecated-declarations -Winvalid-offsetof -Wno-sign-conversion -Winfinite-recursion -Wmove -Wcomma -Wblock-capture-autoreleasing -Wstrict-prototypes -Wrange-loop-analysis -Wno-semicolon-before-method-body -Wunguarded-availability -index-store-path /Users/amrsaied/DerivedData/PaymentsdkExample-fihmfcmcdadiqyacsuppipgwcqpk/Index.noindex/DataStore @/Users/amrsaied/DerivedData/PaymentsdkExample-fihmfcmcdadiqyacsuppipgwcqpk/Build/Intermediates.noindex/Pods.build/Debug-iphonesimulator/glog.build/Objects-normal/arm64/82b82416624d2658e5098eb0a28c15c5-common-args.resp -Wno-shorten-64-to-32 -include /Users/amrsaied/Documents/Flutter/PayTab/github/react-native-paytabs-library/example/ios/Pods/Target\ Support\ Files/glog/glog-prefix.pch -MMD -MT dependencies -MF /Users/amrsaied/DerivedData/PaymentsdkExample-fihmfcmcdadiqyacsuppipgwcqpk/Build/Intermediates.noindex/Pods.build/Debug-iphonesimulator/glog.build/Objects-normal/arm64/raw_logging.d --serialize-diagnostics /Users/amrsaied/DerivedData/PaymentsdkExample-fihmfcmcdadiqyacsuppipgwcqpk/Build/Intermediates.noindex/Pods.build/Debug-iphonesimulator/glog.build/Objects-normal/arm64/raw_logging.dia -c /Users/amrsaied/Documents/Flutter/PayTab/github/react-native-paytabs-library/example/ios/Pods/glog/src/raw_logging.cc -o /Users/amrsaied/DerivedData/PaymentsdkExample-fihmfcmcdadiqyacsuppipgwcqpk/Build/Intermediates.noindex/Pods.build/Debug-iphonesimulator/glog.build/Objects-normal/arm64/raw_logging.o -index-unit-output-path /Pods.build/Debug-iphonesimulator/glog.build/Objects-normal/arm64/raw_logging.o

CompileC /Users/amrsaied/DerivedData/PaymentsdkExample-fihmfcmcdadiqyacsuppipgwcqpk/Build/Intermediates.noindex/Pods.build/Debug-iphonesimulator/glog.build/Objects-normal/arm64/logging.o /Users/amrsaied/Documents/Flutter/PayTab/github/react-native-paytabs-library/example/ios/Pods/glog/src/logging.cc normal arm64 c++ com.apple.compilers.llvm.clang.1_0.compiler (in target 'glog' from project 'Pods')
    cd /Users/amrsaied/Documents/Flutter/PayTab/github/react-native-paytabs-library/example/ios/Pods
    
    Using response file: /Users/amrsaied/DerivedData/PaymentsdkExample-fihmfcmcdadiqyacsuppipgwcqpk/Build/Intermediates.noindex/Pods.build/Debug-iphonesimulator/glog.build/Objects-normal/arm64/82b82416624d2658e5098eb0a28c15c5-common-args.resp
    
    /Applications/Xcode.app/Contents/Developer/Toolchains/XcodeDefault.xctoolchain/usr/bin/clang -x c++ -ivfsstatcache /Users/amrsaied/DerivedData/SDKStatCaches.noindex/iphonesimulator26.2-23C53-7d00a8b37fbd7999ea79df8ebc024bf0.sdkstatcache -fmessage-length\=0 -fdiagnostics-show-note-include-stack -fmacro-backtrace-limit\=0 -fno-color-diagnostics -fmodules-prune-interval\=86400 -fmodules-prune-after\=345600 -fbuild-session-file\=/Users/amrsaied/DerivedData/ModuleCache.noindex/Session.modulevalidation -fmodules-validate-once-per-build-session -Wnon-modular-include-in-framework-module -Werror\=non-modular-include-in-framework-module -Wno-trigraphs -Wno-missing-field-initializers -Wno-missing-prototypes -Werror\=return-type -Wdocumentation -Wunreachable-code -Werror\=deprecated-objc-isa-usage -Werror\=objc-root-class -Wno-non-virtual-dtor -Wno-overloaded-virtual -Wno-exit-time-destructors -Wno-missing-braces -Wparentheses -Wswitch -Wunused-function -Wno-unused-label -Wno-unused-parameter -Wunused-variable -Wunused-value -Wempty-body -Wuninitialized -Wconditional-uninitialized -Wno-unknown-pragmas -Wno-shadow -Wno-four-char-constants -Wno-conversion -Wconstant-conversion -Wint-conversion -Wbool-conversion -Wenum-conversion -Wno-float-conversion -Wnon-literal-null-conversion -Wobjc-literal-conversion -Wshorten-64-to-32 -Wno-newline-eof -Wno-c++11-extensions -Wno-implicit-fallthrough -fstrict-aliasing -Wdeprecated-declarations -Winvalid-offsetof -Wno-sign-conversion -Winfinite-recursion -Wmove -Wcomma -Wblock-capture-autoreleasing -Wstrict-prototypes -Wrange-loop-analysis -Wno-semicolon-before-method-body -Wunguarded-availability -index-store-path /Users/amrsaied/DerivedData/PaymentsdkExample-fihmfcmcdadiqyacsuppipgwcqpk/Index.noindex/DataStore @/Users/amrsaied/DerivedData/PaymentsdkExample-fihmfcmcdadiqyacsuppipgwcqpk/Build/Intermediates.noindex/Pods.build/Debug-iphonesimulator/glog.build/Objects-normal/arm64/82b82416624d2658e5098eb0a28c15c5-common-args.resp -Wno-shorten-64-to-32 -include /Users/amrsaied/Documents/Flutter/PayTab/github/react-native-paytabs-library/example/ios/Pods/Target\ Support\ Files/glog/glog-prefix.pch -MMD -MT dependencies -MF /Users/amrsaied/DerivedData/PaymentsdkExample-fihmfcmcdadiqyacsuppipgwcqpk/Build/Intermediates.noindex/Pods.build/Debug-iphonesimulator/glog.build/Objects-normal/arm64/logging.d --serialize-diagnostics /Users/amrsaied/DerivedData/PaymentsdkExample-fihmfcmcdadiqyacsuppipgwcqpk/Build/Intermediates.noindex/Pods.build/Debug-iphonesimulator/glog.build/Objects-normal/arm64/logging.dia -c /Users/amrsaied/Documents/Flutter/PayTab/github/react-native-paytabs-library/example/ios/Pods/glog/src/logging.cc -o /Users/amrsaied/DerivedData/PaymentsdkExample-fihmfcmcdadiqyacsuppipgwcqpk/Build/Intermediates.noindex/Pods.build/Debug-iphonesimulator/glog.build/Objects-normal/arm64/logging.o -index-unit-output-path /Pods.build/Debug-iphonesimulator/glog.build/Objects-normal/arm64/logging.o

CompileC /Users/amrsaied/DerivedData/PaymentsdkExample-fihmfcmcdadiqyacsuppipgwcqpk/Build/Intermediates.noindex/Pods.build/Debug-iphonesimulator/glog.build/Objects-normal/arm64/demangle.o /Users/amrsaied/Documents/Flutter/PayTab/github/react-native-paytabs-library/example/ios/Pods/glog/src/demangle.cc normal arm64 c++ com.apple.compilers.llvm.clang.1_0.compiler (in target 'glog' from project 'Pods')
    cd /Users/amrsaied/Documents/Flutter/PayTab/github/react-native-paytabs-library/example/ios/Pods
    
    Using response file: /Users/amrsaied/DerivedData/PaymentsdkExample-fihmfcmcdadiqyacsuppipgwcqpk/Build/Intermediates.noindex/Pods.build/Debug-iphonesimulator/glog.build/Objects-normal/arm64/82b82416624d2658e5098eb0a28c15c5-common-args.resp
    
    /Applications/Xcode.app/Contents/Developer/Toolchains/XcodeDefault.xctoolchain/usr/bin/clang -x c++ -ivfsstatcache /Users/amrsaied/DerivedData/SDKStatCaches.noindex/iphonesimulator26.2-23C53-7d00a8b37fbd7999ea79df8ebc024bf0.sdkstatcache -fmessage-length\=0 -fdiagnostics-show-note-include-stack -fmacro-backtrace-limit\=0 -fno-color-diagnostics -fmodules-prune-interval\=86400 -fmodules-prune-after\=345600 -fbuild-session-file\=/Users/amrsaied/DerivedData/ModuleCache.noindex/Session.modulevalidation -fmodules-validate-once-per-build-session -Wnon-modular-include-in-framework-module -Werror\=non-modular-include-in-framework-module -Wno-trigraphs -Wno-missing-field-initializers -Wno-missing-prototypes -Werror\=return-type -Wdocumentation -Wunreachable-code -Werror\=deprecated-objc-isa-usage -Werror\=objc-root-class -Wno-non-virtual-dtor -Wno-overloaded-virtual -Wno-exit-time-destructors -Wno-missing-braces -Wparentheses -Wswitch -Wunused-function -Wno-unused-label -Wno-unused-parameter -Wunused-variable -Wunused-value -Wempty-body -Wuninitialized -Wconditional-uninitialized -Wno-unknown-pragmas -Wno-shadow -Wno-four-char-constants -Wno-conversion -Wconstant-conversion -Wint-conversion -Wbool-conversion -Wenum-conversion -Wno-float-conversion -Wnon-literal-null-conversion -Wobjc-literal-conversion -Wshorten-64-to-32 -Wno-newline-eof -Wno-c++11-extensions -Wno-implicit-fallthrough -fstrict-aliasing -Wdeprecated-declarations -Winvalid-offsetof -Wno-sign-conversion -Winfinite-recursion -Wmove -Wcomma -Wblock-capture-autoreleasing -Wstrict-prototypes -Wrange-loop-analysis -Wno-semicolon-before-method-body -Wunguarded-availability -index-store-path /Users/amrsaied/DerivedData/PaymentsdkExample-fihmfcmcdadiqyacsuppipgwcqpk/Index.noindex/DataStore @/Users/amrsaied/DerivedData/PaymentsdkExample-fihmfcmcdadiqyacsuppipgwcqpk/Build/Intermediates.noindex/Pods.build/Debug-iphonesimulator/glog.build/Objects-normal/arm64/82b82416624d2658e5098eb0a28c15c5-common-args.resp -Wno-shorten-64-to-32 -include /Users/amrsaied/Documents/Flutter/PayTab/github/react-native-paytabs-library/example/ios/Pods/Target\ Support\ Files/glog/glog-prefix.pch -MMD -MT dependencies -MF /Users/amrsaied/DerivedData/PaymentsdkExample-fihmfcmcdadiqyacsuppipgwcqpk/Build/Intermediates.noindex/Pods.build/Debug-iphonesimulator/glog.build/Objects-normal/arm64/demangle.d --serialize-diagnostics /Users/amrsaied/DerivedData/PaymentsdkExample-fihmfcmcdadiqyacsuppipgwcqpk/Build/Intermediates.noindex/Pods.build/Debug-iphonesimulator/glog.build/Objects-normal/arm64/demangle.dia -c /Users/amrsaied/Documents/Flutter/PayTab/github/react-native-paytabs-library/example/ios/Pods/glog/src/demangle.cc -o /Users/amrsaied/DerivedData/PaymentsdkExample-fihmfcmcdadiqyacsuppipgwcqpk/Build/Intermediates.noindex/Pods.build/Debug-iphonesimulator/glog.build/Objects-normal/arm64/demangle.o -index-unit-output-path /Pods.build/Debug-iphonesimulator/glog.build/Objects-normal/arm64/demangle.o

CompileC /Users/amrsaied/DerivedData/PaymentsdkExample-fihmfcmcdadiqyacsuppipgwcqpk/Build/Intermediates.noindex/Pods.build/Debug-iphonesimulator/fmt.build/Objects-normal/arm64/format.o /Users/amrsaied/Documents/Flutter/PayTab/github/react-native-paytabs-library/example/ios/Pods/fmt/src/format.cc normal arm64 c++ com.apple.compilers.llvm.clang.1_0.compiler (in target 'fmt' from project 'Pods')
    cd /Users/amrsaied/Documents/Flutter/PayTab/github/react-native-paytabs-library/example/ios/Pods
    
    Using response file: /Users/amrsaied/DerivedData/PaymentsdkExample-fihmfcmcdadiqyacsuppipgwcqpk/Build/Intermediates.noindex/Pods.build/Debug-iphonesimulator/fmt.build/Objects-normal/arm64/82b82416624d2658e5098eb0a28c15c5-common-args.resp
    
    /Applications/Xcode.app/Contents/Developer/Toolchains/XcodeDefault.xctoolchain/usr/bin/clang -x c++ -ivfsstatcache /Users/amrsaied/DerivedData/SDKStatCaches.noindex/iphonesimulator26.2-23C53-7d00a8b37fbd7999ea79df8ebc024bf0.sdkstatcache -fmessage-length\=0 -fdiagnostics-show-note-include-stack -fmacro-backtrace-limit\=0 -fno-color-diagnostics -fmodules-prune-interval\=86400 -fmodules-prune-after\=345600 -fbuild-session-file\=/Users/amrsaied/DerivedData/ModuleCache.noindex/Session.modulevalidation -fmodules-validate-once-per-build-session -Wnon-modular-include-in-framework-module -Werror\=non-modular-include-in-framework-module -Wno-trigraphs -Wno-missing-field-initializers -Wno-missing-prototypes -Werror\=return-type -Wdocumentation -Wunreachable-code -Werror\=deprecated-objc-isa-usage -Werror\=objc-root-class -Wno-non-virtual-dtor -Wno-overloaded-virtual -Wno-exit-time-destructors -Wno-missing-braces -Wparentheses -Wswitch -Wunused-function -Wno-unused-label -Wno-unused-parameter -Wunused-variable -Wunused-value -Wempty-body -Wuninitialized -Wconditional-uninitialized -Wno-unknown-pragmas -w -Wno-shadow -Wno-four-char-constants -Wno-conversion -Wconstant-conversion -Wint-conversion -Wbool-conversion -Wenum-conversion -Wno-float-conversion -Wnon-literal-null-conversion -Wobjc-literal-conversion -Wshorten-64-to-32 -Wno-newline-eof -Wno-c++11-extensions -Wno-implicit-fallthrough -fstrict-aliasing -Wdeprecated-declarations -Winvalid-offsetof -Wno-sign-conversion -Winfinite-recursion -Wmove -Wcomma -Wblock-capture-autoreleasing -Wstrict-prototypes -Wrange-loop-analysis -Wno-semicolon-before-method-body -Wunguarded-availability -index-store-path /Users/amrsaied/DerivedData/PaymentsdkExample-fihmfcmcdadiqyacsuppipgwcqpk/Index.noindex/DataStore @/Users/amrsaied/DerivedData/PaymentsdkExample-fihmfcmcdadiqyacsuppipgwcqpk/Build/Intermediates.noindex/Pods.build/Debug-iphonesimulator/fmt.build/Objects-normal/arm64/82b82416624d2658e5098eb0a28c15c5-common-args.resp -include /Users/amrsaied/Documents/Flutter/PayTab/github/react-native-paytabs-library/example/ios/Pods/Target\ Support\ Files/fmt/fmt-prefix.pch -MMD -MT dependencies -MF /Users/amrsaied/DerivedData/PaymentsdkExample-fihmfcmcdadiqyacsuppipgwcqpk/Build/Intermediates.noindex/Pods.build/Debug-iphonesimulator/fmt.build/Objects-normal/arm64/format.d --serialize-diagnostics /Users/amrsaied/DerivedData/PaymentsdkExample-fihmfcmcdadiqyacsuppipgwcqpk/Build/Intermediates.noindex/Pods.build/Debug-iphonesimulator/fmt.build/Objects-normal/arm64/format.dia -c /Users/amrsaied/Documents/Flutter/PayTab/github/react-native-paytabs-library/example/ios/Pods/fmt/src/format.cc -o /Users/amrsaied/DerivedData/PaymentsdkExample-fihmfcmcdadiqyacsuppipgwcqpk/Build/Intermediates.noindex/Pods.build/Debug-iphonesimulator/fmt.build/Objects-normal/arm64/format.o -index-unit-output-path /Pods.build/Debug-iphonesimulator/fmt.build/Objects-normal/arm64/format.o

CompileC /Users/amrsaied/DerivedData/PaymentsdkExample-fihmfcmcdadiqyacsuppipgwcqpk/Build/Intermediates.noindex/Pods.build/Debug-iphonesimulator/Yoga.build/Objects-normal/arm64/log-852191afc52108e4c2087bda3e051198.o /Users/amrsaied/Documents/Flutter/PayTab/github/react-native-paytabs-library/example/node_modules/react-native/ReactCommon/yoga/yoga/log.cpp normal arm64 c++ com.apple.compilers.llvm.clang.1_0.compiler (in target 'Yoga' from project 'Pods')
    cd /Users/amrsaied/Documents/Flutter/PayTab/github/react-native-paytabs-library/example/ios/Pods
    
    Using response file: /Users/amrsaied/DerivedData/PaymentsdkExample-fihmfcmcdadiqyacsuppipgwcqpk/Build/Intermediates.noindex/Pods.build/Debug-iphonesimulator/Yoga.build/Objects-normal/arm64/82b82416624d2658e5098eb0a28c15c5-common-args.resp
    
    /Applications/Xcode.app/Contents/Developer/Toolchains/XcodeDefault.xctoolchain/usr/bin/clang -x c++ -ivfsstatcache /Users/amrsaied/DerivedData/SDKStatCaches.noindex/iphonesimulator26.2-23C53-7d00a8b37fbd7999ea79df8ebc024bf0.sdkstatcache -fmessage-length\=0 -fdiagnostics-show-note-include-stack -fmacro-backtrace-limit\=0 -fno-color-diagnostics -fmodules-prune-interval\=86400 -fmodules-prune-after\=345600 -fbuild-session-file\=/Users/amrsaied/DerivedData/ModuleCache.noindex/Session.modulevalidation -fmodules-validate-once-per-build-session -Wnon-modular-include-in-framework-module -Werror\=non-modular-include-in-framework-module -Wno-trigraphs -Wno-missing-field-initializers -Wno-missing-prototypes -Werror\=return-type -Wdocumentation -Wunreachable-code -Werror\=deprecated-objc-isa-usage -Werror\=objc-root-class -Wno-non-virtual-dtor -Wno-overloaded-virtual -Wno-exit-time-destructors -Wno-missing-braces -Wparentheses -Wswitch -Wunused-function -Wno-unused-label -Wno-unused-parameter -Wunused-variable -Wunused-value -Wempty-body -Wuninitialized -Wconditional-uninitialized -Wno-unknown-pragmas -Wno-shadow -Wno-four-char-constants -Wno-conversion -Wconstant-conversion -Wint-conversion -Wbool-conversion -Wenum-conversion -Wno-float-conversion -Wnon-literal-null-conversion -Wobjc-literal-conversion -Wshorten-64-to-32 -Wno-newline-eof -Wno-c++11-extensions -Wno-implicit-fallthrough -fstrict-aliasing -Wdeprecated-declarations -Winvalid-offsetof -Wno-sign-conversion -Winfinite-recursion -Wmove -Wcomma -Wblock-capture-autoreleasing -Wstrict-prototypes -Wrange-loop-analysis -Wno-semicolon-before-method-body -Wunguarded-availability -index-store-path /Users/amrsaied/DerivedData/PaymentsdkExample-fihmfcmcdadiqyacsuppipgwcqpk/Index.noindex/DataStore @/Users/amrsaied/DerivedData/PaymentsdkExample-fihmfcmcdadiqyacsuppipgwcqpk/Build/Intermediates.noindex/Pods.build/Debug-iphonesimulator/Yoga.build/Objects-normal/arm64/82b82416624d2658e5098eb0a28c15c5-common-args.resp -fno-omit-frame-pointer -fexceptions -Wall -Werror -std\=c++20 -fPIC -fno-objc-arc -include /Users/amrsaied/Documents/Flutter/PayTab/github/react-native-paytabs-library/example/ios/Pods/Target\ Support\ Files/Yoga/Yoga-prefix.pch -MMD -MT dependencies -MF /Users/amrsaied/DerivedData/PaymentsdkExample-fihmfcmcdadiqyacsuppipgwcqpk/Build/Intermediates.noindex/Pods.build/Debug-iphonesimulator/Yoga.build/Objects-normal/arm64/log-852191afc52108e4c2087bda3e051198.d --serialize-diagnostics /Users/amrsaied/DerivedData/PaymentsdkExample-fihmfcmcdadiqyacsuppipgwcqpk/Build/Intermediates.noindex/Pods.build/Debug-iphonesimulator/Yoga.build/Objects-normal/arm64/log-852191afc52108e4c2087bda3e051198.dia -c /Users/amrsaied/Documents/Flutter/PayTab/github/react-native-paytabs-library/example/node_modules/react-native/ReactCommon/yoga/yoga/log.cpp -o /Users/amrsaied/DerivedData/PaymentsdkExample-fihmfcmcdadiqyacsuppipgwcqpk/Build/Intermediates.noindex/Pods.build/Debug-iphonesimulator/Yoga.build/Objects-normal/arm64/log-852191afc52108e4c2087bda3e051198.o -index-unit-output-path /Pods.build/Debug-iphonesimulator/Yoga.build/Objects-normal/arm64/log-852191afc52108e4c2087bda3e051198.o
/Users/amrsaied/Documents/Flutter/PayTab/github/react-native-paytabs-library/example/node_modules/react-native/ReactCommon/yoga/yoga/log.cpp:27:13: error: cannot initialize a variable of type 'YGConfig *' with an rvalue of type 'const YGConfig *'
   27 |   YGConfig* logConfig = config != nullptr ? config : YGConfigGetDefault();
      |             ^           ~~~~~~~~~~~~~~~~~~~~~~~~~~~~~~~~~~~~~~~~~~~~~~~~~
/Users/amrsaied/Documents/Flutter/PayTab/github/react-native-paytabs-library/example/node_modules/react-native/ReactCommon/yoga/yoga/log.cpp:28:12: error: member access into incomplete type 'YGConfig'
   28 |   logConfig->log(logConfig, node, level, context, format, args);
      |            ^
In file included from /Users/amrsaied/Documents/Flutter/PayTab/github/react-native-paytabs-library/example/node_modules/react-native/ReactCommon/yoga/yoga/log.cpp:8:
/Users/amrsaied/Documents/Flutter/PayTab/github/react-native-paytabs-library/example/node_modules/react-native/ReactCommon/yoga/yoga/log.h:15:8: note: forward declaration of 'YGConfig'
   15 | struct YGConfig;
      |        ^
/Users/amrsaied/Documents/Flutter/PayTab/github/react-native-paytabs-library/example/node_modules/react-native/ReactCommon/yoga/yoga/log.cpp:32:1: error: unknown type name 'YOGA_EXPORT'
   32 | YOGA_EXPORT void Log::log(
      | ^
/Users/amrsaied/Documents/Flutter/PayTab/github/react-native-paytabs-library/example/node_modules/react-native/ReactCommon/yoga/yoga/log.cpp:41:39: error: member access into incomplete type 'YGNode'
   41 |       node == nullptr ? nullptr : node->getConfig(),
      |                                       ^
In file included from /Users/amrsaied/Documents/Flutter/PayTab/github/react-native-paytabs-library/example/node_modules/react-native/ReactCommon/yoga/yoga/log.cpp:8:
/Users/amrsaied/Documents/Flutter/PayTab/github/react-native-paytabs-library/example/node_modules/react-native/ReactCommon/yoga/yoga/log.h:14:8: note: forward declaration of 'YGNode'
   14 | struct YGNode;
      |        ^
4 errors generated.

CompileC /Users/amrsaied/DerivedData/PaymentsdkExample-fihmfcmcdadiqyacsuppipgwcqpk/Build/Intermediates.noindex/Pods.build/Debug-iphonesimulator/Yoga.build/Objects-normal/arm64/experiments.o /Users/amrsaied/Documents/Flutter/PayTab/github/react-native-paytabs-library/example/node_modules/react-native/ReactCommon/yoga/yoga/internal/experiments.cpp normal arm64 c++ com.apple.compilers.llvm.clang.1_0.compiler (in target 'Yoga' from project 'Pods')
    cd /Users/amrsaied/Documents/Flutter/PayTab/github/react-native-paytabs-library/example/ios/Pods
    
    Using response file: /Users/amrsaied/DerivedData/PaymentsdkExample-fihmfcmcdadiqyacsuppipgwcqpk/Build/Intermediates.noindex/Pods.build/Debug-iphonesimulator/Yoga.build/Objects-normal/arm64/82b82416624d2658e5098eb0a28c15c5-common-args.resp
    
    /Applications/Xcode.app/Contents/Developer/Toolchains/XcodeDefault.xctoolchain/usr/bin/clang -x c++ -ivfsstatcache /Users/amrsaied/DerivedData/SDKStatCaches.noindex/iphonesimulator26.2-23C53-7d00a8b37fbd7999ea79df8ebc024bf0.sdkstatcache -fmessage-length\=0 -fdiagnostics-show-note-include-stack -fmacro-backtrace-limit\=0 -fno-color-diagnostics -fmodules-prune-interval\=86400 -fmodules-prune-after\=345600 -fbuild-session-file\=/Users/amrsaied/DerivedData/ModuleCache.noindex/Session.modulevalidation -fmodules-validate-once-per-build-session -Wnon-modular-include-in-framework-module -Werror\=non-modular-include-in-framework-module -Wno-trigraphs -Wno-missing-field-initializers -Wno-missing-prototypes -Werror\=return-type -Wdocumentation -Wunreachable-code -Werror\=deprecated-objc-isa-usage -Werror\=objc-root-class -Wno-non-virtual-dtor -Wno-overloaded-virtual -Wno-exit-time-destructors -Wno-missing-braces -Wparentheses -Wswitch -Wunused-function -Wno-unused-label -Wno-unused-parameter -Wunused-variable -Wunused-value -Wempty-body -Wuninitialized -Wconditional-uninitialized -Wno-unknown-pragmas -Wno-shadow -Wno-four-char-constants -Wno-conversion -Wconstant-conversion -Wint-conversion -Wbool-conversion -Wenum-conversion -Wno-float-conversion -Wnon-literal-null-conversion -Wobjc-literal-conversion -Wshorten-64-to-32 -Wno-newline-eof -Wno-c++11-extensions -Wno-implicit-fallthrough -fstrict-aliasing -Wdeprecated-declarations -Winvalid-offsetof -Wno-sign-conversion -Winfinite-recursion -Wmove -Wcomma -Wblock-capture-autoreleasing -Wstrict-prototypes -Wrange-loop-analysis -Wno-semicolon-before-method-body -Wunguarded-availability -index-store-path /Users/amrsaied/DerivedData/PaymentsdkExample-fihmfcmcdadiqyacsuppipgwcqpk/Index.noindex/DataStore @/Users/amrsaied/DerivedData/PaymentsdkExample-fihmfcmcdadiqyacsuppipgwcqpk/Build/Intermediates.noindex/Pods.build/Debug-iphonesimulator/Yoga.build/Objects-normal/arm64/82b82416624d2658e5098eb0a28c15c5-common-args.resp -fno-omit-frame-pointer -fexceptions -Wall -Werror -std\=c++20 -fPIC -fno-objc-arc -include /Users/amrsaied/Documents/Flutter/PayTab/github/react-native-paytabs-library/example/ios/Pods/Target\ Support\ Files/Yoga/Yoga-prefix.pch -MMD -MT dependencies -MF /Users/amrsaied/DerivedData/PaymentsdkExample-fihmfcmcdadiqyacsuppipgwcqpk/Build/Intermediates.noindex/Pods.build/Debug-iphonesimulator/Yoga.build/Objects-normal/arm64/experiments.d --serialize-diagnostics /Users/amrsaied/DerivedData/PaymentsdkExample-fihmfcmcdadiqyacsuppipgwcqpk/Build/Intermediates.noindex/Pods.build/Debug-iphonesimulator/Yoga.build/Objects-normal/arm64/experiments.dia -c /Users/amrsaied/Documents/Flutter/PayTab/github/react-native-paytabs-library/example/node_modules/react-native/ReactCommon/yoga/yoga/internal/experiments.cpp -o /Users/amrsaied/DerivedData/PaymentsdkExample-fihmfcmcdadiqyacsuppipgwcqpk/Build/Intermediates.noindex/Pods.build/Debug-iphonesimulator/Yoga.build/Objects-normal/arm64/experiments.o -index-unit-output-path /Pods.build/Debug-iphonesimulator/Yoga.build/Objects-normal/arm64/experiments.o

note: Run script build phase '[CP-User] [RN]Check rncore' will be run during every build because the option to run the script phase "Based on dependency analysis" is unchecked. (in target 'React-FabricComponents' from project 'Pods')
note: Run script build phase '[CP-User] [RN]Check FBReactNativeSpec' will be run during every build because the option to run the script phase "Based on dependency analysis" is unchecked. (in target 'React-RCTFBReactNativeSpec' from project 'Pods')
note: Run script build phase '[CP-User] [RN]Check rncore' will be run during every build because the option to run the script phase "Based on dependency analysis" is unchecked. (in target 'React-Fabric' from project 'Pods')
warning: Run script build phase 'Start Packager' will be run during every build because it does not specify any outputs. To address this issue, either add output dependencies to the script phase, or configure it to run in every build by unchecking "Based on dependency analysis" in the script phase. (in target 'PaymentsdkExample' from project 'PaymentsdkExample')
note: Removed stale file '/Users/amrsaied/DerivedData/PaymentsdkExample-fihmfcmcdadiqyacsuppipgwcqpk/Build/Intermediates.noindex/Pods.build/Debug-iphonesimulator/ReactCommon.build/Objects-normal/arm64/af3fcb34312c57c0f52879cdce924b91-common-args.resp'

note: Removed stale file '/Users/amrsaied/DerivedData/PaymentsdkExample-fihmfcmcdadiqyacsuppipgwcqpk/Build/Intermediates.noindex/Pods.build/Debug-iphonesimulator/hermes-engine.build/InputFileList-46EB2E0000EBD0-hermes-engine-xcframeworks-input-files-bdee3ab636849e43ae73936d86599835-resolved.xcfilelist'

note: Removed stale file '/Users/amrsaied/DerivedData/PaymentsdkExample-fihmfcmcdadiqyacsuppipgwcqpk/Build/Intermediates.noindex/Pods.build/Debug-iphonesimulator/hermes-engine.build/OutputFileList-46EB2E0000EBD0-hermes-engine-xcframeworks-output-files-edc9ad01c87f3f20bc0cbd8eaea4cdfc-resolved.xcfilelist'

note: Removed stale file '/Users/amrsaied/DerivedData/PaymentsdkExample-fihmfcmcdadiqyacsuppipgwcqpk/Build/Intermediates.noindex/Pods.build/Debug-iphonesimulator/hermes-engine.build/Script-46EB2E0000EBD0.sh'

note: Removed stale file '/Users/amrsaied/DerivedData/PaymentsdkExample-fihmfcmcdadiqyacsuppipgwcqpk/Build/Products/Debug-iphonesimulator/XCFrameworkIntermediates/hermes-engine/hermes.framework'

warning: Run script build phase '[CP-User] [Hermes] Replace Hermes for the right configuration, if needed' will be run during every build because it does not specify any outputs. To address this issue, either add output dependencies to the script phase, or configure it to run in every build by unchecking "Based on dependency analysis" in the script phase. (in target 'hermes-engine' from project 'Pods')
** BUILD FAILED **


The following build commands failed:
	CompileC /Users/amrsaied/DerivedData/PaymentsdkExample-fihmfcmcdadiqyacsuppipgwcqpk/Build/Intermediates.noindex/Pods.build/Debug-iphonesimulator/Yoga.build/Objects-normal/arm64/log-852191afc52108e4c2087bda3e051198.o /Users/amrsaied/Documents/Flutter/PayTab/github/react-native-paytabs-library/example/node_modules/react-native/ReactCommon/yoga/yoga/log.cpp normal arm64 c++ com.apple.compilers.llvm.clang.1_0.compiler (in target 'Yoga' from project 'Pods')
	Building workspace PaymentsdkExample with scheme PaymentsdkExample and configuration Debug
(2 failures)
